"imgDireccion","Moneda","nuevoPrecio","precioAnterior","precioDiscount","vehiculoAno","vehiculoKilometraje","anticipo","transmision","articuloTitulo","installments","promociones","cantidadVendida","envioGratis","enStock","Vendedor","esTiendaOficial","SKU","idPublicacion","idProductoCatalogo","idProductoUsuario","idVariacion","tipoResultado","esPrecioPorCantidad","esCompraInternacional","palabraClave","produtoReviews","numeroEvaluaciones","itemPosition","resultadosTotales","zProductoLink","Envio","highlight","disponibleEn","envioDesde","productoMarca","produtoCategoryID","produtoDomainID","sellerID","vertical","verticalID","ubicacion","Tiempo","promocionado"
"https://http2.mlstatic.com/D_NQ_NP_638215-MLU77949610809_072024-O.webp","ARS","44995","50499","10% OFF",,,,,"Libro Proyecto Hail Mary - Andy Weir","","","1000","true","true","LIBRENTA Tienda oficial","true","MLA21270896","MLA1449818224","MLA21270896","MLAU209440016","MLA21270896","ORGANIC","false","false","libros de terror","4.9","179","1","+9.999 resultados","https://articulo.mercadolibre.com.ar/MLA-1449818224","Llega gratis mañana Enviado por FULL","","","","","MLA412445","MLA-BOOKS","","CORE","CORE","","2026-09-26T20:35:20.367Z",
"https://http2.mlstatic.com/D_NQ_NP_855719-MLA99992004823_112025-O.webp","ARS","130500","145000","10% OFF",,,,,"Cuentos completos, de H.P. Lovecraft. Editorial Del Fondo, tapa blanda en español, 2019","Mismo precio 6 cuotas de 21750","","1000","true","true","DEL FONDO Tienda oficial","true","MLA19820665","MLA2058873936","MLA19820665","MLAU287430761","MLA19820665","ORGANIC","false","false","libros de terror","4.8","447","2","+9.999 resultados","https://articulo.mercadolibre.com.ar/MLA-2058873936","Llega gratis mañana Enviado por FULL","ÚLTIMAS 3 | ÚLTIMAS UNIDADES","","","","MLA412445","MLA-BOOKS","","CORE","CORE","","2026-09-26T20:35:20.457Z",
"https://http2.mlstatic.com/D_NQ_NP_956282-MLA99499868338_112025-O.webp","ARS","23909","","",,,,,"Drácula (piel De Clásicos), De Bram Stoker. Editorial Edimat, Tapa Dura En Español, 2022","","","100","false","true","LIBRENTA Tienda oficial","true","MLA23926535","MLA1918203954","MLA23926535","MLAU1176726165","MLA23926535","ORGANIC","false","false","libros de terror","4.9","102","3","+9.999 resultados","https://articulo.mercadolibre.com.ar/MLA-1918203954","Llega mañana Enviado por FULL","","","","","MLA412445","MLA-BOOKS","","CORE","CORE","","2026-09-26T20:35:20.457Z",
"https://http2.mlstatic.com/D_NQ_NP_809761-MLA49202754748_022022-O.webp","ARS","32850","36500","10% OFF",,,,,"Libro El Resplandor","","","500","false","true","Zivals Tienda oficial","true","MLA21161906","MLA1792672076","MLA21161906","MLAU380944356","MLA21161906","ORGANIC","false","false","libros de terror","4.9","160","4","+9.999 resultados","https://articulo.mercadolibre.com.ar/MLA-1792672076","Llega mañana Enviado por FULL","OFERTA IMPERDIBLE","","","","MLA412445","MLA-BOOKS","","CORE","CORE","","2026-09-26T20:35:20.457Z",
"https://http2.mlstatic.com/D_NQ_NP_723982-MLC47058403761_082021-O.webp","ARS","25799","","",,,,,"Stephen King Mr. Mercedes","","","100","false","true","MASLIBROS Tienda oficial","true","MLA21523918","MLA2009104532","MLA21523918","MLAU3003727736","MLA21523918","ORGANIC","false","false","libros de terror","4.7","67","5","+9.999 resultados","https://articulo.mercadolibre.com.ar/MLA-2009104532","Llega mañana Enviado por FULL","¡ÚLTIMA! | ÚLTIMA UNIDAD","","","","MLA412445","MLA-BOOKS","","CORE","CORE","","2026-09-26T20:35:20.457Z",
"https://http2.mlstatic.com/D_NQ_NP_869155-MLA49084861988_022022-O.webp","ARS","24613","","",,,,,"Libro Guerra Mundial Z - Brooks, Max","","","100","false","true","LIBRENTA Tienda oficial","true","MLA22008558","MLA1894804498","MLA22008558","MLAU408774992","MLA22008558","ORGANIC","false","false","libros de terror","4.9","42","6","+9.999 resultados","https://articulo.mercadolibre.com.ar/MLA-1894804498","Llega mañana Enviado por FULL","","","","","MLA412445","MLA-BOOKS","","CORE","CORE","","2026-09-26T20:35:20.457Z",
"https://http2.mlstatic.com/D_NQ_NP_735668-MLU75037797633_032024-O.webp","ARS","21999","","",,,,,"Socorro 12 Cuentos Para Caerse De Miedo: 12 cuentos para caerse de miedo, de Bornemann, Elsa. Editorial SANTILLANA, tapa blanda en español, 2000","","","1000","true","true","","false","MLA22090889","MLA3845693930","MLA22090889","MLAU4879520757","MLA22090889","ORGANIC","false","false","libros de terror","4.9","419","7","+9.999 resultados","https://articulo.mercadolibre.com.ar/MLA-3845693930","Llega gratis el lunes","","","","","MLA412445","MLA-BOOKS","","CORE","CORE","","2026-09-26T20:35:20.457Z",
"https://http2.mlstatic.com/D_NQ_NP_629726-MCO49274782179_032022-O.webp","ARS","26329","","",,,,,"Libro El Psicoanalista John Katzenbach tapa blanda","","","100","false","true","LIBRENTA Tienda oficial","true","MLA22100500","MLA1437209649","MLA22100500","MLAU398644782","MLA22100500","ORGANIC","false","false","libros de terror","4.9","96","8","+9.999 resultados","https://articulo.mercadolibre.com.ar/MLA-1437209649","Llega mañana Enviado por FULL","","","","","MLA412445","MLA-BOOKS","","CORE","CORE","","2026-09-26T20:35:20.457Z",
"https://http2.mlstatic.com/D_NQ_NP_694467-MLA47747070875_102021-O.webp","ARS","23794","","",,,,,"Brillo De Las Luciernagas,el / Pen,paul","","","500","false","true","LIBRENTA Tienda oficial","true","MLA21375583","MLA1440112061","MLA21375583","MLAU408774046","MLA21375583","ORGANIC","false","false","libros de terror","4.8","141","9","+9.999 resultados","https://articulo.mercadolibre.com.ar/MLA-1440112061","Llega mañana Enviado por FULL","ÚLTIMAS 5 | ÚLTIMAS UNIDADES","","","","MLA412445","MLA-BOOKS","","CORE","CORE","","2026-09-26T20:35:20.458Z",
"https://http2.mlstatic.com/D_NQ_NP_777638-MLA116418298896_092026-O.webp","ARS","41900","","",,,,,"Lo Que Nos Siguió A Casa: Cuentos De Terror Latino","","",,"true",,"Deser Libros Tienda oficial","true","MLA2106888607","MLA2106888607","","MLAU5213658291","MLAU5213658291","ORGANIC","false","false","libros de terror","","","10","+9.999 resultados","https://articulo.mercadolibre.com.ar/MLA-2106888607","Llega gratis el lunes","","","","","MLA412445","MLA-BOOKS","","CORE","CORE","","2026-09-26T20:35:20.458Z",
"https://http2.mlstatic.com/D_NQ_NP_777301-MLA48404417264_122021-O.webp","ARS","82990","","",,,,,"Las Cronicas De Dune - Frank Herbert - Debolsillo - 3 Libros","6 cuotas de 18671","","1000","true","true","TIENDALAVOZ Tienda oficial","true","MLA19921918","MLA1432748622","MLA19921918","MLAU219842322","MLA19921918","ORGANIC","false","false","libros de terror","4.9","308","11","+9.999 resultados","https://articulo.mercadolibre.com.ar/MLA-1432748622","Llega gratis mañana Enviado por FULL","","","","","MLA412445","MLA-BOOKS","","CORE","CORE","","2026-09-26T20:35:20.458Z",
"https://http2.mlstatic.com/D_NQ_NP_634446-MLA117330239833_092026-O.webp","ARS","44750","","",,,,,"La Feria De Las Tinieblas Ray Bradbury Editorial Minotauro","","",,"true",,"","false","MLA2070474677","MLA2070474677","","MLAU5103487247","MLAU5103487247","ORGANIC","false","false","libros de terror","","","12","+9.999 resultados","https://articulo.mercadolibre.com.ar/MLA-2070474677","Envío gratis","","","","","MLA412445","MLA-BOOKS","","CORE","CORE","","2026-09-26T20:35:20.458Z",
"https://http2.mlstatic.com/D_NQ_NP_622204-MLU75984675678_052024-O.webp","ARS","30330","33700","10% OFF",,,,,"Juegos Del Hambre 02, Los: En Llamas, De Suzanne Collins. Editorial B De Bolsillo En Español","","","100","false","true","Zivals Tienda oficial","true","MLA24678550","MLA1792684834","MLA24678550","MLAU380943422","MLA24678550","ORGANIC","false","false","libros de terror","4.7","49","13","+9.999 resultados","https://articulo.mercadolibre.com.ar/MLA-1792684834","Llega mañana Enviado por FULL","","","","","MLA412445","MLA-BOOKS","","CORE","CORE","","2026-09-26T20:35:20.458Z",
"https://http2.mlstatic.com/D_NQ_NP_958764-MLA99935484785_112025-O.webp","ARS","30934","33600","7% OFF",,,,,"El Exorcista, De Blatty, William Peter. Editorial B De Bolsillo, Tapa Blanda En Español","","","100","false","true","Zivals Tienda oficial","true","MLA26050668","MLA1792697842","MLA26050668","MLAU380943426","MLA26050668","ORGANIC","false","false","libros de terror","4.9","66","14","+9.999 resultados","https://articulo.mercadolibre.com.ar/MLA-1792697842","Llega mañana Enviado por FULL","ÚLTIMAS 2 | ÚLTIMAS UNIDADES","","","","MLA412445","MLA-BOOKS","","CORE","CORE","","2026-09-26T20:35:20.458Z",
"https://http2.mlstatic.com/D_NQ_NP_984710-MLU72590151653_102023-O.webp","ARS","17900","","",,,,,"Mariana Enriquez Los peligros de fumar en la cama Editorial Anagrama Tapa Blanda","","","5000","false","true","","false","MLA19864989","MLA3018505144","MLA19864989","MLAU3824374889","MLA19864989","ORGANIC","false","false","libros de terror","4.9","488","15","+9.999 resultados","https://articulo.mercadolibre.com.ar/MLA-3018505144","Llega el lunes","","","","","MLA412445","MLA-BOOKS","","CORE","CORE","","2026-09-26T20:35:20.458Z",
"https://http2.mlstatic.com/D_NQ_NP_818701-MLU77607576712_072024-O.webp","ARS","29400","","",,,,,"Juego De Tronos ( Canción De Hielo Y Fuego 1 ), De R.r. Martin, George. Editorial Debolsillo, Tapa Blanda En Español, 2016","","","1000","true","true","Deser Libros Tienda oficial","true","MLA38489862","MLA2128514207","MLA38489862","MLAU3241033492","MLA38489862","ORGANIC","false","false","libros de terror","4.8","","16","+9.999 resultados","https://articulo.mercadolibre.com.ar/MLA-2128514207","Llega gratis el lunes","","","","","MLA412445","MLA-BOOKS","","CORE","CORE","","2026-09-26T20:35:20.458Z",
"https://http2.mlstatic.com/D_NQ_NP_832608-MLU72591477613_102023-O.webp","ARS","38000","","",,,,,"Nuestra Parte De Noche: Premio Herralde De Novela","","","5000","true","true","","false","MLA22033528","MLA3823917996","MLA22033528","MLAU4856717522","MLA22033528","ORGANIC","false","false","libros de terror","4.9","1093","17","+9.999 resultados","https://articulo.mercadolibre.com.ar/MLA-3823917996","Llega gratis el lunes","ÚLTIMAS 3 | ÚLTIMAS UNIDADES","","","","MLA412445","MLA-BOOKS","","CORE","CORE","","2026-09-26T20:35:20.459Z",
"https://http2.mlstatic.com/D_NQ_NP_882248-MLC46994722976_082021-O.webp","ARS","31959","","",,,,,"Cujo, de Stephen King. Editorial DEBOLS!LLO en español, 1","","","50","false","true","MASLIBROS Tienda oficial","true","MLA20745223","MLA1595671421","MLA20745223","MLAU3633294029","MLA20745223","ORGANIC","false","false","libros de terror","4.5","15","18","+9.999 resultados","https://articulo.mercadolibre.com.ar/MLA-1595671421","Llega mañana Enviado por FULL","¡ÚLTIMA! | ÚLTIMA UNIDAD","","","","MLA412445","MLA-BOOKS","","CORE","CORE","","2026-09-26T20:35:20.459Z",
"https://http2.mlstatic.com/D_NQ_NP_880284-MLA49274891958_032022-O.webp","ARS","26974","","",,,,,"Libro El Misterio De Salem's Lot","","","100","false","true","LIBRENTA Tienda oficial","true","MLA22116471","MLA1437773453","MLA22116471","MLAU398639002","MLA22116471","ORGANIC","false","false","libros de terror","4.8","95","19","+9.999 resultados","https://articulo.mercadolibre.com.ar/MLA-1437773453","Llega mañana Enviado por FULL","","","","","MLA412445","MLA-BOOKS","","CORE","CORE","","2026-09-26T20:35:20.459Z",
"https://http2.mlstatic.com/D_NQ_NP_798269-MLU70103899263_062023-O.webp","ARS","60695","63890","5% OFF",,,,,"It (eso). Tú También Flotarás, De Stephen King. Editorial Hipertexto Sas., Tapa Dura, Edición 2017 En Español","6 cuotas de 13655","","100","true","true","","false","MLA24114098","MLA3277236288","MLA24114098","MLAU356309075","MLA24114098","ORGANIC","false","false","libros de terror","4.8","","20","+9.999 resultados","https://articulo.mercadolibre.com.ar/MLA-3277236288","Llega gratis el lunes","","","","","MLA412445","MLA-BOOKS","","CORE","CORE","","2026-09-26T20:35:20.459Z",
"https://http2.mlstatic.com/D_NQ_NP_949580-MLA50667642465_072022-O.webp","ARS","27158","","",,,,,"Libro: Cementerio De Animales. King, Stephen. Debolsillo","","","100","false","true","LIBRENTA Tienda oficial","true","MLA22133072","MLA1856697970","MLA22133072","MLAU407038567","MLA22133072","ORGANIC","false","false","libros de terror","4.9","82","21","+9.999 resultados","https://articulo.mercadolibre.com.ar/MLA-1856697970","Llega mañana Enviado por FULL","","","","","MLA412445","MLA-BOOKS","","CORE","CORE","","2026-09-26T20:35:20.459Z",
"https://http2.mlstatic.com/D_NQ_NP_704345-MLA118073747427_092026-O.webp","ARS","66442","","",,,,,"Pack Clasicos De Terror 6 Libros","6 cuotas de 14948","",,"true",,"","false","MLA2116983547","MLA2116983547","","MLAU5241400203","MLAU5241400203","ORGANIC","false","false","libros de terror","","","22","+9.999 resultados","https://articulo.mercadolibre.com.ar/MLA-2116983547","Envío gratis","","","","","MLA412445","MLA-BOOKS","","CORE","CORE","","2026-09-26T20:35:20.459Z",
"https://http2.mlstatic.com/D_NQ_NP_866782-MLU75956352516_052024-O.webp","ARS","19800","","",,,,,"Un Lugar Soleado Para Gente Sombria, Enriquez, Mariana, Anagrama","","","1000","false","true","","false","MLA36476747","MLA3601245184","MLA36476747","MLAU4294597841","MLA36476747","ORGANIC","false","false","libros de terror","4.9","","23","+9.999 resultados","https://articulo.mercadolibre.com.ar/MLA-3601245184","Llega el lunes","¡ÚLTIMA! | ÚLTIMA UNIDAD","","","","MLA412445","MLA-BOOKS","","CORE","CORE","","2026-09-26T20:35:20.459Z",
"https://http2.mlstatic.com/D_NQ_NP_694572-MLA118061394457_092026-O.webp","ARS","41900","","",,,,,"Lo Que Nos Siguio A Casa","","",,"true",,"Cúspide Tienda oficial","true","MLA2116091151","MLA2116091151","","MLAU5238567899","MLAU5238567899","ORGANIC","false","false","libros de terror","","","24","+9.999 resultados","https://articulo.mercadolibre.com.ar/MLA-2116091151","Envío gratis","","","","","MLA412445","MLA-BOOKS","","CORE","CORE","","2026-09-26T20:35:20.459Z",
"https://http2.mlstatic.com/D_NQ_NP_762217-MLA116552492268_092026-O.webp","ARS","33900","","",,,,,"Noches Oscuras","","",,"true",,"Cúspide Tienda oficial","true","MLA2116103909","MLA2116103909","","MLAU5276331162","MLAU5276331162","ORGANIC","false","false","libros de terror","","","25","+9.999 resultados","https://articulo.mercadolibre.com.ar/MLA-2116103909","Envío gratis","","","","","MLA412445","MLA-BOOKS","","CORE","CORE","","2026-09-26T20:35:20.459Z",
"https://http2.mlstatic.com/D_NQ_NP_692028-MLM48968520916_012022-O.webp","ARS","22792","","",,,,,"Coraline (En inglés)","","2000 ARS OFF con Cupón","100","true","true","","false","MLA22227324","MLA2048149955","MLA22227324","MLAU5020608194","MLA22227324","ORGANIC","false","false","libros de terror","4.7","","26","+9.999 resultados","https://articulo.mercadolibre.com.ar/MLA-2048149955","Llega gratis hoy","","","","","MLA412445","MLA-BOOKS","","CORE","CORE","","2026-09-26T20:35:20.459Z",
"https://http2.mlstatic.com/D_NQ_NP_774596-MLU52384177167_112022-O.webp","ARS","54815","57700","5% OFF",,,,,"Libro: Cuentos Completos / Edgar Allan Poe","6 cuotas de 12332","","50","true","true","","false","MLA21327418","MLA1441775603","MLA21327418","MLAU446790905","MLA21327418","ORGANIC","false","false","libros de terror","5.0","18","27","+9.999 resultados","https://articulo.mercadolibre.com.ar/MLA-1441775603","Llega gratis mañana Enviado por FULL","ÚLTIMAS 2 | ÚLTIMAS UNIDADES","","","","MLA412445","MLA-BOOKS","","CORE","CORE","","2026-09-26T20:35:20.459Z",
"https://http2.mlstatic.com/D_NQ_NP_998771-MLA53781046610_022023-O.webp","ARS","29159","32399","10% OFF",,,,,"Misery, de Stephen King. Editorial Debols!Llo, tapa blanda en español, 2023","","","500","false","true","NADIR LIBROS Tienda oficial","true","MLA21775828","MLA1382609757","MLA21775828","MLAU252103635","MLA21775828","ORGANIC","false","false","libros de terror","4.8","141","28","+9.999 resultados","https://articulo.mercadolibre.com.ar/MLA-1382609757","","¡ÚLTIMA! | ÚLTIMA UNIDAD","","","","MLA412445","MLA-BOOKS","","CORE","CORE","","2026-09-26T20:35:20.459Z",
"https://http2.mlstatic.com/D_NQ_NP_785639-MLA81005781703_112024-O.webp","ARS","10999","","",,,,,"Chainsaw Man 18 Ivrea Manga","","","100","false","true","MORGAN TOYS Tienda oficial","true","MLA44009451","MLA3590372128","MLA44009451","MLAU4267833483","MLA44009451","ORGANIC","false","false","libros de terror","4.9","51","29","+9.999 resultados","https://articulo.mercadolibre.com.ar/MLA-3590372128","Llega mañana Enviado por FULL","","","","","MLA412445","MLA-BOOKS","","CORE","CORE","","2026-09-26T20:35:20.459Z",
"https://http2.mlstatic.com/D_NQ_NP_834885-MLA83064869432_032025-O.webp","ARS","25149","","",,,,,"Jujutsu Kaisen, Vol. 25, De Gege Akutami. [jujutsu Kaisen] #25, Vol. 25. Editorial Viz Media Llc, Tapa Blanda En Inglés, 2025","","","25","false","true","MASLIBROS Tienda oficial","true","MLA47435116","MLA3194545570","MLA47435116","MLAU3909163638","MLA47435116","ORGANIC","false","false","libros de terror","5.0","12","30","+9.999 resultados","https://articulo.mercadolibre.com.ar/MLA-3194545570","Llega mañana Enviado por FULL","","","","","MLA412445","MLA-BOOKS","","CORE","CORE","","2026-09-26T20:35:20.459Z",
"https://http2.mlstatic.com/D_NQ_NP_959978-MLA117941905087_092026-O.webp","ARS","194000","","",,,,,"Lote X12 Libros Alfred Hitchcock A Sangre Viva Tumba Abierta","6 cuotas de 43646","",,"true",,"","false","MLA3972336014","MLA3972336014","","MLAU5217269517","MLAU5217269517","ORGANIC","false","false","libros de terror","","","31","+9.999 resultados","https://articulo.mercadolibre.com.ar/MLA-3972336014","Envío gratis","","","","","MLA412445","MLA-BOOKS","","CORE","CORE","","2026-09-26T20:35:20.459Z",
"https://http2.mlstatic.com/D_NQ_NP_733600-MLA115362941002_082026-O.webp","ARS","57500","","",,,,,"Fantasmas Joe Hill Editorial Suma 2009","6 cuotas de 12936","",,"true",,"","false","MLA3869616194","MLA3869616194","","MLAU4976902342","MLAU4976902342","ORGANIC","false","false","libros de terror","","","32","+9.999 resultados","https://articulo.mercadolibre.com.ar/MLA-3869616194","Envío gratis","","","","","MLA412445","MLA-BOOKS","","CORE","CORE","","2026-09-26T20:35:20.459Z",
"https://http2.mlstatic.com/D_NQ_NP_606197-MLU76143345882_052024-O.webp","ARS","39074","41131","5% OFF",,,,,"Asesinato Para Principiantes, De Jackson, Holly. Editorial Cross Books, Tapa Blanda En Español, 2024","","","100","true","true","MASLIBROS Tienda oficial","true","MLA36846034","MLA2413097198","MLA36846034","MLAU3454393431","MLA36846034","ORGANIC","false","false","libros de terror","4.9","103","33","+9.999 resultados","https://articulo.mercadolibre.com.ar/MLA-2413097198","Llega gratis mañana Enviado por FULL","ÚLTIMAS 2 | ÚLTIMAS UNIDADES","","","","MLA412445","MLA-BOOKS","","CORE","CORE","","2026-09-26T20:35:20.460Z",
"https://http2.mlstatic.com/D_NQ_NP_754831-MLA118069844409_092026-O.webp","ARS","41900","","",,,,,"Lo Que Nos Siguio A Casa (cuentos De Terror Latino - Pelayo","","",,"true",,"MUNDO LECTURA Tienda oficial","true","MLA2116748905","MLA2116748905","","MLAU5278324270","MLAU5278324270","ORGANIC","false","false","libros de terror","","","34","+9.999 resultados","https://articulo.mercadolibre.com.ar/MLA-2116748905","Envío gratis","","","","","MLA412445","MLA-BOOKS","","CORE","CORE","","2026-09-26T20:35:20.460Z",
"https://http2.mlstatic.com/D_NQ_NP_834166-MLA41353258329_042020-O.webp","ARS","16625","17500","5% OFF",,,,,"Cuentos Policiales Para Chicos Curiosos - Letra Impresa","","","1000","false","true","NADIR LIBROS Tienda oficial","true","MLA19812630","MLA3682068436","MLA19812630","MLAU231849331","MLA19812630","ORGANIC","false","false","libros de terror","4.9","95","35","+9.999 resultados","https://articulo.mercadolibre.com.ar/MLA-3682068436","","¡ÚLTIMA! | ÚLTIMA UNIDAD","","","","MLA412445","MLA-BOOKS","","CORE","CORE","","2026-09-26T20:35:20.460Z",
"https://http2.mlstatic.com/D_NQ_NP_735143-MLA99972084291_112025-O.webp","ARS","27152","","",,,,,"Fin De Guardia, De Stephen King. Editorial Debolsillo, Tapa Blanda En Castellano","Mismo precio 3 cuotas de 9050","","100","false","true","MASLIBROS Tienda oficial","true","MLA23704950","MLA1816518283","MLA23704950","MLAU3108088154","MLA23704950","ORGANIC","false","false","libros de terror","5.0","50","36","+9.999 resultados","https://articulo.mercadolibre.com.ar/MLA-1816518283","Llega mañana Enviado por FULL","ÚLTIMAS 5 | ÚLTIMAS UNIDADES","","","","MLA412445","MLA-BOOKS","","CORE","CORE","","2026-09-26T20:35:20.460Z",
"https://http2.mlstatic.com/D_NQ_NP_852370-MLA99988663363_112025-O.webp","ARS","40500","","",,,,,"LA LLAMADA DEL CTHULHU Y OTROS CUENTOS DE TERROR, de Howard Phillip Lovecraft. Del Fondo Editorial en español, 2021","Mismo precio 3 cuotas de 13500","","100","true","true","DEL FONDO Tienda oficial","true","MLA20932524","MLA1749202422","MLA20932524","MLAU295808715","MLA20932524","ORGANIC","false","false","libros de terror","4.8","62","37","+9.999 resultados","https://articulo.mercadolibre.com.ar/MLA-1749202422","Llega gratis mañana Enviado por FULL","ÚLTIMAS 5 | ÚLTIMAS UNIDADES","","","","MLA412445","MLA-BOOKS","","CORE","CORE","","2026-09-26T20:35:20.460Z",
"https://http2.mlstatic.com/D_NQ_NP_859197-MLA96267412978_102025-O.webp","ARS","16055","16900","5% OFF",,,,,"Terror En La Nieve - Escuelita De Campeones 3, De De Vedia, Fernando. Editorial Catapulta (2025)","","","100","false","true","NADIR LIBROS Tienda oficial","true","MLA61421506","MLA2788530902","MLA61421506","MLAU3507879539","MLA61421506","ORGANIC","false","false","libros de terror","5.0","","38","+9.999 resultados","https://articulo.mercadolibre.com.ar/MLA-2788530902","","¡ÚLTIMA! | ÚLTIMA UNIDAD","","","","MLA412445","MLA-BOOKS","","CORE","CORE","","2026-09-26T20:35:20.460Z",
"https://http2.mlstatic.com/D_NQ_NP_697091-MLA83029861956_032025-O.webp","ARS","17100","18000","5% OFF",,,,,"El Extraño Caso Del Dr Jekyll Y El Sr Hyde 4/ed. - Azulejos Rojo, De Stevenson, Robert Louis. Editorial Estrada, Tapa Blanda En Español","","","100","false","true","NADIR LIBROS Tienda oficial","true","MLA47421440","MLA3694365628","MLA47421440","MLAU3132883964","MLA47421440","ORGANIC","false","false","libros de terror","4.9","13","39","+9.999 resultados","https://articulo.mercadolibre.com.ar/MLA-3694365628","","¡ÚLTIMA! | ÚLTIMA UNIDAD","","","","MLA412445","MLA-BOOKS","","CORE","CORE","","2026-09-26T20:35:20.460Z",
"https://http2.mlstatic.com/D_NQ_NP_629549-MLA112608545847_062026-O.webp","ARS","28000","","",,,,,"Una Breve Estancia En El Infierno - L.peck, Steven","","","25","false","true","LIBRENTA Tienda oficial","true","MLA71170177","MLA3540404594","MLA71170177","MLAU3919573998","MLA71170177","ORGANIC","false","false","libros de terror","5.0","2","40","+9.999 resultados","https://articulo.mercadolibre.com.ar/MLA-3540404594","Llega mañana Enviado por FULL","","","","","MLA412445","MLA-BOOKS","","CORE","CORE","","2026-09-26T20:35:20.460Z",
"https://http2.mlstatic.com/D_NQ_NP_715782-MLU77855173627_072024-O.webp","ARS","29193","","",,,,,"Mary Shelley Frankenstein Editorial Austral","","","50","false","true","LIBRENTA Tienda oficial","true","MLA26548861","MLA1569927965","MLA26548861","MLAU3520848179","MLA26548861","ORGANIC","false","false","libros de terror","4.9","21","41","+9.999 resultados","https://articulo.mercadolibre.com.ar/MLA-1569927965","Llega mañana Enviado por FULL","ÚLTIMAS 3 | ÚLTIMAS UNIDADES","","","","MLA412445","MLA-BOOKS","","CORE","CORE","","2026-09-26T20:35:20.460Z",
"https://http2.mlstatic.com/D_NQ_NP_773245-MLA49130238508_022022-O.webp","ARS","42322","47499","10% OFF",,,,,"Masacre En El Comedor - Reato - Sudamericana - Libro","","","1000","true","true","LIBRENTA Tienda oficial","true","MLA19871750","MLA1262050328","MLA19871750","MLAU215409753","MLA19871750","ORGANIC","false","false","libros de terror","4.9","156","42","+9.999 resultados","https://articulo.mercadolibre.com.ar/MLA-1262050328","Llega gratis mañana Enviado por FULL","ÚLTIMAS 2 | ÚLTIMAS UNIDADES","","","","MLA412445","MLA-BOOKS","","CORE","CORE","","2026-09-26T20:35:20.460Z",
"https://http2.mlstatic.com/D_NQ_NP_628674-MLA91009721402_092025-O.webp","ARS","93000","","",,,,,"Drácula. Edición Ilustrada + Cantos Tintados: Edición Ilustrada Por Tomas Hijo, De Bram Stoker, Tomás Hijo. Drácula, Vol. 1. Editorial Minotauro, Tapa Dura, Edición 1 En Español, 2025","6 cuotas de 20923","",,"true","true","LIBRENTA Tienda oficial","true","MLA54410841","MLA3373589788","MLA54410841","MLAU4003501403","MLA54410841","ORGANIC","false","false","libros de terror","","","43","+9.999 resultados","https://articulo.mercadolibre.com.ar/MLA-3373589788","Llega gratis mañana Enviado por FULL","ÚLTIMAS 5 | ÚLTIMAS UNIDADES","","","","MLA412445","MLA-BOOKS","","CORE","CORE","","2026-09-26T20:35:20.460Z",
"https://http2.mlstatic.com/D_NQ_NP_931523-MLA117877610475_092026-O.webp","ARS","13990","","",,,,,"Gaturro Y La Mansión Del Terror - Nico - Primera Sudamerican","","",,"false",,"","false","MLA3968537196","MLA3968537196","","MLAU5242541396","MLAU5242541396","ORGANIC","false","false","libros de terror","","","44","+9.999 resultados","https://articulo.mercadolibre.com.ar/MLA-3968537196","","","","","","MLA412445","MLA-BOOKS","","CORE","CORE","","2026-09-26T20:35:20.460Z",
"https://http2.mlstatic.com/D_NQ_NP_961173-MLA110810657395_042026-O.webp","ARS","20938","23499","10% OFF",,,,,"La Llamada De Cthulhu Y Otros Cuentos - Lovecraft Howard Phi","","",,"false","true","LIBRENTA Tienda oficial","true","MLA68558643","MLA3265423950","MLA68558643","MLAU3910965849","MLA68558643","ORGANIC","false","false","libros de terror","","2","45","+9.999 resultados","https://articulo.mercadolibre.com.ar/MLA-3265423950","Llega mañana Enviado por FULL","ÚLTIMAS 4 | ÚLTIMAS UNIDADES","","","","MLA412445","MLA-BOOKS","","CORE","CORE","","2026-09-26T20:35:20.460Z",
"https://http2.mlstatic.com/D_NQ_NP_882752-MLA116326241728_092026-O.webp","ARS","9990","","",,,,,"10 Relatos De Terror - Ambrose Bierce, Robert Bloch, Joe Hal","","",,"false",,"","false","MLA3964231086","MLA3964231086","","MLAU5195309173","MLAU5195309173","ORGANIC","false","false","libros de terror","","","46","+9.999 resultados","https://articulo.mercadolibre.com.ar/MLA-3964231086","","","","","","MLA412445","MLA-BOOKS","","CORE","CORE","","2026-09-26T20:35:20.460Z",
"https://http2.mlstatic.com/D_NQ_NP_688367-MLA41929111813_052020-O.webp","ARS","8000","","",,,,,"Libro: La Casa En El Confín De La Tierra / W. Hope Hodgson","","","50","false","true","","false","MLA21205607","MLA1408756825","MLA21205607","MLAU122108366","MLA21205607","ORGANIC","false","false","libros de terror","4.8","6","47","+9.999 resultados","https://articulo.mercadolibre.com.ar/MLA-1408756825","Llega el lunes","ÚLTIMAS 2 | ÚLTIMAS UNIDADES","","","","MLA412445","MLA-BOOKS","","CORE","CORE","","2026-09-26T20:35:20.460Z",
"https://http2.mlstatic.com/D_NQ_NP_871664-MLA99954023443_112025-O.webp","ARS","24492","","",,,,,"La Larga Marcha, De Stephen King. Editorial Debolsillo, Tapa Blanda En Español","","","100","false","true","LIBRENTA Tienda oficial","true","MLA24859321","MLA1441236015","MLA24859321","MLAU408829864","MLA24859321","ORGANIC","false","false","libros de terror","4.8","101","48","+9.999 resultados","https://articulo.mercadolibre.com.ar/MLA-1441236015","Llega mañana Enviado por FULL","","","","","MLA412445","MLA-BOOKS","","CORE","CORE","","2026-09-26T20:35:20.460Z",
"https://http2.mlstatic.com/D_NQ_NP_681618-MLU78175260757_082024-O.webp","ARS","39290","","",,,,,"Misery, De King, Stephen. Editorial Debolsillo, Tapa Blanda En Español, 2018","","","100","true","true","MASLIBROS Tienda oficial","true","MLA37018029","MLA1595469743","MLA37018029","MLAU3641014412","MLA37018029","ORGANIC","false","false","libros de terror","4.8","85","49","+9.999 resultados","https://articulo.mercadolibre.com.ar/MLA-1595469743","Llega gratis mañana Enviado por FULL","ÚLTIMAS 3 | ÚLTIMAS UNIDADES","","","","MLA412445","MLA-BOOKS","","CORE","CORE","","2026-09-26T20:35:45.063Z",
"https://http2.mlstatic.com/D_NQ_NP_600669-MLA117758911153_092026-O.webp","ARS","37710","41900","10% OFF",,,,,"Lo que nos siguió a casa - Antología (Agustina Bazterrica, Mariana Enriquez, Isabel Cañas y otros) - Letras De Plata - Blanda","","",,"true","true","Equis Libros Tienda oficial","true","MLA79415871","MLA3963502208","MLA79415871","MLAU5115834626","MLA79415871","ORGANIC","false","false","libros de terror","","","50","+9.999 resultados","https://articulo.mercadolibre.com.ar/MLA-3963502208","Llega gratis mañana Enviado por FULL","OFERTA IMPERDIBLE","","","","MLA412445","MLA-BOOKS","","CORE","CORE","","2026-09-26T20:35:45.063Z",
"https://http2.mlstatic.com/D_NQ_NP_994013-MLA99589709800_122025-O.webp","ARS","13999","","",,,,,"Familiar, El. Una Historia De Terror","","","100","false","true","","false","MLA22219841","MLA3122702094","MLA22219841","MLAU3878491120","MLA22219841","ORGANIC","false","false","libros de terror","4.9","15","51","+9.999 resultados","https://articulo.mercadolibre.com.ar/MLA-3122702094","Llega el lunes","","","","","MLA412445","MLA-BOOKS","","CORE","CORE","","2026-09-26T20:35:45.063Z",
"https://http2.mlstatic.com/D_NQ_NP_742050-MLA53431060998_012023-O.webp","ARS","65563","","",,,,,"Narrativa Completa - Lovecraft,h P","o 67563 en 3x 22521 sin interés","","100","true","true","","false","MLA22012948","MLA2828752118","MLA22012948","MLAU331902090","MLA22012948","ORGANIC","false","false","libros de terror","4.8","44","52","+9.999 resultados","https://articulo.mercadolibre.com.ar/MLA-2828752118","Llega gratis hoy","¡ÚLTIMA! | ÚLTIMA UNIDAD","","","","MLA412445","MLA-BOOKS","","CORE","CORE","","2026-09-26T20:35:45.063Z",
"https://http2.mlstatic.com/D_NQ_NP_790913-MLA110760764166_052026-O.webp","ARS","29610","32900","10% OFF",,,,,"Libro Casa Abandonada, De Anselmo, Daniela, Vol. 1. Editorial Ateneo El, Tapa Blanda","","","50","false","true","Eterna Cadencia Tienda oficial","true","MLA69713266","MLA1791372219","MLA69713266","MLAU3900071348","MLA69713266","ORGANIC","false","false","libros de terror","5.0","","53","+9.999 resultados","https://articulo.mercadolibre.com.ar/MLA-1791372219","","ÚLTIMAS 3 | ÚLTIMAS UNIDADES","","","","MLA412445","MLA-BOOKS","","CORE","CORE","","2026-09-26T20:35:45.063Z",
"https://http2.mlstatic.com/D_NQ_NP_736374-MLA101284842478_122025-O.webp","ARS","15000","","",,,,,"Libro Frankenstein - Terramar","","","100","false","true","LIBRENTA Tienda oficial","true","MLA21273207","MLA2080163929","MLA21273207","MLAU5132186849","MLA21273207","ORGANIC","false","false","libros de terror","4.9","","54","+9.999 resultados","https://articulo.mercadolibre.com.ar/MLA-2080163929","Llega mañana Enviado por FULL","","","","","MLA412445","MLA-BOOKS","","CORE","CORE","","2026-09-26T20:35:45.063Z",
"https://http2.mlstatic.com/D_NQ_NP_786186-MLA100019191003_122025-O.webp","ARS","61001","","",,,,,"Libro EL RITUAL (NE), de Nevill, Adam. Editorial Minotauro México, tapa blanda (2023)","6 cuotas de 13724","","25","true","true","MASLIBROS Tienda oficial","true","MLA23621383","MLA2017635686","MLA23621383","MLAU3024491292","MLA23621383","ORGANIC","false","false","libros de terror","4.9","12","55","+9.999 resultados","https://articulo.mercadolibre.com.ar/MLA-2017635686","Llega gratis mañana Enviado por FULL","ÚLTIMAS 2 | ÚLTIMAS UNIDADES","","","","MLA412445","MLA-BOOKS","","CORE","CORE","","2026-09-26T20:35:45.063Z",
"https://http2.mlstatic.com/D_NQ_NP_813107-MLA99886334205_112025-O.webp","ARS","28724","","",,,,,"La Casa Al Final De Needless Street, De Ward, Catriona. Alianza Editorial, Tapa Blanda En Español","","","100","false","true","LIBRENTA Tienda oficial","true","MLA23648092","MLA1870218706","MLA23648092","MLAU416641940","MLA23648092","ORGANIC","false","false","libros de terror","4.7","35","56","+9.999 resultados","https://articulo.mercadolibre.com.ar/MLA-1870218706","Llega mañana Enviado por FULL","ÚLTIMAS 4 | ÚLTIMAS UNIDADES","","","","MLA412445","MLA-BOOKS","","CORE","CORE","","2026-09-26T20:35:45.063Z",
"https://http2.mlstatic.com/D_NQ_NP_746990-MLA115531020859_082026-O.webp","ARS","26217","","",,,,,"El Castillo De Otranto, De Walpole, Horace. Editorial Pluton Ediciones, Tapa Dura En Español, 2019","","2000 ARS OFF con Cupón","25","true","true","","false","MLA38023063","MLA1962408868","MLA38023063","MLAU2754524759","MLA38023063","ORGANIC","false","false","libros de terror","4.6","11","57","+9.999 resultados","https://articulo.mercadolibre.com.ar/MLA-1962408868","Llega gratis hoy","¡ÚLTIMA! | ÚLTIMA UNIDAD","","","","MLA412445","MLA-BOOKS","","CORE","CORE","","2026-09-26T20:35:45.063Z",
"https://http2.mlstatic.com/D_NQ_NP_845926-MLA118065440231_092026-O.webp","ARS","41900","","",,,,,"Lo Que Nos Siguio A Casa - Cynthia Pelayo - Letras De Plata","","",,"true",,"","false","MLA3982874626","MLA3982874626","","MLAU5239795563","MLAU5239795563","ORGANIC","false","false","libros de terror","","","58","+9.999 resultados","https://articulo.mercadolibre.com.ar/MLA-3982874626","Llega gratis el lunes","","","","","MLA412445","MLA-BOOKS","","CORE","CORE","","2026-09-26T20:35:45.063Z",
"https://http2.mlstatic.com/D_NQ_NP_784428-MLA115753450186_092026-O.webp","ARS","26999","29999","10% OFF",,,,,"Frankenstein o el moderno Prome (Gótico) - Mary Shelley - Penguin Clásicos - Blanda","","",,"false","true","Equis Libros Tienda oficial","true","MLA78930155","MLA3927366432","MLA78930155","MLAU5042527995","MLA78930155","ORGANIC","false","false","libros de terror","","","59","+9.999 resultados","https://articulo.mercadolibre.com.ar/MLA-3927366432","Llega mañana Enviado por FULL","","","","","MLA412445","MLA-BOOKS","","CORE","CORE","","2026-09-26T20:35:45.063Z",
"https://http2.mlstatic.com/D_NQ_NP_811327-MLA112057047825_052026-O.webp","ARS","12599","13999","10% OFF",,,,,"Cuentos De Terror Y Locura","o 13999 con otros medios","",,"false","true","LIBRENTA Tienda oficial","true","MLA70106433","MLA3363420618","MLA70106433","MLAU3970648003","MLA70106433","ORGANIC","false","false","libros de terror","","2","60","+9.999 resultados","https://articulo.mercadolibre.com.ar/MLA-3363420618","Llega mañana Enviado por FULL","","","","","MLA412445","MLA-BOOKS","","CORE","CORE","","2026-09-26T20:35:45.063Z",
"https://http2.mlstatic.com/D_NQ_NP_657445-MLC50654407756_072022-O.webp","ARS","23611","26499","10% OFF",,,,,"Libro Gaturro 2. Gaturro Y La Mansión Del Terror - Nik","","","100","false","true","LIBRENTA Tienda oficial","true","MLA19838650","MLA1894739118","MLA19838650","MLAU241970291","MLA19838650","ORGANIC","false","false","libros de terror","4.8","33","61","+9.999 resultados","https://articulo.mercadolibre.com.ar/MLA-1894739118","Llega mañana Enviado por FULL","¡ÚLTIMA! | ÚLTIMA UNIDAD","","","","MLA412445","MLA-BOOKS","","CORE","CORE","","2026-09-26T20:35:45.063Z",
"https://http2.mlstatic.com/D_NQ_NP_671198-MLA85745408072_062025-O.webp","ARS","17000","","",,,,,"Smile Dog En Laguna Turbia, De Ezequiel Dellutri. Creepypastas, Vol. 1. Editorial Bambali Ediciones, Tapa Blanda, Edición 1a Edición En Español, 2025","","","25","false","true","","false","MLA51197296","MLA1780547721","MLA51197296","MLAU3945208695","MLA51197296","ORGANIC","false","false","libros de terror","4.8","","62","+9.999 resultados","https://articulo.mercadolibre.com.ar/MLA-1780547721","","","","","","MLA412445","MLA-BOOKS","","CORE","CORE","","2026-09-26T20:35:45.064Z",
"https://http2.mlstatic.com/D_NQ_NP_859213-MLA114079392096_072026-O.webp","ARS","16000","","",,,,,"Libro De Actividades Y Juegos Terror Reutilizable Con Fibrón","","",,"false","true","","false","MLA76164166","MLA3746551432","MLA76164166","MLAU4614017165","MLA76164166","ORGANIC","false","false","libros de terror","","","63","+9.999 resultados","https://articulo.mercadolibre.com.ar/MLA-3746551432","Llega mañana Enviado por FULL","","","","","MLA412445","MLA-BOOKS","","CORE","CORE","","2026-09-26T20:35:45.064Z",
"https://http2.mlstatic.com/D_NQ_NP_612663-MLU53306426949_012023-O.webp","ARS","33990","","",,,,,"Libro Armand, el vampiro ( Crónicas Vampíricas 6 ), de Anne Rice. Editorial B de Bolsillo, tapa blanda (2020)","","","50","true","true","","false","MLA21136553","MLA1684808425","MLA21136553","MLAU3158261341","MLA21136553","ORGANIC","false","false","libros de terror","4.8","9","64","+9.999 resultados","https://articulo.mercadolibre.com.ar/MLA-1684808425","Llega gratis el lunes","","","","","MLA412445","MLA-BOOKS","","CORE","CORE","","2026-09-26T20:35:45.064Z",
"https://http2.mlstatic.com/D_NQ_NP_953874-MLA43295886183_082020-O.webp","ARS","26065","27700","5% OFF",,,,,"Abuela Nos Espera Y Otros Cuentos De Terror De F. Vaccarini","","","50","true","true","SBS Librerias Tienda oficial","true","MLA21501533","MLA3039422838","MLA21501533","MLAU3748704906","MLA21501533","ORGANIC","false","false","libros de terror","4.9","","65","+9.999 resultados","https://articulo.mercadolibre.com.ar/MLA-3039422838","Llega gratis el lunes","OFERTA IMPERDIBLE","","","","MLA412445","MLA-BOOKS","","CORE","CORE","","2026-09-26T20:35:45.064Z",
"https://http2.mlstatic.com/D_NQ_NP_782957-MLA85496498349_052025-O.webp","ARS","57928","","",,,,,"Infierno Embotellado,el, De Yumeno, Kyusaku. 3798, Vol. 1. Editorial Satori Ediciones C B, Tapa Blanda En Castellano, 2025","6 cuotas de 13032","",,"true","true","MASLIBROS Tienda oficial","true","MLA50812743","MLA2283293804","MLA50812743","MLAU3374587095","MLA50812743","ORGANIC","false","false","libros de terror","","","66","+9.999 resultados","https://articulo.mercadolibre.com.ar/MLA-2283293804","Llega gratis mañana Enviado por FULL","","","","","MLA412445","MLA-BOOKS","","CORE","CORE","","2026-09-26T20:35:45.064Z",
"https://http2.mlstatic.com/D_NQ_NP_759363-MLA115978156460_092026-O.webp","ARS","41900","","",,,,,"Lo Que Nos Siguio A Casa - Vv Aa (libro)","","",,"true",,"Zivals Tienda oficial","true","MLA2077750871","MLA2077750871","","MLAU5125825399","MLAU5125825399","ORGANIC","false","false","libros de terror","","","67","+9.999 resultados","https://articulo.mercadolibre.com.ar/MLA-2077750871","Llega gratis el lunes","","","","","MLA412445","MLA-BOOKS","","CORE","CORE","","2026-09-26T20:35:45.064Z",
"https://http2.mlstatic.com/D_NQ_NP_626407-MLM49182263752_022022-O.webp","ARS","68175","75749,6","9% OFF",,,,,"Clark Ashton Smith Cuentos de Averoigne Editorial Valdemar Gótica 2021","6 cuotas de 15338","","25","true","true","MASLIBROS Tienda oficial","true","MLA21734116","MLA1739261703","MLA21734116","MLAU3883213783","MLA21734116","ORGANIC","false","false","libros de terror","4.8","","68","+9.999 resultados","https://articulo.mercadolibre.com.ar/MLA-1739261703","Llega gratis mañana Enviado por FULL","","","","","MLA412445","MLA-BOOKS","","CORE","CORE","","2026-09-26T20:35:45.064Z",
"https://http2.mlstatic.com/D_NQ_NP_710529-MLA79544492302_102024-O.webp","ARS","31361","","",,,,,"It Stephen King Español Debolsillo","","","1000","true","true","MASLIBROS Tienda oficial","true","MLA20913273","MLA1595695949","MLA20913273","MLAU3633276345","MLA20913273","ORGANIC","false","false","libros de terror","4.9","454","69","+9.999 resultados","https://articulo.mercadolibre.com.ar/MLA-1595695949","Llega gratis el lunes","ÚLTIMAS 3 | ÚLTIMAS UNIDADES","","","","MLA412445","MLA-BOOKS","","CORE","CORE","","2026-09-26T20:35:45.064Z",
"https://http2.mlstatic.com/D_NQ_NP_890201-MLA117475989201_092026-O.webp","ARS","16000","","",,,,,"Todo Lo Que Necesitás Saber Sobre Terrorismo - Ana Prieto","","",,"true",,"","false","MLA2079768565","MLA2079768565","","MLAU5130688919","MLAU5130688919","ORGANIC","false","false","libros de terror","","","70","+9.999 resultados","https://articulo.mercadolibre.com.ar/MLA-2079768565","Llega gratis el lunes","","","","","MLA412445","MLA-BOOKS","","CORE","CORE","","2026-09-26T20:35:45.064Z",
"https://http2.mlstatic.com/D_NQ_NP_999267-MLA83455974236_042025-O.webp","ARS","20492","22999","10% OFF",,,,,"El Terror De La Princesa, De Cecilia Pisos. Editorial Penguin Kids, Tapa Blanda, Edición 1 En Español, 2025","","","100","false","true","LIBRENTA Tienda oficial","true","MLA48294102","MLA1493681513","MLA48294102","MLAU3048162861","MLA48294102","ORGANIC","false","false","libros de terror","4.9","27","71","+9.999 resultados","https://articulo.mercadolibre.com.ar/MLA-1493681513","Llega mañana Enviado por FULL","","","","","MLA412445","MLA-BOOKS","","CORE","CORE","","2026-09-26T20:35:45.064Z",
"https://http2.mlstatic.com/D_NQ_NP_794098-MLU72970553083_112023-O.webp","ARS","64349","71499","10% OFF",,,,,"It (eso) - Stephen King (Ed debolsillo)","6 cuotas de 14477","","1000","true","true","NADIR LIBROS Tienda oficial","true","MLA19806551","MLA1255052746","MLA19806551","MLAU221496443","MLA19806551","ORGANIC","false","false","libros de terror","4.9","692","72","+9.999 resultados","https://articulo.mercadolibre.com.ar/MLA-1255052746","Envío gratis","ÚLTIMAS 2 | ÚLTIMAS UNIDADES","","","","MLA412445","MLA-BOOKS","","CORE","CORE","","2026-09-26T20:35:45.064Z",
"https://http2.mlstatic.com/D_NQ_NP_734610-MLA99502466932_112025-O.webp","ARS","106001","","",,,,,"H.p. Lovecraft - Estuche Obras Completas - Antología Terror","6 cuotas de 23848","","100","true","true","MASLIBROS Tienda oficial","true","MLA19950248","MLA2009253012","MLA19950248","MLAU3003859092","MLA19950248","ORGANIC","false","false","libros de terror","4.9","46","73","+9.999 resultados","https://articulo.mercadolibre.com.ar/MLA-2009253012","Llega gratis mañana Enviado por FULL","ÚLTIMAS 3 | ÚLTIMAS UNIDADES","","","","MLA412445","MLA-BOOKS","","CORE","CORE","","2026-09-26T20:35:45.064Z",
"https://http2.mlstatic.com/D_NQ_NP_931725-MLU74106858690_012024-O.webp","ARS","42026","","",,,,,"Terror Kabuki, De Aguilar, Daniel. Editorial Satori Ediciones C.b. En Español","","",,"true","true","LIBRENTA Tienda oficial","true","MLA30101532","MLA1831398534","MLA30101532","MLAU395907058","MLA30101532","ORGANIC","false","false","libros de terror","","3","74","+9.999 resultados","https://articulo.mercadolibre.com.ar/MLA-1831398534","Llega gratis mañana Enviado por FULL","ÚLTIMAS 2 | ÚLTIMAS UNIDADES","","","","MLA412445","MLA-BOOKS","","CORE","CORE","","2026-09-26T20:35:45.064Z",
"https://http2.mlstatic.com/D_NQ_NP_756408-MLA99555763108_122025-O.webp","ARS","10450","11000","5% OFF",,,,,"Manga Chainsaw Man #10 Ivrea Argentina","","","500","false","true","Zivals Tienda oficial","true","MLA20898653","MLA1617511650","MLA20898653","MLAU154505407","MLA20898653","ORGANIC","false","false","libros de terror","4.9","","75","+9.999 resultados","https://articulo.mercadolibre.com.ar/MLA-1617511650","Llega el lunes","ÚLTIMAS 4 | ÚLTIMAS UNIDADES","","","","MLA412445","MLA-BOOKS","","CORE","CORE","","2026-09-26T20:35:45.064Z",
"https://http2.mlstatic.com/D_NQ_NP_857501-MLU74995029166_032024-O.webp","ARS","23157","","",,,,,"La Noche De Los Muertos","","","500","true","true","Ribera Libros Tienda oficial","true","MLA21270670","MLA1565163159","MLA21270670","MLAU3514155088","MLA21270670","ORGANIC","false","false","libros de terror","4.9","55","76","+9.999 resultados","https://articulo.mercadolibre.com.ar/MLA-1565163159","Llega gratis el lunes","","","","","MLA412445","MLA-BOOKS","","CORE","CORE","","2026-09-26T20:35:45.064Z",
"https://http2.mlstatic.com/D_NQ_NP_689725-MLA79527916696_102024-O.webp","ARS","20699","22999","10% OFF",,,,,"La Fábrica Del Terror 1 - Ana María Shua - Sudamericana","","","100","false","true","NADIR LIBROS Tienda oficial","true","MLA22012483","MLA1380227757","MLA22012483","MLAU220173414","MLA22012483","ORGANIC","false","false","libros de terror","4.8","12","77","+9.999 resultados","https://articulo.mercadolibre.com.ar/MLA-1380227757","","¡ÚLTIMA! | ÚLTIMA UNIDAD","","","","MLA412445","MLA-BOOKS","","CORE","CORE","","2026-09-26T20:35:45.064Z",
"https://http2.mlstatic.com/D_NQ_NP_903493-MLU75135936167_032024-O.webp","ARS","23157","","",,,,,"El Terror De Sexto B - Loqueleo Naranja, De Reyes, Yolanda. Editorial Santillana, Tapa Blanda En Español, 2015","","","100","true","true","Ribera Libros Tienda oficial","true","MLA22053124","MLA1495017227","MLA22053124","MLAU3162993156","MLA22053124","ORGANIC","false","false","libros de terror","4.8","51","78","+9.999 resultados","https://articulo.mercadolibre.com.ar/MLA-1495017227","Llega gratis el lunes","","","","","MLA412445","MLA-BOOKS","","CORE","CORE","","2026-09-26T20:35:45.064Z",
"https://http2.mlstatic.com/D_NQ_NP_983499-MLA79742935262_102024-O.webp","ARS","45886","","",,,,,"Carrie, De King, Stephen. Editorial Plaza & Janes, Tapa Dura En Español, 2024","6 cuotas de 10323","","100","true","true","LIBRENTA Tienda oficial","true","MLA41997162","MLA1939893790","MLA41997162","MLAU2366938459","MLA41997162","ORGANIC","false","false","libros de terror","4.9","31","79","+9.999 resultados","https://articulo.mercadolibre.com.ar/MLA-1939893790","Llega gratis mañana Enviado por FULL","ÚLTIMAS 4 | ÚLTIMAS UNIDADES","","","","MLA412445","MLA-BOOKS","","CORE","CORE","","2026-09-26T20:35:45.064Z",
"https://http2.mlstatic.com/D_NQ_NP_832599-MLC49806090103_042022-O.webp","ARS","26217","","",,,,,"Retrato De Dorian Gray","","2000 ARS OFF con Cupón","25","true","true","","false","MLA21524128","MLA1689285730","MLA21524128","MLAU327598969","MLA21524128","ORGANIC","false","false","libros de terror","4.6","","80","+9.999 resultados","https://articulo.mercadolibre.com.ar/MLA-1689285730","Llega gratis hoy","","","","","MLA412445","MLA-BOOKS","","CORE","CORE","","2026-09-26T20:35:45.064Z",
"https://http2.mlstatic.com/D_NQ_NP_637205-MLU76652434983_052024-O.webp","ARS","72321","","",,,,,"Drácula - Bram Stoker Gótica Valdemar","6 cuotas de 16271","","50","true","true","LIBRENTA Tienda oficial","true","MLA21609991","MLA3070016656","MLA21609991","MLAU3844629295","MLA21609991","ORGANIC","false","false","libros de terror","5.0","","81","+9.999 resultados","https://articulo.mercadolibre.com.ar/MLA-3070016656","Llega gratis mañana Enviado por FULL","ÚLTIMAS 5 | ÚLTIMAS UNIDADES","","","","MLA412445","MLA-BOOKS","","CORE","CORE","","2026-09-26T20:35:45.064Z",
"https://http2.mlstatic.com/D_NQ_NP_941792-MLA97972714988_112025-O.webp","ARS","31999","","",,,,,"Holly, De Stephen King. Editorial Debolsillo - Penguin Random House (2025)","","","50","true","true","","false","MLA62192428","MLA2911503318","MLA62192428","MLAU3527142223","MLA62192428","ORGANIC","false","false","libros de terror","4.8","26","82","+9.999 resultados","https://articulo.mercadolibre.com.ar/MLA-2911503318","Llega gratis el lunes","ÚLTIMAS 2 | ÚLTIMAS UNIDADES","","","","MLA412445","MLA-BOOKS","","CORE","CORE","","2026-09-26T20:35:45.065Z",
"https://http2.mlstatic.com/D_NQ_NP_724978-MLU75043733767_032024-O.webp","ARS","16200","","",,,,,"20 Poemas De Terror Y Una Cancion Disparatada","","","50","true","true","","false","MLA21270757","MLA2460623600","MLA21270757","MLAU3499186236","MLA21270757","ORGANIC","false","false","libros de terror","4.8","","83","+9.999 resultados","https://articulo.mercadolibre.com.ar/MLA-2460623600","Llega gratis el lunes","","","","","MLA412445","MLA-BOOKS","","CORE","CORE","","2026-09-26T20:35:45.066Z",
"https://http2.mlstatic.com/D_NQ_NP_607116-MLU74994563974_032024-O.webp","ARS","32900","","",,,,,"Frankenstein - Mary W. Shelley - Colihue Clasica, de Shelley, Mary. Editorial Colihue, tapa blanda en español, 2006","","","500","true","true","","false","MLA21130013","MLA1941841106","MLA21130013","MLAU1173724936","MLA21130013","ORGANIC","false","false","libros de terror","5.0","78","84","+9.999 resultados","https://articulo.mercadolibre.com.ar/MLA-1941841106","Llega gratis el lunes","ÚLTIMAS 2 | ÚLTIMAS UNIDADES","","","","MLA412445","MLA-BOOKS","","CORE","CORE","","2026-09-26T20:35:45.066Z",
"https://http2.mlstatic.com/D_NQ_NP_718529-MLA48329807452_112021-O.webp","ARS","10450","11000","5% OFF",,,,,"Chainsaw Man 08 Ivrea Manga","","","1000","false","true","Zivals Tienda oficial","true","MLA20944563","MLA1391329949","MLA20944563","MLAU143753023","MLA20944563","ORGANIC","false","false","libros de terror","5.0","58","85","+9.999 resultados","https://articulo.mercadolibre.com.ar/MLA-1391329949","Llega el lunes","","","","","MLA412445","MLA-BOOKS","","CORE","CORE","","2026-09-26T20:35:45.066Z",
"https://http2.mlstatic.com/D_NQ_NP_984947-MLU69637855785_052023-O.webp","ARS","16632","","",,,,,"Mitología H. P. Lovecraft: El Ascenso Divino Del Terror, De Javier Tapia. Editorial Pluton, Tapa Blanda En Español, 2021","","2000 ARS OFF con Cupón",,"true","true","","false","MLA23141772","MLA2188809212","MLA23141772","MLAU3304353832","MLA23141772","ORGANIC","false","false","libros de terror","","","86","+9.999 resultados","https://articulo.mercadolibre.com.ar/MLA-2188809212","Llega gratis hoy","","","","","MLA412445","MLA-BOOKS","","CORE","CORE","","2026-09-26T20:35:45.066Z",
"https://http2.mlstatic.com/D_NQ_NP_926464-MLA99507422752_112025-O.webp","ARS","32500","","",,,,,"It ( en inglés ) - Stephen King, De King, Stephen. Editorial Hodder Pub, Tapa Blanda","","","100","true","true","PYQ Tienda oficial","true","MLA23596528","MLA1432873695","MLA23596528","MLAU387780132","MLA23596528","ORGANIC","false","false","libros de terror","5.0","3","87","+9.999 resultados","https://articulo.mercadolibre.com.ar/MLA-1432873695","Llega gratis el lunes","ÚLTIMAS 2 | ÚLTIMAS UNIDADES","","","","MLA412445","MLA-BOOKS","","CORE","CORE","","2026-09-26T20:35:45.066Z",
"https://http2.mlstatic.com/D_NQ_NP_683147-MLA106533328433_022026-O.webp","ARS","37589","41999","10% OFF",,,,,"Libro Si Te Gusta La Oscuridad, De King, Stephen, Vol. 1. Editorial Debols!llo, Tapa Blanda (2025)","Mismo precio 3 cuotas de 12529","","25","true","true","Yenny El Ateneo Tienda oficial","true","MLA65257223","MLA1691737359","MLA65257223","MLAU3749595913","MLA65257223","ORGANIC","false","false","libros de terror","5.0","","88","+9.999 resultados","https://articulo.mercadolibre.com.ar/MLA-1691737359","Llega gratis mañana Enviado por FULL","","","","","MLA412445","MLA-BOOKS","","CORE","CORE","","2026-09-26T20:35:45.066Z",
"https://http2.mlstatic.com/D_NQ_NP_647796-MLA112640398715_062026-O.webp","ARS","43353","","",,,,,"Todos Los Demonios Del Infierno","Mismo precio 3 cuotas de 14451","2000 ARS OFF con Cupón",,"true","true","","false","MLA71597231","MLA1904538357","MLA71597231","MLAU4354065958","MLA71597231","ORGANIC","false","false","libros de terror","","5","89","+9.999 resultados","https://articulo.mercadolibre.com.ar/MLA-1904538357","Llega gratis hoy","","","","","MLA412445","MLA-BOOKS","","CORE","CORE","","2026-09-26T20:35:45.066Z",
"https://http2.mlstatic.com/D_NQ_NP_897080-MLU46877220306_072021-O.webp","ARS","60789","66600","8% OFF",,,,,"Lafcadio/ Lacombe Benjamin Hearn - Espiritus Y Criaturas De","Mismo precio 3 cuotas de 20263","","100","true","true","SBS Librerias Tienda oficial","true","MLA22153106","MLA1389826407","MLA22153106","MLAU219909685","MLA22153106","ORGANIC","false","false","libros de terror","5.0","65","90","+9.999 resultados","https://articulo.mercadolibre.com.ar/MLA-1389826407","Llega gratis el lunes","ÚLTIMAS 5 | ÚLTIMAS UNIDADES","","","","MLA412445","MLA-BOOKS","","CORE","CORE","","2026-09-26T20:35:45.066Z",
"https://http2.mlstatic.com/D_NQ_NP_862681-MLA82810414145_032025-O.webp","ARS","4130","4390","5% OFF",,,,,"Un Ruido Monstruoso - Mayuscula - Fernando De Vedia, De De Vedia, Fernando. Editorial Artemisa, Tapa Blanda En Español, 2022","","","50","false","true","SBS Librerias Tienda oficial","true","MLA46565783","MLA1479987967","MLA46565783","MLAU214219064","MLA46565783","ORGANIC","false","false","libros de terror","5.0","7","91","+9.999 resultados","https://articulo.mercadolibre.com.ar/MLA-1479987967","Llega el lunes","ÚLTIMAS 3 | ÚLTIMAS UNIDADES","","","","MLA412445","MLA-BOOKS","","CORE","CORE","","2026-09-26T20:35:45.066Z",
"https://http2.mlstatic.com/D_NQ_NP_770996-MLA100187592592_122025-O.webp","ARS","36699","","",,,,,"Libro Tirania Del Azar, La, De Gomberoff, Andrés/edelstein, José, Vol. 1. Editorial Debate, Tapa Blanda (2025)","","","100","true","true","Cúspide Tienda oficial","true","MLA62953420","MLA2649712098","MLA62953420","MLAU3661904149","MLA62953420","ORGANIC","false","false","libros de terror","4.9","17","92","+9.999 resultados","https://articulo.mercadolibre.com.ar/MLA-2649712098","Envío gratis","","","","","MLA412445","MLA-BOOKS","","CORE","CORE","","2026-09-26T20:35:45.066Z",
"https://http2.mlstatic.com/D_NQ_NP_987913-MLU79053069707_092024-O.webp","ARS","39999","","",,,,,"Pensamiento Monogamo Terror Poliamoroso - Vasallo,brigitt...","","","100","true","true","","false","MLA21200453","MLA3988882030","MLA21200453","MLAU5174861448","MLA21200453","ORGANIC","false","false","libros de terror","5.0","","93","+9.999 resultados","https://articulo.mercadolibre.com.ar/MLA-3988882030","Llega gratis el lunes","","","","","MLA412445","MLA-BOOKS","","CORE","CORE","","2026-09-26T20:35:45.066Z",
"https://http2.mlstatic.com/D_NQ_NP_757152-MLA29583879967_032019-O.webp","ARS","25312","26900","5% OFF",,,,,"El Extraño Caso Del Dr.Jekyll, de Stevenson, Robert Louis. Editorial SANTILLANA, tapa blanda en español, 2016","","","100","true","true","SBS Librerias Tienda oficial","true","MLA22060058","MLA1387618281","MLA22060058","MLAU237935114","MLA22060058","ORGANIC","false","false","libros de terror","4.9","","94","+9.999 resultados","https://articulo.mercadolibre.com.ar/MLA-1387618281","Llega gratis el lunes","ÚLTIMAS 5 | ÚLTIMAS UNIDADES","","","","MLA412445","MLA-BOOKS","","CORE","CORE","","2026-09-26T20:35:45.066Z",
"https://http2.mlstatic.com/D_NQ_NP_773752-MLA109332856155_032026-O.webp","ARS","13170","","",,,,,"Libro Drácula, De Bram Stoker. Editorial Plutón, Tapa Blanda","","","25","false","true","EDICIONES CONTINENTE Tienda oficial","true","MLA67061526","MLA3557543660","MLA67061526","MLAU4188574476","MLA67061526","ORGANIC","false","false","libros de terror","4.8","","95","+9.999 resultados","https://articulo.mercadolibre.com.ar/MLA-3557543660","","ÚLTIMAS 5 | ÚLTIMAS UNIDADES","","","","MLA412445","MLA-BOOKS","","CORE","CORE","","2026-09-26T20:35:45.066Z",
"https://http2.mlstatic.com/D_NQ_NP_737872-MLM42624621862_072020-O.webp","ARS","17100","","",,,,,"Edgar Allan Poe Cuentos De Terror Contados Para Niños","","","100","false","true","","false","MLA21542051","MLA3642394002","MLA21542051","MLAU4368108609","MLA21542051","ORGANIC","false","false","libros de terror","5.0","","96","+9.999 resultados","https://articulo.mercadolibre.com.ar/MLA-3642394002","Llega el lunes","","","","","MLA412445","MLA-BOOKS","","CORE","CORE","","2026-09-26T20:35:45.066Z",
"https://http2.mlstatic.com/D_NQ_NP_629562-MLA89186577377_082025-O.webp","ARS","45315","47700","5% OFF",,,,,"El Terror: Una Novela Basada En La Historia Real De La Expedición Franklin, De Dan Simmons. Editorial B De Bolsillo, Tapa Blanda En Español, 2025","","","25","true","true","Zivals Tienda oficial","true","MLA53263815","MLA3039636386","MLA53263815","MLAU3834775984","MLA53263815","ORGANIC","false","false","libros de terror","5.0","10","97","+9.999 resultados","https://articulo.mercadolibre.com.ar/MLA-3039636386","Llega gratis el lunes","ÚLTIMAS 2 | ÚLTIMAS UNIDADES","","","","MLA412445","MLA-BOOKS","","CORE","CORE","","2026-09-26T20:36:02.363Z",
"https://http2.mlstatic.com/D_NQ_NP_843116-MLA99940588445_112025-O.webp","ARS","35972","37900","5% OFF",,,,,"Misery, De King, Stephen. Editorial Debolsillo, Tapa Blanda En Español, 2019","","","50","true","true","Zivals Tienda oficial","true","MLA24550195","MLA1623078345","MLA24550195","MLAU3688747161","MLA24550195","ORGANIC","false","false","libros de terror","4.8","89","98","+9.999 resultados","https://articulo.mercadolibre.com.ar/MLA-1623078345","Llega gratis mañana Enviado por FULL","ÚLTIMAS 4 | ÚLTIMAS UNIDADES","","","","MLA412445","MLA-BOOKS","","CORE","CORE","","2026-09-26T20:36:02.363Z",
"https://http2.mlstatic.com/D_NQ_NP_832918-MLU72520022420_102023-O.webp","ARS","12000","","",,,,,"Libro Quien Mato A Alex ? El Secreto Develado - Alex 2 - Janeth, de Janeth, G.S. OZ Editorial, tapa dura en español, 2022","","","50","false","true","","false","MLA21664586","MLA1952585260","MLA21664586","MLAU2705579773","MLA21664586","ORGANIC","false","false","libros de terror","4.9","6","99","+9.999 resultados","https://articulo.mercadolibre.com.ar/MLA-1952585260","Llega el lunes","ÚLTIMAS 3 | ÚLTIMAS UNIDADES","","","","MLA412445","MLA-BOOKS","","CORE","CORE","","2026-09-26T20:36:02.363Z",
"https://http2.mlstatic.com/D_NQ_NP_987026-MLA92055958048_092025-O.webp","ARS","35149","36999","5% OFF",,,,,"Junji Ito: Best Of Best, De Junji Ito, Vol. 1. Editorial Ivrea, En Castellano (2025)","","","100","true","true","ENTELEQUIA Tienda oficial","true","MLA56180575","MLA1544391467","MLA56180575","MLAU3414262233","MLA56180575","ORGANIC","false","false","libros de terror","4.8","21","100","+9.999 resultados","https://articulo.mercadolibre.com.ar/MLA-1544391467","Llega gratis el lunes","¡ÚLTIMA! | ÚLTIMA UNIDAD","","","","MLA412445","MLA-BOOKS","","CORE","CORE","","2026-09-26T20:36:02.363Z",
"https://http2.mlstatic.com/D_NQ_NP_672555-CBT117936818305_092026-O.webp","ARS","78311","","",,,,,"50 Historias De Terror Reales Miguel Ángel Segura (spanish)","","",,"true",,"","false","MLA2107905063","MLA2107905063","","MLAU5216699397","MLAU5216699397","ORGANIC","false","true","libros de terror","","","101","+9.999 resultados","https://articulo.mercadolibre.com.ar/MLA-2107905063","Envío gratis","","","USA","","MLA412445","MLA-BOOKS","","CORE","CORE","","2026-09-26T20:36:02.363Z",
"https://http2.mlstatic.com/D_NQ_NP_968150-MLA41606190937_052020-O.webp","ARS","21643","23000","5% OFF",,,,,"Estrella Maligna Remina","","","500","true","true","SBS Librerias Tienda oficial","true","MLA22164163","MLA1901995988","MLA22164163","MLAU263034137","MLA22164163","ORGANIC","false","false","libros de terror","4.9","60","102","+9.999 resultados","https://articulo.mercadolibre.com.ar/MLA-1901995988","Llega gratis el lunes","","","","","MLA412445","MLA-BOOKS","","CORE","CORE","","2026-09-26T20:36:02.363Z",
"https://http2.mlstatic.com/D_NQ_NP_724644-MLA84328502064_052025-O.webp","ARS","30900","","",,,,,"No Tengas Miedo, De Stephen King. Editorial Plaza & Janes, Tapa Blanda, Edición 1 En Español, 2025","","","1000","true","true","","false","MLA49835247","MLA1506881199","MLA49835247","MLAU3254759005","MLA49835247","ORGANIC","false","false","libros de terror","4.9","","103","+9.999 resultados","https://articulo.mercadolibre.com.ar/MLA-1506881199","Llega gratis el lunes","","","","","MLA412445","MLA-BOOKS","","CORE","CORE","","2026-09-26T20:36:02.363Z",
"https://http2.mlstatic.com/D_NQ_NP_891096-MLA52643980204_112022-O.webp","ARS","33345","35100","5% OFF",,,,,"Viento Por La Cerradura, El","","","100","true","true","Zivals Tienda oficial","true","MLA21438722","MLA3975046406","MLA21438722","MLAU4296992749","MLA21438722","ORGANIC","false","false","libros de terror","4.9","","104","+9.999 resultados","https://articulo.mercadolibre.com.ar/MLA-3975046406","Llega gratis el lunes","","","","","MLA412445","MLA-BOOKS","","CORE","CORE","","2026-09-26T20:36:02.364Z",
"https://http2.mlstatic.com/D_NQ_NP_847451-MLA111554261691_052026-O.webp","ARS","47530","","",,,,,"Pie De Bruja - Brom","6 cuotas de 10693","","50","true","true","PANDORA LIBROS TU LIBRERIA ONL Tienda oficial","true","MLA69554345","MLA2066338233","MLA69554345","MLAU4744399912","MLA69554345","ORGANIC","false","false","libros de terror","5.0","","105","+9.999 resultados","https://articulo.mercadolibre.com.ar/MLA-2066338233","Envío gratis","","","","","MLA412445","MLA-BOOKS","","CORE","CORE","","2026-09-26T20:36:02.364Z",
"https://http2.mlstatic.com/D_NQ_NP_921615-MLA112599689019_062026-O.webp","ARS","22000","","",,,,,"No Abras La Ultima Puerta - Molina Luciano","","","100","false","true","","false","MLA70960463","MLA3462281362","MLA70960463","MLAU3965025444","MLA70960463","ORGANIC","false","false","libros de terror","5.0","","106","+9.999 resultados","https://articulo.mercadolibre.com.ar/MLA-3462281362","","","","","","MLA412445","MLA-BOOKS","","CORE","CORE","","2026-09-26T20:36:02.364Z",
"https://http2.mlstatic.com/D_NQ_NP_760017-MLU77278828552_072024-O.webp","ARS","53371","59900","10% OFF",,,,,"El Exorcismo De Mi Mejor Amiga De Grady Hendrix - Minotauro","6 cuotas de 12007","","50","true","true","LIBRENTA Tienda oficial","true","MLA19861783","MLA1255046183","MLA19861783","MLAU220529837","MLA19861783","ORGANIC","false","false","libros de terror","4.8","","107","+9.999 resultados","https://articulo.mercadolibre.com.ar/MLA-1255046183","Llega gratis mañana Enviado por FULL","","","","","MLA412445","MLA-BOOKS","","CORE","CORE","","2026-09-26T20:36:02.364Z",
"https://http2.mlstatic.com/D_NQ_NP_822682-MLA82430857751_022025-O.webp","ARS","25630","","",,,,,"Libro Necronomicon / H. P. Lovecraft / Ilustrado Tapa Dura","","","100","false","true","REFUGIO DEL LECTOR Tienda oficial","true","MLA22139875","MLA2776434278","MLA22139875","MLAU3314441093","MLA22139875","ORGANIC","false","false","libros de terror","4.8","","108","+9.999 resultados","https://articulo.mercadolibre.com.ar/MLA-2776434278","","","","","","MLA412445","MLA-BOOKS","","CORE","CORE","","2026-09-26T20:36:02.364Z",
"https://http2.mlstatic.com/D_NQ_NP_633507-MLA99934734153_112025-O.webp","ARS","22800","","",,,,,"Step Closer (five Nights At Freddy's: Fazbear Frights #4)...","","","100","true","true","","false","MLA21479193","MLA1400425037","MLA21479193","MLAU124134962","MLA21479193","ORGANIC","false","false","libros de terror","4.6","28","109","+9.999 resultados","https://articulo.mercadolibre.com.ar/MLA-1400425037","Llega gratis el lunes","¡ÚLTIMA! | ÚLTIMA UNIDAD","","","","MLA412445","MLA-BOOKS","","CORE","CORE","","2026-09-26T20:36:02.364Z",
"https://http2.mlstatic.com/D_NQ_NP_624160-MLA79770599622_102024-O.webp","ARS","6500","","",,,,,"Relatos De Horror Howard P Lovecraft E Libertador","","","50","false","true","","false","MLA19895957","MLA1506353659","MLA19895957","MLAU283252542","MLA19895957","ORGANIC","false","false","libros de terror","4.8","","110","+9.999 resultados","https://articulo.mercadolibre.com.ar/MLA-1506353659","Llega el lunes","","","","","MLA412445","MLA-BOOKS","","CORE","CORE","","2026-09-26T20:36:02.364Z",
"https://http2.mlstatic.com/D_NQ_NP_633704-MLU53348492670_012023-O.webp","ARS","20231","21500","5% OFF",,,,,"Colegio Maldito II. El Secreto Del Director - Korenfeld, Gab","","","100","true","true","SBS Librerias Tienda oficial","true","MLA21496549","MLA1471818400","MLA21496549","MLAU278727256","MLA21496549","ORGANIC","false","false","libros de terror","4.6","16","111","+9.999 resultados","https://articulo.mercadolibre.com.ar/MLA-1471818400","Llega gratis el lunes","OFERTA IMPERDIBLE","","","","MLA412445","MLA-BOOKS","","CORE","CORE","","2026-09-26T20:36:02.364Z",
"https://http2.mlstatic.com/D_NQ_NP_874566-MLA83656871823_042025-O.webp","ARS","44549","49499","10% OFF",,,,,"La Cúpula, De King, Stephen. Editorial Debolsillo, Tapa Blanda En Español, 2024","","",,"true","true","NADIR LIBROS Tienda oficial","true","MLA47830969","MLA2333465790","MLA47830969","MLAU3408042475","MLA47830969","ORGANIC","false","false","libros de terror","","7","112","+9.999 resultados","https://articulo.mercadolibre.com.ar/MLA-2333465790","Envío gratis","¡ÚLTIMA! | ÚLTIMA UNIDAD","","","","MLA412445","MLA-BOOKS","","CORE","CORE","","2026-09-26T20:36:02.364Z",
"https://http2.mlstatic.com/D_NQ_NP_851760-MLA104246583148_012026-O.webp","ARS","26000","","",,,,,"Libro Creepshow Historietas Macabras Y Aterradoras - Cloonan,becky, De Cloonan,becky/walsh,michael/ahmed,s. Editorial Moztros, Tapa Blanda, En Castellano","","",,"true","true","","false","MLA64270583","MLA3907437844","MLA64270583","MLAU5064936575","MLA64270583","ORGANIC","false","false","libros de terror","","","113","+9.999 resultados","https://articulo.mercadolibre.com.ar/MLA-3907437844","Llega gratis el lunes","","","","","MLA412445","MLA-BOOKS","","CORE","CORE","","2026-09-26T20:36:02.364Z",
"https://http2.mlstatic.com/D_NQ_NP_763805-MLA107532209532_032026-O.webp","ARS","26910","29250","8% OFF",,,,,"Carrie - Stephen King","","",,"false",,"Yenny El Ateneo Tienda oficial","true","MLA1691994409","MLA1691994409","","MLAU3823568401","MLAU3823568401","ORGANIC","false","false","libros de terror","","","114","+9.999 resultados","https://articulo.mercadolibre.com.ar/MLA-1691994409","Llega mañana Enviado por FULL","","","","","MLA412445","MLA-BOOKS","","CORE","CORE","","2026-09-26T20:36:02.364Z",
"https://http2.mlstatic.com/D_NQ_NP_939560-MLA80412863300_112024-O.webp","ARS","28160","","",,,,,"Obras Esenciales de H.P. Lovecraft Colección Platino Editorial Plutón","","","25","false","true","REFUGIO DEL LECTOR Tienda oficial","true","MLA21306883","MLA1642105451","MLA21306883","MLAU3314442203","MLA21306883","ORGANIC","false","false","libros de terror","5.0","","115","+9.999 resultados","https://articulo.mercadolibre.com.ar/MLA-1642105451","","ÚLTIMAS 3 | ÚLTIMAS UNIDADES","","","","MLA412445","MLA-BOOKS","","CORE","CORE","","2026-09-26T20:36:02.364Z",
"https://http2.mlstatic.com/D_NQ_NP_873073-MLA99954040249_112025-O.webp","ARS","33000","","",,,,,"Soy Leyenda: N/a, De Richard Matheson. Editorial Minotauro, Tapa Blanda En Castellano, 2013","","","100","true","true","","false","MLA23818547","MLA3291692200","MLA23818547","MLAU3958529638","MLA23818547","ORGANIC","false","false","libros de terror","4.9","20","116","+9.999 resultados","https://articulo.mercadolibre.com.ar/MLA-3291692200","Llega gratis el lunes","ÚLTIMAS 5 | ÚLTIMAS UNIDADES","","","","MLA412445","MLA-BOOKS","","CORE","CORE","","2026-09-26T20:36:02.364Z",
"https://http2.mlstatic.com/D_NQ_NP_826160-MLU78366439343_082024-O.webp","ARS","7000","","",,,,,"Libro Cuentos de terror, de P H Lovecraft. Editorial Libertador, tapa blanda (2022)","","","100","false","true","","false","MLA21976034","MLA1434865171","MLA21976034","MLAU157895345","MLA21976034","ORGANIC","false","false","libros de terror","4.6","30","117","+9.999 resultados","https://articulo.mercadolibre.com.ar/MLA-1434865171","Llega el lunes","","","","","MLA412445","MLA-BOOKS","","CORE","CORE","","2026-09-26T20:36:02.364Z",
"https://http2.mlstatic.com/D_NQ_NP_632435-MLA99448342538_112025-O.webp","ARS","23200","","",,,,,"Extraño Caso De Dr Jekyll Y Mr Hyde, El / Pd.","","","100","true","true","SBS Librerias Tienda oficial","true","MLA21450786","MLA1668541668","MLA21450786","MLAU286592748","MLA21450786","ORGANIC","false","false","libros de terror","4.9","46","118","+9.999 resultados","https://articulo.mercadolibre.com.ar/MLA-1668541668","Llega gratis el lunes","ÚLTIMAS 4 | ÚLTIMAS UNIDADES","","","","MLA412445","MLA-BOOKS","","CORE","CORE","","2026-09-26T20:36:02.364Z",
"https://http2.mlstatic.com/D_NQ_NP_634186-MLU77620723513_072024-O.webp","ARS","47699","52999","10% OFF",,,,,"El Visitante - Stephen King, de King, Stephen. Editorial Plaza & Janes, tapa blanda en español, 2018","6 cuotas de 10731","","500","true","true","NADIR LIBROS Tienda oficial","true","MLA19812341","MLA1255315698","MLA19812341","MLAU215927788","MLA19812341","ORGANIC","false","false","libros de terror","4.8","55","119","+9.999 resultados","https://articulo.mercadolibre.com.ar/MLA-1255315698","Envío gratis","¡ÚLTIMA! | ÚLTIMA UNIDAD","","","","MLA412445","MLA-BOOKS","","CORE","CORE","","2026-09-26T20:36:02.364Z",
"https://http2.mlstatic.com/D_NQ_NP_627234-MLU72972318983_112023-O.webp","ARS","26000","","",,,,,"Libro Five Nights At Freddy's Escalofríos De Fazbear 3 1:35 - Scott Cawthon - Roca Editorial","","","500","true","true","","false","MLA24608380","MLA3995223806","MLA24608380","MLAU5309184118","MLA24608380","ORGANIC","false","false","libros de terror","4.9","","120","+9.999 resultados","https://articulo.mercadolibre.com.ar/MLA-3995223806","Llega gratis el lunes","","","","","MLA412445","MLA-BOOKS","","CORE","CORE","","2026-09-26T20:36:02.364Z",
"https://http2.mlstatic.com/D_NQ_NP_938426-MLA87886001894_072025-O.webp","ARS","23000","25000","8% OFF",,,,,"Nadie Sale Vivo De Aqui - Antonio Santa Ana, De Santa Ana, Antonio. Editorial Norma, Tapa Blanda En Español, 2025","","","50","true","true","La Revistería Comics Tienda oficial","true","MLA52969719","MLA2198687398","MLA52969719","MLAU3299968073","MLA52969719","ORGANIC","false","false","libros de terror","4.8","15","121","+9.999 resultados","https://articulo.mercadolibre.com.ar/MLA-2198687398","Llega gratis mañana","","","","","MLA412445","MLA-BOOKS","","CORE","CORE","","2026-09-26T20:36:02.364Z",
"https://http2.mlstatic.com/D_NQ_NP_706904-MLU69778134437_062023-O.webp","ARS","22410","","",,,,,"La Filosofía Como Arma De La Revolución, De Louis Althusser. Editorial Siglo Xxi Editores, Tapa Blanda En Español, 2022","","","25","true","true","Ribera Libros Tienda oficial","true","MLA23648677","MLA1670709840","MLA23648677","MLAU317593609","MLA23648677","ORGANIC","false","false","libros de terror","4.9","7","122","+9.999 resultados","https://articulo.mercadolibre.com.ar/MLA-1670709840","Llega gratis el lunes","¡ÚLTIMA! | ÚLTIMA UNIDAD","","","","MLA412445","MLA-BOOKS","","CORE","CORE","","2026-09-26T20:36:02.365Z",
"https://http2.mlstatic.com/D_NQ_NP_746144-MLA99964522609_112025-O.webp","ARS","44528","","",,,,,"Insomnia, De King, Stephen. Editorial Debolsillo, Tapa Blanda En Español","","","50","true","true","MASLIBROS Tienda oficial","true","MLA25045447","MLA1926692618","MLA25045447","MLAU1911505525","MLA25045447","ORGANIC","false","false","libros de terror","4.9","12","123","+9.999 resultados","https://articulo.mercadolibre.com.ar/MLA-1926692618","Llega gratis el lunes","ÚLTIMAS 4 | ÚLTIMAS UNIDADES","","","","MLA412445","MLA-BOOKS","","CORE","CORE","","2026-09-26T20:36:02.365Z",
"https://http2.mlstatic.com/D_NQ_NP_757179-MLA49204675158_022022-O.webp","ARS","4130","4390","5% OFF",,,,,"Hay Un Ogro En Mi Casa - Mayuscula - Fernando De Vedia","","","100","false","true","SBS Librerias Tienda oficial","true","MLA21245812","MLA1510930320","MLA21245812","MLAU210230552","MLA21245812","ORGANIC","false","false","libros de terror","5.0","16","124","+9.999 resultados","https://articulo.mercadolibre.com.ar/MLA-1510930320","Llega el lunes","","","","","MLA412445","MLA-BOOKS","","CORE","CORE","","2026-09-26T20:36:02.365Z",
"https://http2.mlstatic.com/D_NQ_NP_921504-MLA43865714513_102020-O.webp","ARS","60789","66600","8% OFF",,,,,"Cuentos Macabros Edgar Allan Poe Lacombe Edelvives","Mismo precio 3 cuotas de 20263","","500","true","true","SBS Librerias Tienda oficial","true","MLA20955196","MLA2830860780","MLA20955196","MLAU277045621","MLA20955196","ORGANIC","false","false","libros de terror","5.0","115","125","+9.999 resultados","https://articulo.mercadolibre.com.ar/MLA-2830860780","Llega gratis el lunes","OFERTA IMPERDIBLE","","","","MLA412445","MLA-BOOKS","","CORE","CORE","","2026-09-26T20:36:02.365Z",
"https://http2.mlstatic.com/D_NQ_NP_724064-MLA99850899243_112025-O.webp","ARS","19320","21000","8% OFF",,,,,"Ruperto De Terror - La Gran Aventura - Loqueleo","","","500","true","true","La Revistería Comics Tienda oficial","true","MLA21373096","MLA1836898800","MLA21373096","MLAU399397063","MLA21373096","ORGANIC","false","false","libros de terror","4.8","47","126","+9.999 resultados","https://articulo.mercadolibre.com.ar/MLA-1836898800","Llega gratis mañana","","","","","MLA412445","MLA-BOOKS","","CORE","CORE","","2026-09-26T20:36:02.365Z",
"https://http2.mlstatic.com/D_NQ_NP_916259-MLA111548767103_052026-O.webp","ARS","11598","","",,,,,"Aula En Descomposición - Junji Ito - Ivrea Argentina","","","50","false","true","","false","MLA69498057","MLA3390270400","MLA69498057","MLAU4023388565","MLA69498057","ORGANIC","false","false","libros de terror","5.0","6","127","+9.999 resultados","https://articulo.mercadolibre.com.ar/MLA-3390270400","Llega el lunes","","","","","MLA412445","MLA-BOOKS","","CORE","CORE","","2026-09-26T20:36:02.365Z",
"https://http2.mlstatic.com/D_NQ_NP_924864-MLU53088496872_122022-O.webp","ARS","38500","","",,,,,"Dracula Y Otros Relatos De Terror (tapa Dura) / Bram Stoker","","",,"true","true","","false","MLA22000105","MLA2562722966","MLA22000105","MLAU3542318888","MLA22000105","ORGANIC","false","false","libros de terror","","","128","+9.999 resultados","https://articulo.mercadolibre.com.ar/MLA-2562722966","Llega gratis mañana Enviado por FULL","","","","","MLA412445","MLA-BOOKS","","CORE","CORE","","2026-09-26T20:36:02.365Z",
"https://http2.mlstatic.com/D_NQ_NP_644477-MLA79844915684_102024-O.webp","ARS","33602","35900","6% OFF",,,,,"Apocalipsis Z. La Ira De Los Justos, De Loureiro, Manel., Vol. 1. Editorial Booket, Tapa Blanda En Spa, 2024","","",,"true","true","LIBRENTA Tienda oficial","true","MLA42153840","MLA1741256629","MLA42153840","MLAU3898032284","MLA42153840","ORGANIC","false","false","libros de terror","","","129","+9.999 resultados","https://articulo.mercadolibre.com.ar/MLA-1741256629","Llega gratis mañana Enviado por FULL","","","","","MLA412445","MLA-BOOKS","","CORE","CORE","","2026-09-26T20:36:02.365Z",
"https://http2.mlstatic.com/D_NQ_NP_776855-CBT116435181228_092026-O.webp","ARS","68324","","",,,,,"El Elevador Lenny Mar, Novela De Terror Psicológico (español)","","",,"true",,"","false","MLA2107891925","MLA2107891925","","MLAU5253935618","MLAU5253935618","ORGANIC","false","true","libros de terror","","","130","+9.999 resultados","https://articulo.mercadolibre.com.ar/MLA-2107891925","Envío gratis","","","USA","","MLA412445","MLA-BOOKS","","CORE","CORE","","2026-09-26T20:36:02.365Z",
"https://http2.mlstatic.com/D_NQ_NP_991475-CBT114082536136_072026-O.webp","ARS","65732","","",,,,,"El Terror Privado Y El Terror Político Guido (spanish)","","",,"true",,"","false","MLA2046087507","MLA2046087507","","MLAU4543393726","MLAU4543393726","ORGANIC","false","true","libros de terror","","","131","+9.999 resultados","https://articulo.mercadolibre.com.ar/MLA-2046087507","Envío gratis","","","USA","","MLA412445","MLA-BOOKS","","CORE","CORE","","2026-09-26T20:36:02.365Z",
"https://http2.mlstatic.com/D_NQ_NP_900656-MLM28541542090_102018-O.webp","ARS","60886","66180","7% OFF",,,,,"Una Cabeza Llena De Fantasmas","Mismo precio 3 cuotas de 20295","","50","true","true","La Revistería Comics Tienda oficial","true","MLA21541439","MLA3445276552","MLA21541439","MLAU4076983062","MLA21541439","ORGANIC","false","false","libros de terror","4.8","","132","+9.999 resultados","https://articulo.mercadolibre.com.ar/MLA-3445276552","Llega gratis mañana","","","","","MLA412445","MLA-BOOKS","","CORE","CORE","","2026-09-26T20:36:02.365Z",
"https://http2.mlstatic.com/D_NQ_NP_781428-CBT116435241190_092026-O.webp","ARS","61091","","",,,,,"La Pared, Novela De Terror De Victor Ironscrusher (español)","","",,"true",,"","false","MLA2107915407","MLA2107915407","","MLAU5253948920","MLAU5253948920","ORGANIC","false","true","libros de terror","","","133","+9.999 resultados","https://articulo.mercadolibre.com.ar/MLA-2107915407","Envío gratis","","","USA","","MLA412445","MLA-BOOKS","","CORE","CORE","","2026-09-26T20:36:02.365Z",
"https://http2.mlstatic.com/D_NQ_NP_929688-MLA48484428606_122021-O.webp","ARS","20000","","",,,,,"Casa En El Cine De Terror, La - Marcelo Vieguer","","",,"true","true","","false","MLA21081582","MLA1474437822","MLA21081582","MLAU184835117","MLA21081582","ORGANIC","false","false","libros de terror","","","134","+9.999 resultados","https://articulo.mercadolibre.com.ar/MLA-1474437822","Llega gratis el lunes","","","","","MLA412445","MLA-BOOKS","","CORE","CORE","","2026-09-26T20:36:02.365Z",
"https://http2.mlstatic.com/D_NQ_NP_674603-MLU70742286073_072023-O.webp","ARS","50136","54775,2","8% OFF",,,,,"La Tormenta De Cristal, De Pedro Torrijos. Editorial B, Tapa Blanda En Español, 2023","6 cuotas de 11279","","50","true","true","MASLIBROS Tienda oficial","true","MLA25354008","MLA2278114366","MLA25354008","MLAU3372947361","MLA25354008","ORGANIC","false","false","libros de terror","4.8","1","135","+9.999 resultados","https://articulo.mercadolibre.com.ar/MLA-2278114366","Llega gratis mañana Enviado por FULL","ÚLTIMAS 2 | ÚLTIMAS UNIDADES","","","","MLA412445","MLA-BOOKS","","CORE","CORE","","2026-09-26T20:36:02.365Z",
"https://http2.mlstatic.com/D_NQ_NP_966897-MLA100502991123_122025-O.webp","ARS","32300","","",,,,,"Libro Stranger Things: El Vuelo De Ícaro, De Caitlin Schneiderhan, Vol. 1. Editorial Debols!llo, Tapa Blanda (-1)","","","50","true","true","Zivals Tienda oficial","true","MLA62892928","MLA2710789782","MLA62892928","MLAU3697231730","MLA62892928","ORGANIC","false","false","libros de terror","5.0","7","136","+9.999 resultados","https://articulo.mercadolibre.com.ar/MLA-2710789782","Llega gratis el lunes","ÚLTIMAS 2 | ÚLTIMAS UNIDADES","","","","MLA412445","MLA-BOOKS","","CORE","CORE","","2026-09-26T20:36:02.365Z",
"https://http2.mlstatic.com/D_NQ_NP_616703-MLA97121390668_112025-O.webp","ARS","18810","20900","10% OFF",,,,,"Libro Una Piyamada De Terror, De Regina, Michael, Vol. 1. Editorial Capicua, Tapa Blanda (2025)","","","25","false","true","NADIR LIBROS Tienda oficial","true","MLA61854510","MLA2789203288","MLA61854510","MLAU3520528145","MLA61854510","ORGANIC","false","false","libros de terror","5.0","","137","+9.999 resultados","https://articulo.mercadolibre.com.ar/MLA-2789203288","","¡ÚLTIMA! | ÚLTIMA UNIDAD","","","","MLA412445","MLA-BOOKS","","CORE","CORE","","2026-09-26T20:36:02.365Z",
"https://http2.mlstatic.com/D_NQ_NP_706217-MLA84715417909_052025-O.webp","ARS","36418","39900","8% OFF",,,,,"Drácula, De Bram Stoker. Editorial Del Fondo Editorial, Tapa Blanda En Español","","","25","true","true","SBS Librerias Tienda oficial","true","MLA50011046","MLA1696267991","MLA50011046","MLAU3837556150","MLA50011046","ORGANIC","false","false","libros de terror","5.0","6","138","+9.999 resultados","https://articulo.mercadolibre.com.ar/MLA-1696267991","Llega gratis el lunes","OFERTA IMPERDIBLE","","","","MLA412445","MLA-BOOKS","","CORE","CORE","","2026-09-26T20:36:02.365Z",
"https://http2.mlstatic.com/D_NQ_NP_880561-MLA83586223583_042025-O.webp","ARS","25999","","",,,,,"Creepshow, De Paul Dini. Editorial Moztros En Español, 2025","","","25","true","true","ENTELEQUIA Tienda oficial","true","MLA47768396","MLA1499649157","MLA47768396","MLAU3193572282","MLA47768396","ORGANIC","false","false","libros de terror","5.0","5","139","+9.999 resultados","https://articulo.mercadolibre.com.ar/MLA-1499649157","Llega gratis el lunes","¡ÚLTIMA! | ÚLTIMA UNIDAD","","","","MLA412445","MLA-BOOKS","","CORE","CORE","","2026-09-26T20:36:02.365Z",
"https://http2.mlstatic.com/D_NQ_NP_735156-MLA32711693501_102019-O.webp","ARS","22400","","",,,,,"Tales Of Mystery And Imagination - Bookworms.3 + Mp3 Audio, de Poe, Edgar Allan. Editorial Oxford University Press, tapa blanda en inglés internacional, 2016","","","100","true","true","PYQ Tienda oficial","true","MLA20946296","MLA2856096926","MLA20946296","MLAU3782429583","MLA20946296","ORGANIC","false","false","libros de terror","4.8","33","140","+9.999 resultados","https://articulo.mercadolibre.com.ar/MLA-2856096926","Llega gratis el lunes","ÚLTIMAS 4 | ÚLTIMAS UNIDADES","","","","MLA412445","MLA-BOOKS","","CORE","CORE","","2026-09-26T20:36:02.366Z",
"https://http2.mlstatic.com/D_NQ_NP_946176-MLA99468137988_112025-O.webp","ARS","17990","","",,,,,"Cuentos De Terror Del Barco Negro - Chris Prietsley","","","50","true","true","","false","MLA21372687","MLA1469121701","MLA21372687","MLAU2923385920","MLA21372687","ORGANIC","false","false","libros de terror","5.0","4","141","+9.999 resultados","https://articulo.mercadolibre.com.ar/MLA-1469121701","Llega gratis el lunes","","","","","MLA412445","MLA-BOOKS","","CORE","CORE","","2026-09-26T20:36:02.366Z",
"https://http2.mlstatic.com/D_NQ_NP_649347-MLA115680341037_082026-O.webp","ARS","16110","17900","10% OFF",,,,,"Hay Algo Matando Niños No 07 - James Tynion Iv","","",,"false","true","Eterna Cadencia Tienda oficial","true","MLA76441004","MLA1954485547","MLA76441004","MLAU4501838198","MLA76441004","ORGANIC","false","false","libros de terror","","","142","+9.999 resultados","https://articulo.mercadolibre.com.ar/MLA-1954485547","","","","","","MLA412445","MLA-BOOKS","","CORE","CORE","","2026-09-26T20:36:02.366Z",
"https://http2.mlstatic.com/D_NQ_NP_837997-MLA99950014259_112025-O.webp","ARS","93900","","",,,,,"Clive Barker Libros de sangre I Volúmenes I, II y III Editorial Valdemar","6 cuotas de 21125","","100","true","true","Zivals Tienda oficial","true","MLA21328600","MLA2430462888","MLA21328600","MLAU3474523828","MLA21328600","ORGANIC","false","false","libros de terror","4.8","15","143","+9.999 resultados","https://articulo.mercadolibre.com.ar/MLA-2430462888","Llega gratis el lunes","ÚLTIMAS 5 | ÚLTIMAS UNIDADES","","","","MLA412445","MLA-BOOKS","","CORE","CORE","","2026-09-26T20:36:02.366Z",
"https://http2.mlstatic.com/D_NQ_NP_836856-MLA46936042544_072021-O.webp","ARS","35972","37900","5% OFF",,,,,"Trasnoche Paranormal - 20 Historias De Terror Héctor Rossi","","","100","true","true","","false","MLA21290825","MLA1329923943","MLA21290825","MLAU166592690","MLA21290825","ORGANIC","false","false","libros de terror","4.8","53","144","+9.999 resultados","https://articulo.mercadolibre.com.ar/MLA-1329923943","Llega gratis el lunes","","","","","MLA412445","MLA-BOOKS","","CORE","CORE","","2026-09-26T20:36:02.366Z",
"https://http2.mlstatic.com/D_NQ_NP_788289-MLA116379382854_092026-O.webp","ARS","13990","","",,,,,"Gaturro Y La Mansión Del Terror - Nico - Primera Sudamerican","","",,"false",,"","false","MLA3968525424","MLA3968525424","","MLAU5205521835","MLAU5205521835","ORGANIC","false","false","libros de terror","","","145","+9.999 resultados","https://articulo.mercadolibre.com.ar/MLA-3968525424","","","","","","MLA412445","MLA-BOOKS","","CORE","CORE","","2026-09-26T20:36:29.366Z",
"https://http2.mlstatic.com/D_NQ_NP_772425-MLA93486256883_092025-O.webp","ARS","28900","","",,,,,"Cómo Desaparecer Completamente / Mariana Enríquez / Nuevo!!!","","","100","true",,"","false","MLA2397722408","MLA2397722408","","MLAU3444462987","MLAU3444462987","ORGANIC","false","false","libros de terror","5.0","6","146","+9.999 resultados","https://articulo.mercadolibre.com.ar/MLA-2397722408","Llega gratis el lunes","¡ÚLTIMA! | ÚLTIMA UNIDAD","","","","MLA412445","MLA-BOOKS","","CORE","CORE","","2026-09-26T20:36:29.366Z",
"https://http2.mlstatic.com/D_NQ_NP_709216-MLU75134764653_032024-O.webp","ARS","11760","","",,,,,"Manga Tokyo Ghoul Vol. 4 Ivrea Argentina","","","100","false","true","UBIK Libros Comics Tienda oficial","true","MLA22139275","MLA2832177122","MLA22139275","MLAU196868794","MLA22139275","ORGANIC","false","false","libros de terror","4.9","","147","+9.999 resultados","https://articulo.mercadolibre.com.ar/MLA-2832177122","Llega el lunes","","","","","MLA412445","MLA-BOOKS","","CORE","CORE","","2026-09-26T20:36:29.366Z",
"https://http2.mlstatic.com/D_NQ_NP_801472-MLA95380235828_102025-O.webp","ARS","10500","","",,,,,"Dandadan 19 Ivrea Manga","","","50","false","true","PYQ Tienda oficial","true","MLA60722602","MLA3732756752","MLA60722602","MLAU4584676087","MLA60722602","ORGANIC","false","false","libros de terror","5.0","","148","+9.999 resultados","https://articulo.mercadolibre.com.ar/MLA-3732756752","Llega el lunes","","","","","MLA412445","MLA-BOOKS","","CORE","CORE","","2026-09-26T20:36:29.366Z",
"https://http2.mlstatic.com/D_NQ_NP_857043-MLA30993186125_062019-O.webp","ARS","9900","","",,,,,"Junto A Un Muerto Y Otros - De Maupassant Terror Y Misterio","","","50","false","true","PYQ Tienda oficial","true","MLA21372394","MLA1904036061","MLA21372394","MLAU4340441337","MLA21372394","ORGANIC","false","false","libros de terror","4.7","","149","+9.999 resultados","https://articulo.mercadolibre.com.ar/MLA-1904036061","Llega el lunes","","","","","MLA412445","MLA-BOOKS","","CORE","CORE","","2026-09-26T20:36:29.366Z",
"https://http2.mlstatic.com/D_NQ_NP_975866-MLU74617001613_022024-O.webp","ARS","12000","","",,,,,"Las Estancias De Dzyan, De M. Blavatzki. Serie N/a Editorial Aquari, Tapa Blanda En Español, 2023","","","25","false","true","","false","MLA33950285","MLA3360709440","MLA33950285","MLAU3996204288","MLA33950285","ORGANIC","false","false","libros de terror","4.5","12","150","+9.999 resultados","https://articulo.mercadolibre.com.ar/MLA-3360709440","Llega el lunes","","","","","MLA412445","MLA-BOOKS","","CORE","CORE","","2026-09-26T20:36:29.366Z",
"https://http2.mlstatic.com/D_NQ_NP_895584-MLU78827863808_092024-O.webp","ARS","130500","","",,,,,"Las mil y una noches, de Anónimo. Editorial Del Fondo, tapa blanda en español, 2022","Mismo precio 6 cuotas de 21750","","100","true","true","DEL FONDO Tienda oficial","true","MLA22037279","MLA1805373472","MLA22037279","MLAU225252248","MLA22037279","ORGANIC","false","false","libros de terror","4.9","95","151","+9.999 resultados","https://articulo.mercadolibre.com.ar/MLA-1805373472","Llega gratis mañana Enviado por FULL","ÚLTIMAS 4 | ÚLTIMAS UNIDADES","","","","MLA412445","MLA-BOOKS","","CORE","CORE","","2026-09-26T20:36:29.366Z",
"https://http2.mlstatic.com/D_NQ_NP_854963-MLA48720470864_122021-O.webp","ARS","19935","22150","10% OFF",,,,,"El Retrato De Dorian Gray Oscar Wilde Editorial Lea en Español Tapa Blanda","","","50","false","true","NADIR LIBROS Tienda oficial","true","MLA22082042","MLA2383758964","MLA22082042","MLAU3433465951","MLA22082042","ORGANIC","false","false","libros de terror","5.0","","152","+9.999 resultados","https://articulo.mercadolibre.com.ar/MLA-2383758964","","","","","","MLA412445","MLA-BOOKS","","CORE","CORE","","2026-09-26T20:36:29.366Z",
"https://http2.mlstatic.com/D_NQ_NP_779392-MLA117821708623_092026-O.webp","ARS","9990","","",,,,,"10 Relatos De Terror - Ambrose Bierce, Robert Bloch, Joe Hal","","",,"false",,"","false","MLA2101281459","MLA2101281459","","MLAU5232111112","MLAU5232111112","ORGANIC","false","false","libros de terror","","","153","+9.999 resultados","https://articulo.mercadolibre.com.ar/MLA-2101281459","","","","","","MLA412445","MLA-BOOKS","","CORE","CORE","","2026-09-26T20:36:29.366Z",
"https://http2.mlstatic.com/D_NQ_NP_681333-MLU49942174916_052022-O.webp","ARS","31257","","",,,,,"Dragon Rojo, El Dbbs - Harris","","","100","true","true","MASLIBROS Tienda oficial","true","MLA22116510","MLA3006160724","MLA22116510","MLAU3828672420","MLA22116510","ORGANIC","false","false","libros de terror","4.9","","154","+9.999 resultados","https://articulo.mercadolibre.com.ar/MLA-3006160724","Llega gratis el lunes","","","","","MLA412445","MLA-BOOKS","","CORE","CORE","","2026-09-26T20:36:29.366Z",
"https://http2.mlstatic.com/D_NQ_NP_712462-MLU72522557058_102023-O.webp","ARS","39936","","",,,,,"Libro Narraciones Extraordinarias - Edgar Allan Poe","","","100","true","true","Ribera Libros Tienda oficial","true","MLA19989341","MLA2312502050","MLA19989341","MLAU3379601959","MLA19989341","ORGANIC","false","false","libros de terror","4.9","59","155","+9.999 resultados","https://articulo.mercadolibre.com.ar/MLA-2312502050","Llega gratis el lunes","","","","","MLA412445","MLA-BOOKS","","CORE","CORE","","2026-09-26T20:36:29.366Z",
"https://http2.mlstatic.com/D_NQ_NP_603769-MLU77949405195_072024-O.webp","ARS","38899","","",,,,,"En Las Montañas De La Locura Nº 02/02 - H. P. Lovecraft","","","50","true","true","ENTELEQUIA Tienda oficial","true","MLA19877168","MLA1761661871","MLA19877168","MLAU3923857556","MLA19877168","ORGANIC","false","false","libros de terror","4.9","14","156","+9.999 resultados","https://articulo.mercadolibre.com.ar/MLA-1761661871","Llega gratis el lunes","ÚLTIMAS 3 | ÚLTIMAS UNIDADES","","","","MLA412445","MLA-BOOKS","","CORE","CORE","","2026-09-26T20:36:29.366Z",
"https://http2.mlstatic.com/D_NQ_NP_631612-MLU75135858777_032024-O.webp","ARS","18000","","",,,,,"El Familiar - Una Historia De Terror - Azulejos Rojo - Emilio Saad, de Saad, Emilio. Editorial Estrada, tapa blanda en español, 2021","","","100","false","true","CASASSA Y LORENZO LIBREROS Tienda oficial","true","MLA21264300","MLA2041555455","MLA21264300","MLAU4723011839","MLA21264300","ORGANIC","false","false","libros de terror","4.9","","157","+9.999 resultados","https://articulo.mercadolibre.com.ar/MLA-2041555455","","","","","","MLA412445","MLA-BOOKS","","CORE","CORE","","2026-09-26T20:36:29.366Z",
"https://http2.mlstatic.com/D_NQ_NP_822537-MLU76306113565_052024-O.webp","ARS","32110","33800","5% OFF",,,,,"El Invitado De Dracula, De Stoker, Bram. Editorial Editorial Alma, Tapa Dura En Español, 2024","","","50","true","true","Zivals Tienda oficial","true","MLA36806381","MLA1961787150","MLA36806381","MLAU2821809540","MLA36806381","ORGANIC","false","false","libros de terror","4.9","","158","+9.999 resultados","https://articulo.mercadolibre.com.ar/MLA-1961787150","Llega gratis el lunes","OFERTA IMPERDIBLE","","","","MLA412445","MLA-BOOKS","","CORE","CORE","","2026-09-26T20:36:29.366Z",
"https://http2.mlstatic.com/D_NQ_NP_964901-MLA111553877831_052026-O.webp","ARS","21988","23900","8% OFF",,,,,"El Horror De Dunwich 2 - H.p. Lovecraft / Tanabe Gou Adaptaci","","",,"true","true","Zivals Tienda oficial","true","MLA69549736","MLA3893157396","MLA69549736","MLAU3851059415","MLA69549736","ORGANIC","false","false","libros de terror","","","159","+9.999 resultados","https://articulo.mercadolibre.com.ar/MLA-3893157396","Llega gratis el lunes","","","","","MLA412445","MLA-BOOKS","","CORE","CORE","","2026-09-26T20:36:29.366Z",
"https://http2.mlstatic.com/D_NQ_NP_996152-MLA82474383681_022025-O.webp","ARS","34649","38499","10% OFF",,,,,"Libro: La Torre Oscura 3 Las Tierras Baldias / Stephen King","","","100","true","true","NADIR LIBROS Tienda oficial","true","MLA22244437","MLA1393548859","MLA22244437","MLAU210194552","MLA22244437","ORGANIC","false","false","libros de terror","4.8","52","160","+9.999 resultados","https://articulo.mercadolibre.com.ar/MLA-1393548859","Envío gratis","ÚLTIMAS 2 | ÚLTIMAS UNIDADES","","","","MLA412445","MLA-BOOKS","","CORE","CORE","","2026-09-26T20:36:29.366Z",
"https://http2.mlstatic.com/D_NQ_NP_740740-MLA45046169397_032021-O.webp","ARS","27450","","",,,,,"Five Nights At Freddys 3 - Cuarto Armario - Roca - Libro","Mismo precio 3 cuotas de 9150","","1000","true","true","","false","MLA19949139","MLA2211132978","MLA19949139","MLAU3333136987","MLA19949139","ORGANIC","false","false","libros de terror","4.8","212","161","+9.999 resultados","https://articulo.mercadolibre.com.ar/MLA-2211132978","Llega gratis el lunes","ÚLTIMAS 3 | ÚLTIMAS UNIDADES","","","","MLA412445","MLA-BOOKS","","CORE","CORE","","2026-09-26T20:36:29.366Z",
"https://http2.mlstatic.com/D_NQ_NP_956105-MLA70845408938_082023-O.webp","ARS","18800","","",,,,,"Legion - William Peter  Blatty","","",,"false",,"","false","MLA903053751","MLA903053751","","MLAU288867858","MLAU288867858","ORGANIC","false","false","libros de terror","","3","162","+9.999 resultados","https://articulo.mercadolibre.com.ar/MLA-903053751","","","","","","MLA412445","MLA-BOOKS","","CORE","CORE","","2026-09-26T20:36:29.366Z",
"https://http2.mlstatic.com/D_NQ_NP_919941-MLU70591942258_072023-O.webp","ARS","17999","","",,,,,"H.p. Lovecraft - El Horror Secreto - Horacio Lalia, De Horacio Lalia. Editorial Doedytores En Español","","","50","true","true","ENTELEQUIA Tienda oficial","true","MLA24636638","MLA1468540500","MLA24636638","MLAU285005314","MLA24636638","ORGANIC","false","false","libros de terror","4.9","15","163","+9.999 resultados","https://articulo.mercadolibre.com.ar/MLA-1468540500","Llega gratis el lunes","ÚLTIMAS 2 | ÚLTIMAS UNIDADES","","","","MLA412445","MLA-BOOKS","","CORE","CORE","","2026-09-26T20:36:29.366Z",
"https://http2.mlstatic.com/D_NQ_NP_911133-MLA112209664811_052026-O.webp","ARS","9900","","",,,,,"El Rey De Amarillo Y Otros Relatos - Robert Chambers - Libro","","",,"false",,"","false","MLA3368996330","MLA3368996330","","MLAU3998143229","MLAU3998143229","ORGANIC","false","false","libros de terror","","","164","+9.999 resultados","https://articulo.mercadolibre.com.ar/MLA-3368996330","Llega el lunes","ÚLTIMAS 2 | ÚLTIMAS UNIDADES","","","","MLA412445","MLA-BOOKS","","CORE","CORE","","2026-09-26T20:36:29.366Z",
"https://http2.mlstatic.com/D_NQ_NP_927518-MLA27222530973_042018-O.webp","ARS","11999","","",,,,,"Colegio Maldito V - Gabriel Korenfeld","","","50","false","true","","false","MLA21154343","MLA2015151125","MLA21154343","MLAU4829278529","MLA21154343","ORGANIC","false","false","libros de terror","5.0","5","165","+9.999 resultados","https://articulo.mercadolibre.com.ar/MLA-2015151125","Llega el lunes","","","","","MLA412445","MLA-BOOKS","","CORE","CORE","","2026-09-26T20:36:29.366Z",
"https://http2.mlstatic.com/D_NQ_NP_660750-MLU46025525996_052021-O.webp","ARS","9400","","",,,,,"Fantasma De Canterville, El - Wilde, Oscar","","","100","false","true","","false","MLA22088805","MLA1336363175","MLA22088805","MLAU191785366","MLA22088805","ORGANIC","false","false","libros de terror","4.9","","166","+9.999 resultados","https://articulo.mercadolibre.com.ar/MLA-1336363175","","","","","","MLA412445","MLA-BOOKS","","CORE","CORE","","2026-09-26T20:36:29.366Z",
"https://http2.mlstatic.com/D_NQ_NP_766335-MLA90426226738_082025-O.webp","ARS","12000","","",,,,,"Tokyo Ghoul Tomo 1 - Sui Ishida - Ivrea","","",,"false",,"","false","MLA1516847365","MLA1516847365","","MLAU3376551425","MLAU3376551425","ORGANIC","false","false","libros de terror","","","167","+9.999 resultados","https://articulo.mercadolibre.com.ar/MLA-1516847365","Llega el lunes","¡ÚLTIMA! | ÚLTIMA UNIDAD","","","","MLA412445","MLA-BOOKS","","CORE","CORE","","2026-09-26T20:36:29.366Z",
"https://http2.mlstatic.com/D_NQ_NP_821272-MLU77829641171_072024-O.webp","ARS","76500","85000","10% OFF",,,,,"Vampiros - Dracula Y Otros Relatos Sangrientos (3 Libros)","Mismo precio 3 cuotas de 25500","","50","true","true","LEOBOOKS Tienda oficial","true","MLA21181091","MLA1315727283","MLA21181091","MLAU123899870","MLA21181091","ORGANIC","false","false","libros de terror","5.0","3","168","+9.999 resultados","https://articulo.mercadolibre.com.ar/MLA-1315727283","Llega gratis el lunes","ÚLTIMAS 4 | ÚLTIMAS UNIDADES","","","","MLA412445","MLA-BOOKS","","CORE","CORE","","2026-09-26T20:36:29.366Z",
"https://http2.mlstatic.com/D_NQ_NP_772328-CBT116067221118_092026-O.webp","ARS","130071","","",,,,,"Libro: The 'red Terror' And The Spanish Civil War: Revolutio","","",,"true",,"","false","MLA2083751951","MLA2083751951","","MLAU5178689178","MLAU5178689178","ORGANIC","false","true","libros de terror","","","169","+9.999 resultados","https://articulo.mercadolibre.com.ar/MLA-2083751951","Envío gratis","","","USA","","MLA412445","MLA-BOOKS","","CORE","CORE","","2026-09-26T20:36:29.366Z",
"https://http2.mlstatic.com/D_NQ_NP_987164-MLA102877073223_122025-O.webp","ARS","17820","19800","10% OFF",,,,,"Libro Frankenstein Tapa Blanda, De Shelley, Mary, Vol. 1. Editorial Vr Editoras, Tapa Blanda (2025)","","","50","false","true","Eterna Cadencia Tienda oficial","true","MLA63611397","MLA3276023448","MLA63611397","MLAU3724666215","MLA63611397","ORGANIC","false","false","libros de terror","5.0","","170","+9.999 resultados","https://articulo.mercadolibre.com.ar/MLA-3276023448","","","","","","MLA412445","MLA-BOOKS","","CORE","CORE","","2026-09-26T20:36:29.366Z",
"https://http2.mlstatic.com/D_NQ_NP_619599-MLA94410875524_102025-O.webp","ARS","68598","72900","5% OFF",,,,,"Libro Frankenstein Tomas Hijo, De Mary Shelley/tomas Hijo. Editorial Ediciones Minotauro S.a (2025)","Mismo precio 3 cuotas de 22866","",,"true","true","SBS Librerias Tienda oficial","true","MLA59863649","MLA3353401106","MLA59863649","MLAU3685521662","MLA59863649","ORGANIC","false","false","libros de terror","","","171","+9.999 resultados","https://articulo.mercadolibre.com.ar/MLA-3353401106","Llega gratis el lunes","","","","","MLA412445","MLA-BOOKS","","CORE","CORE","","2026-09-26T20:36:29.367Z",
"https://http2.mlstatic.com/D_NQ_NP_851290-MLA49795590543_042022-O.webp","ARS","8000","","",,,,,"El Valle Del Terror - Arthur Conan Doyle - Libro","","","50","false","true","","false","MLA21160057","MLA1510279298","MLA21160057","MLAU132508024","MLA21160057","ORGANIC","false","false","libros de terror","5.0","","172","+9.999 resultados","https://articulo.mercadolibre.com.ar/MLA-1510279298","Llega el lunes","","","","","MLA412445","MLA-BOOKS","","CORE","CORE","","2026-09-26T20:36:29.367Z",
"https://http2.mlstatic.com/D_NQ_NP_819210-MLA93462318135_092025-O.webp","ARS","32202","34000","5% OFF",,,,,"La Milla Verde, De King, Stephen. Editorial Debolsillo, Tapa Blanda En Español","","","100","true","true","Zivals Tienda oficial","true","MLA26597375","MLA1499365465","MLA26597375","MLAU3187082779","MLA26597375","ORGANIC","false","false","libros de terror","4.8","35","173","+9.999 resultados","https://articulo.mercadolibre.com.ar/MLA-1499365465","Llega gratis el lunes","ÚLTIMAS 2 | ÚLTIMAS UNIDADES","","","","MLA412445","MLA-BOOKS","","CORE","CORE","","2026-09-26T20:36:29.367Z",
"https://http2.mlstatic.com/D_NQ_NP_947179-MLA106143505482_022026-O.webp","ARS","84918","89388","5% OFF",,,,,"Libro Estuche Stranger Things - Caitlin Schneiderhan, De Caitlin Schneiderhan. Editorial Nuevas Ediciones Debolsillo S.l, Tapa Blanda, En Castellano","6 cuotas de 19105","",,"true","true","","false","MLA65398565","MLA3460438374","MLA65398565","MLAU4080934728","MLA65398565","ORGANIC","false","false","libros de terror","","","174","+9.999 resultados","https://articulo.mercadolibre.com.ar/MLA-3460438374","Envío gratis","","","","","MLA412445","MLA-BOOKS","","CORE","CORE","","2026-09-26T20:36:29.367Z",
"https://http2.mlstatic.com/D_NQ_NP_960779-MLM48256507151_112021-O.webp","ARS","19855","","",,,,,"Libro La Llamada De Cthulhu - H P Lovecraft [ Pasta Dura ]","","","100","true","true","","false","MLA20938434","MLA2109015029","MLA20938434","MLAU5200107488","MLA20938434","ORGANIC","false","false","libros de terror","4.9","","175","+9.999 resultados","https://articulo.mercadolibre.com.ar/MLA-2109015029","Llega gratis el lunes","","","","","MLA412445","MLA-BOOKS","","CORE","CORE","","2026-09-26T20:36:29.367Z",
"https://http2.mlstatic.com/D_NQ_NP_610685-MLU77282582790_072024-O.webp","ARS","71499","","",,,,,"It ( Eso ) - Tu Tambien Flotaras - Stephen King - Debolsillo","Mismo precio 3 cuotas de 23833","","50","true","true","Deser Libros Tienda oficial","true","MLA22051237","MLA2841662874","MLA22051237","MLAU3783362818","MLA22051237","ORGANIC","false","false","libros de terror","4.6","22","176","+9.999 resultados","https://articulo.mercadolibre.com.ar/MLA-2841662874","Llega gratis el lunes","¡ÚLTIMA! | ÚLTIMA UNIDAD","","","","MLA412445","MLA-BOOKS","","CORE","CORE","","2026-09-26T20:36:29.367Z",
"https://http2.mlstatic.com/D_NQ_NP_642556-MLA92788267703_092025-O.webp","ARS","32775","34500","5% OFF",,,,,"Las Cuatro Después De Medianoche, De King, Stephen. Editorial Debolsillo En Español","","","50","true","true","Zivals Tienda oficial","true","MLA23596442","MLA1829440973","MLA23596442","MLAU374496759","MLA23596442","ORGANIC","false","false","libros de terror","5.0","7","177","+9.999 resultados","https://articulo.mercadolibre.com.ar/MLA-1829440973","Llega gratis el lunes","ÚLTIMAS 3 | ÚLTIMAS UNIDADES","","","","MLA412445","MLA-BOOKS","","CORE","CORE","","2026-09-26T20:36:29.367Z",
"https://http2.mlstatic.com/D_NQ_NP_826576-MLU74154061226_012024-O.webp","ARS","69900","","",,,,,"Pack Harry Potter 1 2 Y 3, De Rowling, J. K.. Editorial Salamandra En Español","6 cuotas de 15726","","100","true","true","","false","MLA30642219","MLA1998966009","MLA30642219","MLAU374461112","MLA30642219","ORGANIC","false","false","libros de terror","5.0","","178","+9.999 resultados","https://articulo.mercadolibre.com.ar/MLA-1998966009","Llega gratis el lunes","","","","","MLA412445","MLA-BOOKS","","CORE","CORE","","2026-09-26T20:36:29.367Z",
"https://http2.mlstatic.com/D_NQ_NP_644720-MLA113823850493_062026-O.webp","ARS","53887","","",,,,,"Kit Stephen King - Cementerio De Animales + Carrie","6 cuotas de 12123","",,"true",,"LIBRENTA Tienda oficial","true","MLA1859075703","MLA1859075703","","MLAU4158662919","MLAU4158662919","ORGANIC","false","false","libros de terror","","","179","+9.999 resultados","https://articulo.mercadolibre.com.ar/MLA-1859075703","Llega gratis mañana Enviado por FULL","","","","","MLA412445","MLA-BOOKS","","CORE","CORE","","2026-09-26T20:36:29.367Z",
"https://http2.mlstatic.com/D_NQ_NP_754506-MLA112553202500_062026-O.webp","ARS","36097","37997","5% OFF",,,,,"Pack Serie Completa Adabana 1 Al 3 - Non - Ivrea Argentina","","",,"true",,"ENTELEQUIA Tienda oficial","true","MLA3511416958","MLA3511416958","","MLAU4143641715","MLAU4143641715","ORGANIC","false","false","libros de terror","","","180","+9.999 resultados","https://articulo.mercadolibre.com.ar/MLA-3511416958","Llega gratis el lunes","ÚLTIMAS 5 | ÚLTIMAS UNIDADES","","","","MLA412445","MLA-BOOKS","","CORE","CORE","","2026-09-26T20:36:29.367Z",
"https://http2.mlstatic.com/D_NQ_NP_877659-MLA81859177341_012025-O.webp","ARS","23830","25324,65","5% OFF",,,,,"The House - Blackwater Iii - Michael Mcdowell, De Mcdowell, Michael. Editorial Penguin, Tapa Blanda En Inglés, 2024","","",,"true","true","SBS Librerias Tienda oficial","true","MLA45389146","MLA1470688909","MLA45389146","MLAU2886863789","MLA45389146","ORGANIC","false","false","libros de terror","","2","181","+9.999 resultados","https://articulo.mercadolibre.com.ar/MLA-1470688909","Llega gratis el lunes","","","","","MLA412445","MLA-BOOKS","","CORE","CORE","","2026-09-26T20:36:29.367Z",
"https://http2.mlstatic.com/D_NQ_NP_662518-MLA115959376186_092026-O.webp","ARS","29999","","",,,,,"Frankenstein O El Moderno Prometeo","","",,"false",,"Cúspide Tienda oficial","true","MLA3932323918","MLA3932323918","","MLAU5157603670","MLAU5157603670","ORGANIC","false","false","libros de terror","","","182","+9.999 resultados","https://articulo.mercadolibre.com.ar/MLA-3932323918","","","","","","MLA412445","MLA-BOOKS","","CORE","CORE","","2026-09-26T20:36:29.367Z",
"https://http2.mlstatic.com/D_NQ_NP_959547-MCO45796950635_052021-O.webp","ARS","121600","","",,,,,"Colección Clásicos del Terror 7 Volúmenes Editorial Del Fondo Tapa Blanda en Español 2020","6 cuotas de 27357","","100","true","true","","false","MLA21168990","MLA1945868318","MLA21168990","MLAU2609678982","MLA21168990","ORGANIC","false","false","libros de terror","4.8","","183","+9.999 resultados","https://articulo.mercadolibre.com.ar/MLA-1945868318","Llega gratis el lunes","","","","","MLA412445","MLA-BOOKS","","CORE","CORE","","2026-09-26T20:36:29.367Z",
"https://http2.mlstatic.com/D_NQ_NP_836107-MLA89064948139_072025-O.webp","ARS","17100","","",,,,,"Ursula, Domadora De Ogros - El Trebol Azul - Serie Esmeralda, De Muzzio, Diego. Editorial Aique, Tapa Blanda En Español, 2025","","","25","false","true","","false","MLA53212161","MLA1693549997","MLA53212161","MLAU3377003646","MLA53212161","ORGANIC","false","false","libros de terror","5.0","3","184","+9.999 resultados","https://articulo.mercadolibre.com.ar/MLA-1693549997","","ÚLTIMAS 5 | ÚLTIMAS UNIDADES","","","","MLA412445","MLA-BOOKS","","CORE","CORE","","2026-09-26T20:36:29.367Z",
"https://http2.mlstatic.com/D_NQ_NP_623269-MLU78581281223_082024-O.webp","ARS","34003","36900","7% OFF",,,,,"Libro El Hombre Del Traje Negro [pasta Dura] Stephen King","","","50","true","true","Zivals Tienda oficial","true","MLA22114198","MLA1891143765","MLA22114198","MLAU4210212661","MLA22114198","ORGANIC","false","false","libros de terror","5.0","","185","+9.999 resultados","https://articulo.mercadolibre.com.ar/MLA-1891143765","Llega gratis el lunes","OFERTA IMPERDIBLE","","","","MLA412445","MLA-BOOKS","","CORE","CORE","","2026-09-26T20:36:29.367Z",
"https://http2.mlstatic.com/D_NQ_NP_648472-MLA81455489995_122024-O.webp","ARS","25325","","",,,,,"The Levee - Blackwater Ii - Michael Mcdowell, De Mcdowell, Michael. Editorial Penguin, Tapa Blanda En Inglés Internacional","","","25","true","true","","false","MLA44839000","MLA1470435099","MLA44839000","MLAU2889065387","MLA44839000","ORGANIC","false","false","libros de terror","5.0","10","186","+9.999 resultados","https://articulo.mercadolibre.com.ar/MLA-1470435099","Llega gratis el lunes","¡ÚLTIMA! | ÚLTIMA UNIDAD","","","","MLA412445","MLA-BOOKS","","CORE","CORE","","2026-09-26T20:36:29.367Z",
"https://http2.mlstatic.com/D_NQ_NP_907575-MLA52628529546_112022-O.webp","ARS","23611","26499","10% OFF",,,,,"Libro Un Vecino Anormal En La Casa Del Terror - Daniel Morro","","","500","true","true","LIBRENTA Tienda oficial","true","MLA21995795","MLA1368779051","MLA21995795","MLAU245446223","MLA21995795","ORGANIC","false","false","libros de terror","4.8","144","187","+9.999 resultados","https://articulo.mercadolibre.com.ar/MLA-1368779051","Llega gratis el lunes","","","","","MLA412445","MLA-BOOKS","","CORE","CORE","","2026-09-26T20:36:29.367Z",
"https://http2.mlstatic.com/D_NQ_NP_674518-MLU69386896608_052023-O.webp","ARS","29999","","",,,,,"Carrie, De Stephen King., Vol. 1.0. Editorial Debolsillo, Tapa Blanda, Edición 1.0 En Español, 2023","","","50","true","true","","false","MLA23259996","MLA1395351881","MLA23259996","MLAU130909854","MLA23259996","ORGANIC","false","false","libros de terror","4.9","1","188","+9.999 resultados","https://articulo.mercadolibre.com.ar/MLA-1395351881","Llega gratis el lunes","ÚLTIMAS 2 | ÚLTIMAS UNIDADES","","","","MLA412445","MLA-BOOKS","","CORE","CORE","","2026-09-26T20:36:29.367Z",
"https://http2.mlstatic.com/D_NQ_NP_993860-MLU73417718353_122023-O.webp","ARS","19500","","",,,,,"Colegio Maldito","","","100","true","true","","false","MLA20768468","MLA1452507363","MLA20768468","MLAU1654272246","MLA20768468","ORGANIC","false","false","libros de terror","4.8","32","189","+9.999 resultados","https://articulo.mercadolibre.com.ar/MLA-1452507363","Llega gratis el lunes","ÚLTIMAS 2 | ÚLTIMAS UNIDADES","","","","MLA412445","MLA-BOOKS","","CORE","CORE","","2026-09-26T20:36:29.367Z",
"https://http2.mlstatic.com/D_NQ_NP_802722-MLA96176520427_102025-O.webp","ARS","22900","","",,,,,"Libro Frankenstein - Mary Shelley - Booket","","","100","true","true","Deser Libros Tienda oficial","true","MLA61075258","MLA2524671708","MLA61075258","MLAU3525338631","MLA61075258","ORGANIC","false","false","libros de terror","4.8","","190","+9.999 resultados","https://articulo.mercadolibre.com.ar/MLA-2524671708","Llega gratis el lunes","","","","","MLA412445","MLA-BOOKS","","CORE","CORE","","2026-09-26T20:36:29.367Z",
"https://http2.mlstatic.com/D_NQ_NP_611150-MLA32706457479_102019-O.webp","ARS","15999","","",,,,,"Vampiricas Vacaciones Y Otros Cuentos De Risa - Serie Amaril","","","100","false","true","","false","MLA22053454","MLA3770974978","MLA22053454","MLAU4670725885","MLA22053454","ORGANIC","false","false","libros de terror","4.7","","191","+9.999 resultados","https://articulo.mercadolibre.com.ar/MLA-3770974978","Llega el lunes","","","","","MLA412445","MLA-BOOKS","","CORE","CORE","","2026-09-26T20:36:29.367Z",
"https://http2.mlstatic.com/D_NQ_NP_826161-MLA107407036976_032026-O.webp","ARS","22671","","",,,,,"El Horror De Dunwich Nº 01/03, De Gou Tanabe, Vol. 1. Editorial Planeta Comics Argentica (2026)","","","25","false","true","","false","MLA66180138","MLA3031722554","MLA66180138","MLAU3812811157","MLA66180138","ORGANIC","false","false","libros de terror","5.0","","192","+9.999 resultados","https://articulo.mercadolibre.com.ar/MLA-3031722554","","","","","","MLA412445","MLA-BOOKS","","CORE","CORE","","2026-09-26T20:36:29.367Z",
"https://http2.mlstatic.com/D_NQ_NP_887228-MLA72363826793_102023-O.webp","ARS","21500","","",,,,,"Dracula - Penguin Readers Level 3 Kel Ediciones, De Stoker, Bram. Editorial Penguin Books Ltd. En Inglés","","","50","true","true","PYQ Tienda oficial","true","MLA27805407","MLA2180957524","MLA27805407","MLAU3294696101","MLA27805407","ORGANIC","false","false","libros de terror","4.8","10","193","+9.999 resultados","https://articulo.mercadolibre.com.ar/MLA-2180957524","Llega gratis el lunes","ÚLTIMAS 3 | ÚLTIMAS UNIDADES","","","","MLA412445","MLA-BOOKS","","CORE","CORE","","2026-09-26T20:36:55.658Z",
"https://http2.mlstatic.com/D_NQ_NP_621899-MLA109637646198_042026-O.webp","ARS","10351","11000","5% OFF",,,,,"Manga, Call Of The Night Vol. 20 - Kotoyama / Ivrea","","","25","false","true","SBS Librerias Tienda oficial","true","MLA68130028","MLA3313864308","MLA68130028","MLAU3861139217","MLA68130028","ORGANIC","false","false","libros de terror","5.0","","194","+9.999 resultados","https://articulo.mercadolibre.com.ar/MLA-3313864308","Llega el lunes","ÚLTIMAS 3 | ÚLTIMAS UNIDADES","","","","MLA412445","MLA-BOOKS","","CORE","CORE","","2026-09-26T20:36:55.658Z",
"https://http2.mlstatic.com/D_NQ_NP_896614-MLU70654733220_072023-O.webp","ARS","155000","","",,,,,"Alack Sinner, De Muñoz, José. Editorial Salamandra Graphic, Tapa Blanda En Español","6 cuotas de 34872","","50","true","true","","false","MLA21110603","MLA3927943740","MLA21110603","MLAU5112781079","MLA21110603","ORGANIC","false","false","libros de terror","5.0","","195","+9.999 resultados","https://articulo.mercadolibre.com.ar/MLA-3927943740","Llega gratis el lunes","","","","","MLA412445","MLA-BOOKS","","CORE","CORE","","2026-09-26T20:36:55.659Z",
"https://http2.mlstatic.com/D_NQ_NP_619819-MLA113051001572_072026-O.webp","ARS","30780","32400","5% OFF",,,,,"La Niebla - King Stephen (libro)","","",,"true",,"Zivals Tienda oficial","true","MLA1881264189","MLA1881264189","","MLAU4238870597","MLAU4238870597","ORGANIC","false","false","libros de terror","","","196","+9.999 resultados","https://articulo.mercadolibre.com.ar/MLA-1881264189","Llega gratis el lunes","ÚLTIMAS 4 | ÚLTIMAS UNIDADES","","","","MLA412445","MLA-BOOKS","","CORE","CORE","","2026-09-26T20:36:55.659Z",
"https://http2.mlstatic.com/D_NQ_NP_661130-MLU70918663575_082023-O.webp","ARS","34990","","",,,,,"Libro EL PRINCIPE LESTAT Y LOS REINOS DE LA ATLANTIDA (CRONICAS VAMPIRICAS 12), de Rice, Anne. Editorial B, tapa blanda","","",,"true","true","","false","MLA25612605","MLA3278197614","MLA25612605","MLAU3163874820","MLA25612605","ORGANIC","false","false","libros de terror","","","197","+9.999 resultados","https://articulo.mercadolibre.com.ar/MLA-3278197614","Llega gratis el lunes","","","","","MLA412445","MLA-BOOKS","","CORE","CORE","","2026-09-26T20:36:55.659Z",
"https://http2.mlstatic.com/D_NQ_NP_761115-MLU79261480051_092024-O.webp","ARS","11009","","",,,,,"El Rey De Amarillo Y Otros Relatos De Terror, De Chambers, Robert W.., Vol. 0. Editorial Pluton Ediciones, Tapa Bolsillo, Edición 0 En Español, 2024","","","25","false","true","LIBRENTA Tienda oficial","true","MLA40775966","MLA3106151152","MLA40775966","MLAU3860076929","MLA40775966","ORGANIC","false","false","libros de terror","5.0","4","198","+9.999 resultados","https://articulo.mercadolibre.com.ar/MLA-3106151152","Llega el lunes","","","","","MLA412445","MLA-BOOKS","","CORE","CORE","","2026-09-26T20:36:55.659Z",
"https://http2.mlstatic.com/D_NQ_NP_770341-MLA52083253061_102022-O.webp","ARS","21560","","",,,,,"Soichi Y Sus Maldiciones Caprichosas - Junji Ito - Ivrea","","","500","true","true","UBIK Libros Comics Tienda oficial","true","MLA22060855","MLA1424659191","MLA22060855","MLAU200450407","MLA22060855","ORGANIC","false","false","libros de terror","4.9","86","199","+9.999 resultados","https://articulo.mercadolibre.com.ar/MLA-1424659191","Llega gratis el lunes","¡ÚLTIMA! | ÚLTIMA UNIDAD","","","","MLA412445","MLA-BOOKS","","CORE","CORE","","2026-09-26T20:36:55.659Z",
"https://http2.mlstatic.com/D_NQ_NP_968137-MLA45519589027_042021-O.webp","ARS","82500","","",,,,,"El Rey De Amarillo Robert W Chambers Editorial Valdemar","6 cuotas de 18561","","25","true","true","","false","MLA21185349","MLA1679381221","MLA21185349","MLAU3798453649","MLA21185349","ORGANIC","false","false","libros de terror","4.9","","200","+9.999 resultados","https://articulo.mercadolibre.com.ar/MLA-1679381221","Llega gratis el lunes","","","","","MLA412445","MLA-BOOKS","","CORE","CORE","","2026-09-26T20:36:55.659Z",
"https://http2.mlstatic.com/D_NQ_NP_943716-MLA28545309539_102018-O.webp","ARS","11762","12500","5% OFF",,,,,"La Suerte Doblo La Esquina - Antologia - Quipu","","","25","false","true","SBS Librerias Tienda oficial","true","MLA22050510","MLA1513274740","MLA22050510","MLAU288623913","MLA22050510","ORGANIC","false","false","libros de terror","5.0","2","201","+9.999 resultados","https://articulo.mercadolibre.com.ar/MLA-1513274740","Llega el lunes","OFERTA IMPERDIBLE","","","","MLA412445","MLA-BOOKS","","CORE","CORE","","2026-09-26T20:36:55.659Z",
"https://http2.mlstatic.com/D_NQ_NP_672079-MLA112054570070_062026-O.webp","ARS","32399","","",,,,,"No Tengas Miedo","","",,"true","true","VENTADELIBROSCOMAR PALERMO Tienda oficial","true","MLA73494670","MLA3572663832","MLA73494670","MLAU4193012547","MLA73494670","ORGANIC","false","false","libros de terror","","","202","+9.999 resultados","https://articulo.mercadolibre.com.ar/MLA-3572663832","Llega gratis el lunes","","","","","MLA412445","MLA-BOOKS","","CORE","CORE","","2026-09-26T20:36:55.659Z",
"https://http2.mlstatic.com/D_NQ_NP_606696-MLA100111526255_122025-O.webp","ARS","37049","38999","5% OFF",,,,,"Exhibition Enchantment Illustrations, De Junji Ito. Editorial Ivrea Argentina (2025)","","","100","true","true","ENTELEQUIA Tienda oficial","true","MLA62739680","MLA3921447988","MLA62739680","MLAU3633326939","MLA62739680","ORGANIC","false","false","libros de terror","4.9","","203","+9.999 resultados","https://articulo.mercadolibre.com.ar/MLA-3921447988","Llega gratis el lunes","OFERTA IMPERDIBLE","","","","MLA412445","MLA-BOOKS","","CORE","CORE","","2026-09-26T20:36:55.659Z",
"https://http2.mlstatic.com/D_NQ_NP_898430-MLU70797694631_072023-O.webp","ARS","61639","","",,,,,"Lo Que Mas Me Gusta Son Los Monstruos, De Ferris, Emil. Editorial Reservoir Books, Tapa Blanda En Español","6 cuotas de 13867","","50","true","true","Librería Palito Tienda oficial","true","MLA25170306","MLA1720388006","MLA25170306","MLAU173574875","MLA25170306","ORGANIC","false","false","libros de terror","4.8","8","204","+9.999 resultados","https://articulo.mercadolibre.com.ar/MLA-1720388006","Envío gratis","ÚLTIMAS 2 | ÚLTIMAS UNIDADES","","","","MLA412445","MLA-BOOKS","","CORE","CORE","","2026-09-26T20:36:55.659Z",
"https://http2.mlstatic.com/D_NQ_NP_852440-MLA111531571848_062026-O.webp","ARS","12116","13170","8% OFF",,,,,"Libro el Gato Negro y otros relatos, de Edgar Allan Poe, vol. 1. Editorial Plutón, tapa blanda (2025)","","",,"false","true","Yenny El Ateneo Tienda oficial","true","MLA70835261","MLA1937658279","MLA70835261","MLAU4445875629","MLA70835261","ORGANIC","false","false","libros de terror","","","205","+9.999 resultados","https://articulo.mercadolibre.com.ar/MLA-1937658279","","","","","","MLA412445","MLA-BOOKS","","CORE","CORE","","2026-09-26T20:36:55.659Z",
"https://http2.mlstatic.com/D_NQ_NP_982917-MLA116487991525_082026-O.webp","ARS","23800","","",,,,,"Maestros Del Fantastico - N 20 La Guarida Del Gusano Blanco","","",,"false",,"","false","MLA2018661107","MLA2018661107","","MLAU4845788467","MLAU4845788467","ORGANIC","false","false","libros de terror","","","206","+9.999 resultados","https://articulo.mercadolibre.com.ar/MLA-2018661107","","","","","","MLA412445","MLA-BOOKS","","CORE","CORE","","2026-09-26T20:36:55.659Z",
"https://http2.mlstatic.com/D_NQ_NP_705036-MLU79178159289_092024-O.webp","ARS","46387","","",,,,,"Si Te Gusta La Oscuridad, De King, Stephen., Vol. 1. Editorial Plaza Y Janes, Tapa Dura En Español, 2024","6 cuotas de 10436","","100","true","true","","false","MLA40614853","MLA1791220065","MLA40614853","MLAU3979462396","MLA40614853","ORGANIC","false","false","libros de terror","4.8","","207","+9.999 resultados","https://articulo.mercadolibre.com.ar/MLA-1791220065","Llega gratis el lunes","","","","","MLA412445","MLA-BOOKS","","CORE","CORE","","2026-09-26T20:36:55.659Z",
"https://http2.mlstatic.com/D_NQ_NP_850865-MLA110606688154_052026-O.webp","ARS","24300","27000","10% OFF",,,,,"Otto Y Vera El Juego Del Terror Eterno","","",,"false","true","Eterna Cadencia Tienda oficial","true","MLA69553117","MLA3313865496","MLA69553117","MLAU3924618579","MLA69553117","ORGANIC","false","false","libros de terror","","","208","+9.999 resultados","https://articulo.mercadolibre.com.ar/MLA-3313865496","","","","","","MLA412445","MLA-BOOKS","","CORE","CORE","","2026-09-26T20:36:55.659Z",
"https://http2.mlstatic.com/D_NQ_NP_954044-MLA109552652891_032026-O.webp","ARS","55000","","",,,,,"Los Otros Animatrónicos + El Cuarto Armario (novela Gráfica)","Mismo precio 3 cuotas de 18333","",,"true",,"","false","MLA3106574646","MLA3106574646","","MLAU3860373909","MLAU3860373909","ORGANIC","false","false","libros de terror","","","209","+9.999 resultados","https://articulo.mercadolibre.com.ar/MLA-3106574646","Envío gratis","¡ÚLTIMA! | ÚLTIMA UNIDAD","","","","MLA412445","MLA-BOOKS","","CORE","CORE","","2026-09-26T20:36:55.659Z",
"https://http2.mlstatic.com/D_NQ_NP_973021-MLA82338991585_022025-O.webp","ARS","16300","","",,,,,"Tu Mano En Mi Tumba - Serie Negra - Fabian Sevilla, De Sevilla, Fabian. Serie Negra, Vol. 1. Editorial Quipu, Tapa Blanda En Español, 2024","","","100","true","true","","false","MLA45998130","MLA3955805874","MLA45998130","MLAU5208176402","MLA45998130","ORGANIC","false","false","libros de terror","4.9","","210","+9.999 resultados","https://articulo.mercadolibre.com.ar/MLA-3955805874","Llega gratis el lunes","","","","","MLA412445","MLA-BOOKS","","CORE","CORE","","2026-09-26T20:36:55.659Z",
"https://http2.mlstatic.com/D_NQ_NP_922879-MLU69796023847_062023-O.webp","ARS","17010","18900","10% OFF",,,,,"Los Mejores Cuentos De Terror (bolsillo), De Antología. Editorial El Ateneo, Tapa Blanda En Español, 2018","","",,"false","true","Eterna Cadencia Tienda oficial","true","MLA23706995","MLA2015972004","MLA23706995","MLAU283934008","MLA23706995","ORGANIC","false","false","libros de terror","","","211","+9.999 resultados","https://articulo.mercadolibre.com.ar/MLA-2015972004","","","","","","MLA412445","MLA-BOOKS","","CORE","CORE","","2026-09-26T20:36:55.659Z",
"https://http2.mlstatic.com/D_NQ_NP_823045-MLA112401915293_052026-O.webp","ARS","32935","35000","5% OFF",,,,,"Cómic, Batman Patrones Oscuros / Ovni","","","100","true","true","SBS Librerias Tienda oficial","true","MLA70467022","MLA3613297926","MLA70467022","MLAU4098698010","MLA70467022","ORGANIC","false","false","libros de terror","4.9","19","212","+9.999 resultados","https://articulo.mercadolibre.com.ar/MLA-3613297926","Llega gratis el lunes","ÚLTIMAS 2 | ÚLTIMAS UNIDADES","","","","MLA412445","MLA-BOOKS","","CORE","CORE","","2026-09-26T20:36:55.659Z",
"https://http2.mlstatic.com/D_NQ_NP_775278-MLU73326062458_122023-O.webp","ARS","54449","60499","10% OFF",,,,,"Libro Holly - Stephen King - Plaza & Janes","6 cuotas de 12250","","500","true","true","NADIR LIBROS Tienda oficial","true","MLA26986284","MLA1528104426","MLA26986284","MLAU260866482","MLA26986284","ORGANIC","false","false","libros de terror","4.9","209","213","+9.999 resultados","https://articulo.mercadolibre.com.ar/MLA-1528104426","Envío gratis","¡ÚLTIMA! | ÚLTIMA UNIDAD","","","","MLA412445","MLA-BOOKS","","CORE","CORE","","2026-09-26T20:36:55.659Z",
"https://http2.mlstatic.com/D_NQ_NP_600317-MLA51376121079_092022-O.webp","ARS","6000","","",,,,,"Narraciones Extraordinarias - Edgar Allan Poe","","","100","false","true","PYQ Tienda oficial","true","MLA19812636","MLA1973180044","MLA19812636","MLAU170870610","MLA19812636","ORGANIC","false","false","libros de terror","4.9","25","214","+9.999 resultados","https://articulo.mercadolibre.com.ar/MLA-1973180044","Llega el lunes","ÚLTIMAS 2 | ÚLTIMAS UNIDADES","","","","MLA412445","MLA-BOOKS","","CORE","CORE","","2026-09-26T20:36:55.659Z",
"https://http2.mlstatic.com/D_NQ_NP_674594-MLA112213189243_052026-O.webp","ARS","33000","","",,,,,"Cuentos Completos 1 - Poe - Tapa Dura - Sudamericana","","",,"true",,"","false","MLA1802556439","MLA1802556439","","MLAU4011820034","MLAU4011820034","ORGANIC","false","false","libros de terror","","","215","+9.999 resultados","https://articulo.mercadolibre.com.ar/MLA-1802556439","Llega gratis el lunes","ÚLTIMAS 3 | ÚLTIMAS UNIDADES","","","","MLA412445","MLA-BOOKS","","CORE","CORE","","2026-09-26T20:36:55.660Z",
"https://http2.mlstatic.com/D_NQ_NP_830406-MLA40692783922_022020-O.webp","ARS","33000","","",,,,,"Stand,the - Hodder **new Edition** Kel Ediciones","","","50","true","true","","false","MLA21221214","MLA3806536666","MLA21221214","MLAU4658198662","MLA21221214","ORGANIC","false","false","libros de terror","5.0","","216","+9.999 resultados","https://articulo.mercadolibre.com.ar/MLA-3806536666","Llega gratis el lunes","","","","","MLA412445","MLA-BOOKS","","CORE","CORE","","2026-09-26T20:36:55.660Z",
"https://http2.mlstatic.com/D_NQ_NP_953903-MLA45733003709_042021-O.webp","ARS","46300","","",,,,,"Miedo, Reverencia, Terror. Cinco ensayos de iconografía política","6 cuotas de 10416","","50","true","true","","false","MLA22134874","MLA1376425101","MLA22134874","MLAU192976820","MLA22134874","ORGANIC","false","false","libros de terror","5.0","4","217","+9.999 resultados","https://articulo.mercadolibre.com.ar/MLA-1376425101","Envío gratis","ÚLTIMAS 3 | ÚLTIMAS UNIDADES","","","","MLA412445","MLA-BOOKS","","CORE","CORE","","2026-09-26T20:36:55.660Z",
"https://http2.mlstatic.com/D_NQ_NP_993546-MLA80840293604_122024-O.webp","ARS","43512","","",,,,,"Las Cuatro Estaciones II De King, Stephen Editorial Debolsillo Tapa Blanda En Español","","","100","true","true","UBIK Libros Comics Tienda oficial","true","MLA24249597","MLA1533093647","MLA24249597","MLAU3416243617","MLA24249597","ORGANIC","false","false","libros de terror","4.9","","218","+9.999 resultados","https://articulo.mercadolibre.com.ar/MLA-1533093647","Llega gratis el lunes","","","","","MLA412445","MLA-BOOKS","","CORE","CORE","","2026-09-26T20:36:55.660Z",
"https://http2.mlstatic.com/D_NQ_NP_605871-MLA47229358588_082021-O.webp","ARS","41780","44400","5% OFF",,,,,"Los Mitos De Cthulhú -(nva Ed) (clasicos)","Mismo precio 3 cuotas de 13926","","100","true","true","SBS Librerias Tienda oficial","true","MLA22028625","MLA1426274693","MLA22028625","MLAU210691996","MLA22028625","ORGANIC","false","false","libros de terror","5.0","26","219","+9.999 resultados","https://articulo.mercadolibre.com.ar/MLA-1426274693","Llega gratis el lunes","ÚLTIMAS 3 | ÚLTIMAS UNIDADES","","","","MLA412445","MLA-BOOKS","","CORE","CORE","","2026-09-26T20:36:55.660Z",
"https://http2.mlstatic.com/D_NQ_NP_875265-MLA79419676342_092024-O.webp","ARS","36708","39900","8% OFF",,,,,"El Horror De Dunwich, De François Baranger. Editorial Minotauro, Tapa Dura En Español","","","25","true","true","Zivals Tienda oficial","true","MLA40605863","MLA2016043459","MLA40605863","MLAU4174094663","MLA40605863","ORGANIC","false","false","libros de terror","5.0","","220","+9.999 resultados","https://articulo.mercadolibre.com.ar/MLA-2016043459","Llega gratis el lunes","OFERTA IMPERDIBLE","","","","MLA412445","MLA-BOOKS","","CORE","CORE","","2026-09-26T20:36:55.660Z",
"https://http2.mlstatic.com/D_NQ_NP_776153-MCO74073026050_012024-O.webp","ARS","36604","38900","5% OFF",,,,,"Dagón Y Otros Relatos Iniciales / H.p. Lovecraft (t.d)","","","25","true","true","SBS Librerias Tienda oficial","true","MLA21671754","MLA1398891357","MLA21671754","MLAU304556850","MLA21671754","ORGANIC","false","false","libros de terror","5.0","4","221","+9.999 resultados","https://articulo.mercadolibre.com.ar/MLA-1398891357","Llega gratis el lunes","","","","","MLA412445","MLA-BOOKS","","CORE","CORE","","2026-09-26T20:36:55.660Z",
"https://http2.mlstatic.com/D_NQ_NP_916684-MLU72612719229_112023-O.webp","ARS","7600","","",,,,,"Libro El Fantasma De Canterville","","","100","false","true","","false","MLA22841368","MLA1457482186","MLA22841368","MLAU218200268","MLA22841368","ORGANIC","false","false","libros de terror","4.8","5","222","+9.999 resultados","https://articulo.mercadolibre.com.ar/MLA-1457482186","","","","","","MLA412445","MLA-BOOKS","","CORE","CORE","","2026-09-26T20:36:55.660Z",
"https://http2.mlstatic.com/D_NQ_NP_905921-MLA111557703824_062026-O.webp","ARS","47371","51900","8% OFF",,,,,"Nunca Cruces Ese Umbral - Mariana Enriquez - Anagrama","Mismo precio 3 cuotas de 15790","","25","true","true","SBS Librerias Tienda oficial","true","MLA71503568","MLA3766447716","MLA71503568","MLAU4521267510","MLA71503568","ORGANIC","false","false","libros de terror","5.0","4","223","+9.999 resultados","https://articulo.mercadolibre.com.ar/MLA-3766447716","Llega gratis el lunes","OFERTA IMPERDIBLE","","","","MLA412445","MLA-BOOKS","","CORE","CORE","","2026-09-26T20:36:55.660Z",
"https://http2.mlstatic.com/D_NQ_NP_819289-MLA40978809296_032020-O.webp","ARS","18050","19000","5% OFF",,,,,"Ocho Porciones De Terror Fabian Sevilla Libro","","","100","false","true","NADIR LIBROS Tienda oficial","true","MLA21291392","MLA1322696054","MLA21291392","MLAU280625291","MLA21291392","ORGANIC","false","false","libros de terror","5.0","","224","+9.999 resultados","https://articulo.mercadolibre.com.ar/MLA-1322696054","","ÚLTIMAS 2 | ÚLTIMAS UNIDADES","","","","MLA412445","MLA-BOOKS","","CORE","CORE","","2026-09-26T20:36:55.660Z",
"https://http2.mlstatic.com/D_NQ_NP_868315-MLU46279295337_062021-O.webp","ARS","30357","","",,,,,"Los Mitos De Cthulhu. Volumen Ii - H. P. Lovecraft","","2000 ARS OFF con Cupón","100","true","true","","false","MLA27167826","MLA1655712807","MLA27167826","MLAU3652398472","MLA27167826","ORGANIC","false","false","libros de terror","5.0","","225","+9.999 resultados","https://articulo.mercadolibre.com.ar/MLA-1655712807","Llega gratis hoy","","","","","MLA412445","MLA-BOOKS","","CORE","CORE","","2026-09-26T20:36:55.660Z",
"https://http2.mlstatic.com/D_NQ_NP_767613-MLA80548605175_112024-O.webp","ARS","46900","","",,,,,"Cuentos De Terror, De Lovecraft, H. P.. Editorial Penguin Clásicos, Tapa Blanda En Español / Castellano, 2024","Mismo precio 6 cuotas de 7816","",,"true","true","Libroide Tienda oficial","true","MLA42914441","MLA1939595941","MLA42914441","MLAU3683006254","MLA42914441","ORGANIC","false","false","libros de terror","","","226","+9.999 resultados","https://articulo.mercadolibre.com.ar/MLA-1939595941","Envío gratis","","","","","MLA412445","MLA-BOOKS","","CORE","CORE","","2026-09-26T20:36:55.660Z",
"https://http2.mlstatic.com/D_NQ_NP_741406-MLU74370079669_022024-O.webp","ARS","26300","","",,,,,"Libro El Tren Del Terror - Silvia Schujer - Planetalector","","",,"false","true","","false","MLA31508893","MLA1406742567","MLA31508893","MLAU204757357","MLA31508893","ORGANIC","false","false","libros de terror","","2","227","+9.999 resultados","https://articulo.mercadolibre.com.ar/MLA-1406742567","","ÚLTIMAS 2 | ÚLTIMAS UNIDADES","","","","MLA412445","MLA-BOOKS","","CORE","CORE","","2026-09-26T20:36:55.660Z",
"https://http2.mlstatic.com/D_NQ_NP_896525-MLU78048177699_072024-O.webp","ARS","22500","","",,,,,"El Viaje Del Señor Morrinson - Coleccion Oscuros, De Chavetta Juan. Editorial Gerbera Ediciones, Tapa Dura En Español, 2023","","",,"true","true","","false","MLA37384286","MLA2412821284","MLA37384286","MLAU3444581153","MLA37384286","ORGANIC","false","false","libros de terror","","","228","+9.999 resultados","https://articulo.mercadolibre.com.ar/MLA-2412821284","Llega gratis el lunes","","","","","MLA412445","MLA-BOOKS","","CORE","CORE","","2026-09-26T20:36:55.660Z",
"https://http2.mlstatic.com/D_NQ_NP_908660-MLA117417562739_092026-O.webp","ARS","23800","","",,,,,"Maestros Del Fantastico - N 23 El Escarabajo De Oro","","",,"false",,"","false","MLA3931244932","MLA3931244932","","MLAU5120404879","MLAU5120404879","ORGANIC","false","false","libros de terror","","","229","+9.999 resultados","https://articulo.mercadolibre.com.ar/MLA-3931244932","","","","","","MLA412445","MLA-BOOKS","","CORE","CORE","","2026-09-26T20:36:55.660Z",
"https://http2.mlstatic.com/D_NQ_NP_753912-MLA110521581689_042026-O.webp","ARS","10351","11000","5% OFF",,,,,"Manga, Call Of The Night Vol. 19 - Kotoyama / Ivrea","","","25","false","true","SBS Librerias Tienda oficial","true","MLA68146448","MLA3312029084","MLA68146448","MLAU3861139215","MLA68146448","ORGANIC","false","false","libros de terror","5.0","","230","+9.999 resultados","https://articulo.mercadolibre.com.ar/MLA-3312029084","Llega el lunes","ÚLTIMAS 2 | ÚLTIMAS UNIDADES","","","","MLA412445","MLA-BOOKS","","CORE","CORE","","2026-09-26T20:36:55.660Z",
"https://http2.mlstatic.com/D_NQ_NP_913611-MLA111550612602_062026-O.webp","ARS","18000","","",,,,,"Antiguos Relatos De Oscuridad Y De Horror","","",,"false","true","","false","MLA71315104","MLA1821781239","MLA71315104","MLAU294199403","MLA71315104","ORGANIC","false","false","libros de terror","","","231","+9.999 resultados","https://articulo.mercadolibre.com.ar/MLA-1821781239","","","","","","MLA412445","MLA-BOOKS","","CORE","CORE","","2026-09-26T20:36:55.660Z",
"https://http2.mlstatic.com/D_NQ_NP_787165-MLA82821985946_032025-O.webp","ARS","23830","25324,65","5% OFF",,,,,"The Fortune Blackwater V Michael Mcdowell de Mcdowell Michael Editorial Penguin Tapa Blanda 2024","","",,"true","true","SBS Librerias Tienda oficial","true","MLA47204579","MLA1483239331","MLA47204579","MLAU3054972623","MLA47204579","ORGANIC","false","false","libros de terror","","2","232","+9.999 resultados","https://articulo.mercadolibre.com.ar/MLA-1483239331","Llega gratis el lunes","","","","","MLA412445","MLA-BOOKS","","CORE","CORE","","2026-09-26T20:36:55.660Z",
"https://http2.mlstatic.com/D_NQ_NP_799669-MLA83070093275_032025-O.webp","ARS","42210","46900","10% OFF",,,,,"Crisálida, De Navarro, Fernando. 1234, Vol. 1. Editorial Impedimenta Editorial S.l, Tapa Blanda, Edición 1 En Castellano, 2025","","","100","true","true","NADIR LIBROS Tienda oficial","true","MLA47133342","MLA2063244409","MLA47133342","MLAU3176937142","MLA47133342","ORGANIC","false","false","libros de terror","4.8","","233","+9.999 resultados","https://articulo.mercadolibre.com.ar/MLA-2063244409","Envío gratis","","","","","MLA412445","MLA-BOOKS","","CORE","CORE","","2026-09-26T20:36:55.660Z",
"https://http2.mlstatic.com/D_NQ_NP_788588-MLA32721682284_102019-O.webp","ARS","9500","","",,,,,"El Libro De Los Muertos Vivos","","",,"false","true","","false","MLA21153388","MLA1513832815","MLA21153388","MLAU3327158918","MLA21153388","ORGANIC","false","false","libros de terror","","3","234","+9.999 resultados","https://articulo.mercadolibre.com.ar/MLA-1513832815","","ÚLTIMAS 2 | ÚLTIMAS UNIDADES","","","","MLA412445","MLA-BOOKS","","CORE","CORE","","2026-09-26T20:36:55.660Z",
"https://http2.mlstatic.com/D_NQ_NP_632323-MLA99400077308_112025-O.webp","ARS","9000","","",,,,,"Libro La Caída De La Casa Usher Y Otros Relatos, De Edgar Allan Poe, Vol. Uno Sin Solapa. Editorial Plutón Clasico, Tapa Blanda (2025)","","",,"false","true","","false","MLA62664132","MLA3637009822","MLA62664132","MLAU4358411599","MLA62664132","ORGANIC","false","false","libros de terror","","","235","+9.999 resultados","https://articulo.mercadolibre.com.ar/MLA-3637009822","Llega el lunes","","","","","MLA412445","MLA-BOOKS","","CORE","CORE","","2026-09-26T20:36:55.660Z",
"https://http2.mlstatic.com/D_NQ_NP_873274-MLU69746952896_062023-O.webp","ARS","6975","","",,,,,"Blood On The Tracks - Tomo 2, De Shuzo Oshimi., Vol. 2. Editorial Ivrea, Tapa Blanda En Español","","","25","false","true","","false","MLA23452989","MLA3342565330","MLA23452989","MLAU221627632","MLA23452989","ORGANIC","false","false","libros de terror","5.0","","236","+9.999 resultados","https://articulo.mercadolibre.com.ar/MLA-3342565330","","","","","","MLA412445","MLA-BOOKS","","CORE","CORE","","2026-09-26T20:36:55.660Z",
"https://http2.mlstatic.com/D_NQ_NP_695733-MLA112640189969_062026-O.webp","ARS","4000","","",,,,,"El Diablo En La Botella - R. L. Stevenson - Maya","","",,"false","true","","false","MLA71596391","MLA1891024921","MLA71596391","MLAU3343639369","MLA71596391","ORGANIC","false","false","libros de terror","","","237","+9.999 resultados","https://articulo.mercadolibre.com.ar/MLA-1891024921","Llega el lunes","","","","","MLA412445","MLA-BOOKS","","CORE","CORE","","2026-09-26T20:36:55.660Z",
"https://http2.mlstatic.com/D_NQ_NP_989779-MLA31893444308_082019-O.webp","ARS","35036","37210","5% OFF",,,,,"Peliculas Clave Del Cine De Terror Moderno","Mismo precio 3 cuotas de 11678","",,"true","true","EDICIONES CONTINENTE Tienda oficial","true","MLA21191386","MLA1405464641","MLA21191386","MLAU161641194","MLA21191386","ORGANIC","false","false","libros de terror","","4","238","+9.999 resultados","https://articulo.mercadolibre.com.ar/MLA-1405464641","Envío gratis","","","","","MLA412445","MLA-BOOKS","","CORE","CORE","","2026-09-26T20:36:55.661Z",
"https://http2.mlstatic.com/D_NQ_NP_879521-MLU79078776728_092024-O.webp","ARS","16000","","",,,,,"El Horror De Dunwich (choose Cthulhu Libro 05), De Howard Phillips Lovecraft. Serie Choose Cthulhu Editorial El Cofre De Ulises Akataka, Tapa Blanda, Edición 1 En Español, 2023","Mismo precio 3 cuotas de 5333","",,"true","true","","false","MLA31411732","MLA2124221841","MLA31411732","MLAU5302764078","MLA31411732","ORGANIC","false","false","libros de terror","","","239","+9.999 resultados","https://articulo.mercadolibre.com.ar/MLA-2124221841","Llega gratis el lunes","","","","","MLA412445","MLA-BOOKS","","CORE","CORE","","2026-09-26T20:36:55.661Z",
"https://http2.mlstatic.com/D_NQ_NP_911027-MCO48867161169_012022-O.webp","ARS","24605","","",,,,,"Libro El Cuervo","","","50","true","true","","false","MLA22103568","MLA1493916685","MLA22103568","MLAU3156435494","MLA22103568","ORGANIC","false","false","libros de terror","4.9","1","240","+9.999 resultados","https://articulo.mercadolibre.com.ar/MLA-1493916685","Llega gratis el lunes","¡ÚLTIMA! | ÚLTIMA UNIDAD","","","","MLA412445","MLA-BOOKS","","CORE","CORE","","2026-09-26T20:36:55.663Z",
"https://http2.mlstatic.com/D_NQ_NP_623110-MLU74994431550_032024-O.webp","ARS","20231","21500","5% OFF",,,,,"Terror Com - Gabriel Korenfeld","","","100","true","true","SBS Librerias Tienda oficial","true","MLA21160094","MLA1389256477","MLA21160094","MLAU277680625","MLA21160094","ORGANIC","false","false","libros de terror","4.9","8","241","+9.999 resultados","https://articulo.mercadolibre.com.ar/MLA-1389256477","Llega gratis el lunes","ÚLTIMAS 3 | ÚLTIMAS UNIDADES","","","","MLA412445","MLA-BOOKS","","CORE","CORE","","2026-09-26T20:37:19.476Z",
"https://http2.mlstatic.com/D_NQ_NP_759916-MLA102435457462_122025-O.webp","ARS","26100","29000","10% OFF",,,,,"Libro Mama, Los Monstruos! - Buenas Noches - Liliana Cinetto, De Cinetto, Liliana. Editorial Norma, Tapa Blanda (2025)","","","100","false","true","Eterna Cadencia Tienda oficial","true","MLA63640366","MLA1626398599","MLA63640366","MLAU3516865894","MLA63640366","ORGANIC","false","false","libros de terror","4.8","","242","+9.999 resultados","https://articulo.mercadolibre.com.ar/MLA-1626398599","","ÚLTIMAS 4 | ÚLTIMAS UNIDADES","","","","MLA412445","MLA-BOOKS","","CORE","CORE","","2026-09-26T20:37:19.476Z",
"https://http2.mlstatic.com/D_NQ_NP_886301-MLA114662261374_082026-O.webp","ARS","23800","","",,,,,"Maestros Del Fantastico - N 18 Cuentos Góticos","","",,"false",,"","false","MLA3775659392","MLA3775659392","","MLAU4708308272","MLAU4708308272","ORGANIC","false","false","libros de terror","","","243","+9.999 resultados","https://articulo.mercadolibre.com.ar/MLA-3775659392","","","","","","MLA412445","MLA-BOOKS","","CORE","CORE","","2026-09-26T20:37:19.476Z",
"https://http2.mlstatic.com/D_NQ_NP_998167-MLA79748656017_102024-O.webp","ARS","35084","39200","10% OFF",,,,,"Historia Del Necronomicón Y Otros Textos Oscuros / Pd., De Lovecraft, Howard Phillips. Editorial Mirlo, Tapa Dura, Edición 01 En Español, 2012","Mismo precio 3 cuotas de 11694","",,"true","true","Yenny El Ateneo Tienda oficial","true","MLA41528720","MLA2345499506","MLA41528720","MLAU3412419769","MLA41528720","ORGANIC","false","false","libros de terror","","1","244","+9.999 resultados","https://articulo.mercadolibre.com.ar/MLA-2345499506","Envío gratis","¡ÚLTIMA! | ÚLTIMA UNIDAD","","","","MLA412445","MLA-BOOKS","","CORE","CORE","","2026-09-26T20:37:19.476Z",
"https://http2.mlstatic.com/D_NQ_NP_848823-MLA105706129112_012026-O.webp","ARS","31188","33900","8% OFF",,,,,"Libro Las Que Moran En La Sombra, De Ever Oroná, Vol. 1. Editorial Minotauro, Tapa Blanda (2026)","","","50","true","true","Zivals Tienda oficial","true","MLA65156520","MLA3095436992","MLA65156520","MLAU3742571046","MLA65156520","ORGANIC","false","false","libros de terror","5.0","","245","+9.999 resultados","https://articulo.mercadolibre.com.ar/MLA-3095436992","Llega gratis el lunes","OFERTA IMPERDIBLE","","","","MLA412445","MLA-BOOKS","","CORE","CORE","","2026-09-26T20:37:19.476Z",
"https://http2.mlstatic.com/D_NQ_NP_698202-MLA83236176843_032025-O.webp","ARS","26338","","",,,,,"Our Share Of Night Mariana Enriquez Editorial Granta Books Tapa Blanda en Inglés Internacional 2023","","",,"true","true","","false","MLA47340134","MLA1513414019","MLA47340134","MLAU3328105849","MLA47340134","ORGANIC","false","false","libros de terror","","4","246","+9.999 resultados","https://articulo.mercadolibre.com.ar/MLA-1513414019","Llega gratis el lunes","ÚLTIMAS 2 | ÚLTIMAS UNIDADES","","","","MLA412445","MLA-BOOKS","","CORE","CORE","","2026-09-26T20:37:19.476Z",
"https://http2.mlstatic.com/D_NQ_NP_602862-MLA83570743228_042025-O.webp","ARS","23310","25900","10% OFF",,,,,"Lovecraft: The Dunwich Horror Nâº 03: Adaptación De Gou Tanabe, De Tanabe, Gou., Vol. 1. Editorial Planeta Cómic, Tapa Dura En Español, 2025","","",,"false","true","NADIR LIBROS Tienda oficial","true","MLA48724813","MLA3476349108","MLA48724813","MLAU3973338495","MLA48724813","ORGANIC","false","false","libros de terror","","3","247","+9.999 resultados","https://articulo.mercadolibre.com.ar/MLA-3476349108","","ÚLTIMAS 2 | ÚLTIMAS UNIDADES","","","","MLA412445","MLA-BOOKS","","CORE","CORE","","2026-09-26T20:37:19.476Z",
"https://http2.mlstatic.com/D_NQ_NP_623410-MLU69787717708_062023-O.webp","ARS","31780","","",,,,,"Carmilla Pluton Ilustrado, De Carmilla., Vol. 1. Editorial Pluton, Tapa Blanda En Español, 2022","Mismo precio 3 cuotas de 10593","",,"false","true","EDICIONES CONTINENTE Tienda oficial","true","MLA23728584","MLA3361930256","MLA23728584","MLAU3409839431","MLA23728584","ORGANIC","false","false","libros de terror","","","248","+9.999 resultados","https://articulo.mercadolibre.com.ar/MLA-3361930256","","","","","","MLA412445","MLA-BOOKS","","CORE","CORE","","2026-09-26T20:37:19.476Z",
"https://http2.mlstatic.com/D_NQ_NP_777284-MLA91346631582_092025-O.webp","ARS","79655","89000","10% OFF",,,,,"Libro Cuentos Completos, De Poe, Edgar Allan, Vol. 1. Editorial Paginas De Espuma Editorial, Tapa Blanda (2025)","Mismo precio 3 cuotas de 26551","","25","true","true","Yenny El Ateneo Tienda oficial","true","MLA54632369","MLA1814556875","MLA54632369","MLAU4042843210","MLA54632369","ORGANIC","false","false","libros de terror","5.0","6","249","+9.999 resultados","https://articulo.mercadolibre.com.ar/MLA-1814556875","Envío gratis","ÚLTIMAS 3 | ÚLTIMAS UNIDADES","","","","MLA412445","MLA-BOOKS","","CORE","CORE","","2026-09-26T20:37:19.476Z",
"https://http2.mlstatic.com/D_NQ_NP_911518-MLA99467986588_112025-O.webp","ARS","34700","","",,,,,"Antología De Cuentos De Terror, 1, De Aa. Vv.. Alianza Editorial, Tapa Dura En Español","","",,"true","true","Libreria Hernandez Tienda oficial","true","MLA24558543","MLA1437265519","MLA24558543","MLAU403310525","MLA24558543","ORGANIC","false","false","libros de terror","","3","250","+9.999 resultados","https://articulo.mercadolibre.com.ar/MLA-1437265519","Llega gratis el lunes","¡ÚLTIMA! | ÚLTIMA UNIDAD","","","","MLA412445","MLA-BOOKS","","CORE","CORE","","2026-09-26T20:37:19.477Z",
"https://http2.mlstatic.com/D_NQ_NP_864013-MLA108325250249_032026-O.webp","ARS","228150","","",,,,,"Libro The H. P. Lovecraft Experience - Deluxe Box Set, De Lovecraft, Howard Phillips. Editorial Weldon Owen International, Tapa Dura, En Inglés Internacional (2025)","6 cuotas de 51329","",,"true","true","","false","MLA66347598","MLA2109012957","MLA66347598","MLAU4506225594","MLA66347598","ORGANIC","false","false","libros de terror","","","251","+9.999 resultados","https://articulo.mercadolibre.com.ar/MLA-2109012957","Llega gratis el lunes","","","","","MLA412445","MLA-BOOKS","","CORE","CORE","","2026-09-26T20:37:19.477Z",
"https://http2.mlstatic.com/D_NQ_NP_970476-MLA44448329587_122020-O.webp","ARS","32100","","",,,,,"La Condesa Sangrienta _ Alejandra Pizarnik / Santiago Caruso (ilus) Tapa Dura","","","100","true","true","Zivals Tienda oficial","true","MLA22061394","MLA1427885699","MLA22061394","MLAU374495813","MLA22061394","ORGANIC","false","false","libros de terror","4.6","","252","+9.999 resultados","https://articulo.mercadolibre.com.ar/MLA-1427885699","Llega gratis el lunes","","","","","MLA412445","MLA-BOOKS","","CORE","CORE","","2026-09-26T20:37:19.477Z",
"https://http2.mlstatic.com/D_NQ_NP_772844-MLA112949881119_062026-O.webp","ARS","28999","","",,,,,"Ovni - Supergirl: El Mundo - Portada Alternativa - Nuevo","","",,"true","true","ENTELEQUIA Tienda oficial","true","MLA72937913","MLA3502702018","MLA72937913","MLAU4054461049","MLA72937913","ORGANIC","false","false","libros de terror","","","253","+9.999 resultados","https://articulo.mercadolibre.com.ar/MLA-3502702018","Llega gratis el lunes","","","","","MLA412445","MLA-BOOKS","","CORE","CORE","","2026-09-26T20:37:19.477Z",
"https://http2.mlstatic.com/D_NQ_NP_707574-MLA96571960726_112025-O.webp","ARS","67465","","",,,,,"Libro El misterio de Salem's Lot (Ed. 50.º aniversario), de King, Stephen, vol. 1. Editorial Plaza & Janes, tapa dura (2026)","6 cuotas de 15178","","50","true","true","MASLIBROS Tienda oficial","true","MLA61630913","MLA3121574234","MLA61630913","MLAU3866709229","MLA61630913","ORGANIC","false","false","libros de terror","4.9","","254","+9.999 resultados","https://articulo.mercadolibre.com.ar/MLA-3121574234","Llega gratis el lunes","","","","","MLA412445","MLA-BOOKS","","CORE","CORE","","2026-09-26T20:37:19.477Z",
"https://http2.mlstatic.com/D_NQ_NP_876423-MLA29583658191_032019-O.webp","ARS","14999","","",,,,,"El Secreto Del Hombre Muerto - Loqueleo Azul, de Gisbert Joan Manuel. Editorial SANTILLANA, tapa blanda en español","","","50","false","true","","false","MLA22215778","MLA1504939922","MLA22215778","MLAU272831533","MLA22215778","ORGANIC","false","false","libros de terror","4.6","1","255","+9.999 resultados","https://articulo.mercadolibre.com.ar/MLA-1504939922","Llega el lunes","","","","","MLA412445","MLA-BOOKS","","CORE","CORE","","2026-09-26T20:37:19.477Z",
"https://http2.mlstatic.com/D_NQ_NP_716570-MLA85471266546_062025-O.webp","ARS","11760","","",,,,,"Adabana, De Non., Vol. 1. Editorial Ivrea Argentina, Tapa Blanda, Edición 1 En Español, 2025","","","25","false","true","UBIK Libros Comics Tienda oficial","true","MLA51048849","MLA1509658151","MLA51048849","MLAU3228033842","MLA51048849","ORGANIC","false","false","libros de terror","5.0","","256","+9.999 resultados","https://articulo.mercadolibre.com.ar/MLA-1509658151","Llega el lunes","","","","","MLA412445","MLA-BOOKS","","CORE","CORE","","2026-09-26T20:37:19.477Z",
"https://http2.mlstatic.com/D_NQ_NP_709901-MLA112664221711_062026-O.webp","ARS","30035","31918,19","5% OFF",,,,,"Troubling Tonsils - Aaron Reynolds - Peter Brown","","",,"true","true","SBS Librerias Tienda oficial","true","MLA71714515","MLA3417369874","MLA71714515","MLAU3811621412","MLA71714515","ORGANIC","false","false","libros de terror","","","257","+9.999 resultados","https://articulo.mercadolibre.com.ar/MLA-3417369874","Llega gratis el lunes","","","","","MLA412445","MLA-BOOKS","","CORE","CORE","","2026-09-26T20:37:19.477Z",
"https://http2.mlstatic.com/D_NQ_NP_967089-MLA82167092838_022025-O.webp","ARS","10999","","",,,,,"Chainsaw Man, De Tatsuki Fujimoto. Editorial Ivrea, Tapa Blanda En Español, 2021","","","50","false","true","ToysToing Tienda oficial","true","MLA45437824","MLA2472577098","MLA45437824","MLAU3509045988","MLA45437824","ORGANIC","false","false","libros de terror","4.9","","258","+9.999 resultados","https://articulo.mercadolibre.com.ar/MLA-2472577098","Llega el lunes","¡ÚLTIMA! | ÚLTIMA UNIDAD","","","","MLA412445","MLA-BOOKS","","CORE","CORE","","2026-09-26T20:37:19.478Z",
"https://http2.mlstatic.com/D_NQ_NP_823671-MLA80673192187_112024-O.webp","ARS","31523","33500","5% OFF",,,,,"El Fantasma De La Ópera, De Gastón Leroux. Editorial Del Fondo Editorial, Tapa Blanda En Español, 2023","","","25","true","true","SBS Librerias Tienda oficial","true","MLA43149578","MLA3025002220","MLA43149578","MLAU3837554754","MLA43149578","ORGANIC","false","false","libros de terror","5.0","","259","+9.999 resultados","https://articulo.mercadolibre.com.ar/MLA-3025002220","Llega gratis el lunes","ÚLTIMAS 4 | ÚLTIMAS UNIDADES","","","","MLA412445","MLA-BOOKS","","CORE","CORE","","2026-09-26T20:37:19.479Z",
"https://http2.mlstatic.com/D_NQ_NP_621065-MLA54981765398_042023-O.webp","ARS","16999","","",,,,,"Cuentos Fantasticos Que Dan Miedo - La Puerta Secreta","","","100","true","true","PYQ Tienda oficial","true","MLA22297707","MLA1639153978","MLA22297707","MLAU152712116","MLA22297707","ORGANIC","false","false","libros de terror","4.9","11","260","+9.999 resultados","https://articulo.mercadolibre.com.ar/MLA-1639153978","Llega gratis el lunes","¡ÚLTIMA! | ÚLTIMA UNIDAD","","","","MLA412445","MLA-BOOKS","","CORE","CORE","","2026-09-26T20:37:19.479Z",
"https://http2.mlstatic.com/D_NQ_NP_807276-CBT109197713776_042026-O.webp","ARS","98910","","",,,,,"Goosebumps Series R.l. Stine Colección Terror Infantil","","",,"true","true","","false","MLA2090284331","MLA3147783708","MLA2090284331","MLAU3987081119","MLA2090284331","ORGANIC","false","true","libros de terror","","","261","+9.999 resultados","https://articulo.mercadolibre.com.ar/MLA-3147783708","Envío gratis","","","USA","","MLA412445","MLA-BOOKS","","CORE","CORE","","2026-09-26T20:37:19.479Z",
"https://http2.mlstatic.com/D_NQ_NP_602409-MLA112733629815_062026-O.webp","ARS","33000","","",,,,,"Lovecraft Prosa Completa Tomo I / Lea Índice","","",,"true","true","","false","MLA72175663","MLA3450572876","MLA72175663","MLAU4011649242","MLA72175663","ORGANIC","false","false","libros de terror","","1","262","+9.999 resultados","https://articulo.mercadolibre.com.ar/MLA-3450572876","Llega gratis el lunes","","","","","MLA412445","MLA-BOOKS","","CORE","CORE","","2026-09-26T20:37:19.479Z",
"https://http2.mlstatic.com/D_NQ_NP_689504-MLA99155568462_112025-O.webp","ARS","32900","","",,,,,"Libro Frankenstein O El Moderno Prometeo, De Mary Shelley. Editorial Penguin Clásicos, Tapa Dura","","","25","false","true","","false","MLA62566290","MLA1778175811","MLA62566290","MLAU3951977078","MLA62566290","ORGANIC","false","false","libros de terror","4.5","","263","+9.999 resultados","https://articulo.mercadolibre.com.ar/MLA-1778175811","","","","","","MLA412445","MLA-BOOKS","","CORE","CORE","","2026-09-26T20:37:19.479Z",
"https://http2.mlstatic.com/D_NQ_NP_954291-MLA40410997763_012020-O.webp","ARS","9000","","",,,,,"La Transformación - Kafka Franz - Terror Y Misterio","","","25","false","true","","false","MLA22036291","MLA3682074464","MLA22036291","MLAU4435573135","MLA22036291","ORGANIC","false","false","libros de terror","5.0","","264","+9.999 resultados","https://articulo.mercadolibre.com.ar/MLA-3682074464","Llega el lunes","","","","","MLA412445","MLA-BOOKS","","CORE","CORE","","2026-09-26T20:37:19.479Z",
"https://http2.mlstatic.com/D_NQ_NP_957691-MLA98194202107_112025-O.webp","ARS","28025","29500","5% OFF",,,,,"Libro Frankenstein - Con Ilustraciones, De Mary Shelley. Del Fondo Editorial, Tapa Blanda (2025)","","","25","false","true","NADIR LIBROS Tienda oficial","true","MLA62107986","MLA2789319240","MLA62107986","MLAU3558403616","MLA62107986","ORGANIC","false","false","libros de terror","4.8","","265","+9.999 resultados","https://articulo.mercadolibre.com.ar/MLA-2789319240","","","","","","MLA412445","MLA-BOOKS","","CORE","CORE","","2026-09-26T20:37:19.479Z",
"https://http2.mlstatic.com/D_NQ_NP_639421-MLA116501615077_082026-O.webp","ARS","27621","","",,,,,"Tower Of God 03 Ivrea Argentina","","",,"false","true","","false","MLA77872578","MLA3927364606","MLA77872578","MLAU4715934755","MLA77872578","ORGANIC","false","false","libros de terror","","","266","+9.999 resultados","https://articulo.mercadolibre.com.ar/MLA-3927364606","","","","","","MLA412445","MLA-BOOKS","","CORE","CORE","","2026-09-26T20:37:19.479Z",
"https://http2.mlstatic.com/D_NQ_NP_962263-MLA99535832086_122025-O.webp","ARS","31053","33000","5% OFF",,,,,"Los Elementales - Michael Mcdowell, De Mcdowell, Michael. Editorial La Bestia Equilátera, Tapa Blanda En Español, 2018","","","100","true","true","SBS Librerias Tienda oficial","true","MLA22070944","MLA1458130280","MLA22070944","MLAU222959456","MLA22070944","ORGANIC","false","false","libros de terror","4.8","39","267","+9.999 resultados","https://articulo.mercadolibre.com.ar/MLA-1458130280","Llega gratis el lunes","OFERTA IMPERDIBLE","","","","MLA412445","MLA-BOOKS","","CORE","CORE","","2026-09-26T20:37:19.479Z",
"https://http2.mlstatic.com/D_NQ_NP_819038-MLU75482311389_032024-O.webp","ARS","21297","","",,,,,"El Taller De Los Cuentos De Terror - Leer Para Escribir, De Mendez, Natalia. Editorial Edelvives, Tapa Blanda En Español","","","100","true","true","Ribera Libros Tienda oficial","true","MLA35144087","MLA1454320313","MLA35144087","MLAU2089429472","MLA35144087","ORGANIC","false","false","libros de terror","4.7","13","268","+9.999 resultados","https://articulo.mercadolibre.com.ar/MLA-1454320313","Llega gratis el lunes","","","","","MLA412445","MLA-BOOKS","","CORE","CORE","","2026-09-26T20:37:19.479Z",
"https://http2.mlstatic.com/D_NQ_NP_847303-MLA88312805509_072025-O.webp","ARS","17784","18900","5% OFF",,,,,"El Robo De La Mona Lisa - Elige Tu Propia Aventura 31, De Montgomery, Ramsey. Editorial Artemisa, Tapa Blanda En Español, 2025","","","100","true","true","SBS Librerias Tienda oficial","true","MLA53030660","MLA2191339866","MLA53030660","MLAU3276290187","MLA53030660","ORGANIC","false","false","libros de terror","4.8","23","269","+9.999 resultados","https://articulo.mercadolibre.com.ar/MLA-2191339866","Llega gratis el lunes","","","","","MLA412445","MLA-BOOKS","","CORE","CORE","","2026-09-26T20:37:19.479Z",
"https://http2.mlstatic.com/D_NQ_NP_714338-MLA52911999814_122022-O.webp","ARS","18999","","",,,,,"Libro Cuentos Victorianos De Terror - Oliphant Gaskell Hunt","","",,"true","true","ENTELEQUIA Tienda oficial","true","MLA23635252","MLA1386630633","MLA23635252","MLAU229897214","MLA23635252","ORGANIC","false","false","libros de terror","","4","270","+9.999 resultados","https://articulo.mercadolibre.com.ar/MLA-1386630633","Llega gratis el lunes","","","","","MLA412445","MLA-BOOKS","","CORE","CORE","","2026-09-26T20:37:19.479Z",
"https://http2.mlstatic.com/D_NQ_NP_984664-MLU74093666746_012024-O.webp","ARS","21560","","",,,,,"Desertor - Junji Ito, de Ito, Junji. Editorial Ivrea, tapa blanda en español, 2023","","","100","true","true","UBIK Libros Comics Tienda oficial","true","MLA33244163","MLA1649082886","MLA33244163","MLAU182550073","MLA33244163","ORGANIC","false","false","libros de terror","5.0","23","271","+9.999 resultados","https://articulo.mercadolibre.com.ar/MLA-1649082886","Llega gratis el lunes","¡ÚLTIMA! | ÚLTIMA UNIDAD","","","","MLA412445","MLA-BOOKS","","CORE","CORE","","2026-09-26T20:37:19.479Z",
"https://http2.mlstatic.com/D_NQ_NP_731812-MLA49696447093_042022-O.webp","ARS","10000","","",,,,,"Libro Compañías Silenciosas - Laura Purcell - Dnx","","","50","false","true","","false","MLA21178643","MLA1588233545","MLA21178643","MLAU3591108662","MLA21178643","ORGANIC","false","false","libros de terror","4.6","19","272","+9.999 resultados","https://articulo.mercadolibre.com.ar/MLA-1588233545","Llega el lunes","ÚLTIMAS 3 | ÚLTIMAS UNIDADES","","","","MLA412445","MLA-BOOKS","","CORE","CORE","","2026-09-26T20:37:19.479Z",
"https://http2.mlstatic.com/D_NQ_NP_668719-MLA106605838406_022026-O.webp","ARS","23999","","",,,,,"Libro Una Novela De Terror Y De Amistad - Alvarez Rivera, De Alvarez Rivera, Veronica. Editorial Planetalector, Tapa Blanda (2026)","Mismo precio 3 cuotas de 7999","","25","true","true","","false","MLA65628638","MLA3064226474","MLA65628638","MLAU3852056586","MLA65628638","ORGANIC","false","false","libros de terror","5.0","1","273","+9.999 resultados","https://articulo.mercadolibre.com.ar/MLA-3064226474","Llega gratis el lunes","¡ÚLTIMA! | ÚLTIMA UNIDAD","","","","MLA412445","MLA-BOOKS","","CORE","CORE","","2026-09-26T20:37:19.479Z",
"https://http2.mlstatic.com/D_NQ_NP_975785-MLU76115072390_052024-O.webp","ARS","60299","66999","10% OFF",,,,,"Lo Que Mas Me Gusta Son Los Monstruos 2, De Ferris, Emil. Editorial Reservoir Books, Tapa Blanda En Español, 2024","6 cuotas de 13566","","25","true","true","NADIR LIBROS Tienda oficial","true","MLA44038596","MLA2788506882","MLA44038596","MLAU3269415608","MLA44038596","ORGANIC","false","false","libros de terror","4.9","","274","+9.999 resultados","https://articulo.mercadolibre.com.ar/MLA-2788506882","Envío gratis","OFERTA IMPERDIBLE","","","","MLA412445","MLA-BOOKS","","CORE","CORE","","2026-09-26T20:37:19.479Z",
"https://http2.mlstatic.com/D_NQ_NP_793450-MLA32649575884_102019-O.webp","ARS","11880","","",,,,,"No Lo Intenten En Sus Casas - Serie Negra","","",,"false","true","NAVEBOOKS Tienda oficial","true","MLA22037423","MLA1644161089","MLA22037423","MLAU3714860095","MLA22037423","ORGANIC","false","false","libros de terror","","","275","+9.999 resultados","https://articulo.mercadolibre.com.ar/MLA-1644161089","Llega el lunes","","","","","MLA412445","MLA-BOOKS","","CORE","CORE","","2026-09-26T20:37:19.479Z",
"https://http2.mlstatic.com/D_NQ_NP_682733-MLA40110016614_122019-O.webp","ARS","70537","74250","5% OFF",,,,,"Creepshow de Stephen King y Bernie Wrightson, de King, Stephen. Cómics Editorial Comics Mexico, tapa dura en español, 2019","6 cuotas de 15869","","50","true","true","ENTELEQUIA Tienda oficial","true","MLA21260278","MLA2058404156","MLA21260278","MLAU221763829","MLA21260278","ORGANIC","false","false","libros de terror","4.9","25","276","+9.999 resultados","https://articulo.mercadolibre.com.ar/MLA-2058404156","Llega gratis el lunes","","","","","MLA412445","MLA-BOOKS","","CORE","CORE","","2026-09-26T20:37:19.479Z",
"https://http2.mlstatic.com/D_NQ_NP_814446-MLA32787306740_112019-O.webp","ARS","28000","","",,,,,"Cuentos De Terror De Mi Tio - Priestley","","","100","true","true","","false","MLA22046657","MLA1462956012","MLA22046657","MLAU141482831","MLA22046657","ORGANIC","false","false","libros de terror","5.0","","277","+9.999 resultados","https://articulo.mercadolibre.com.ar/MLA-1462956012","Llega gratis el lunes","ÚLTIMAS 3 | ÚLTIMAS UNIDADES","","","","MLA412445","MLA-BOOKS","","CORE","CORE","","2026-09-26T20:37:19.479Z",
"https://http2.mlstatic.com/D_NQ_NP_847094-MLA50601282642_072022-O.webp","ARS","19999","","",,,,,"El Fantasma De La Opera - Gaston Leroux - Del Fondo","","","25","true","true","","false","MLA21005397","MLA2117111813","MLA21005397","MLAU5242037369","MLA21005397","ORGANIC","false","false","libros de terror","4.7","","278","+9.999 resultados","https://articulo.mercadolibre.com.ar/MLA-2117111813","Llega gratis el lunes","","","","","MLA412445","MLA-BOOKS","","CORE","CORE","","2026-09-26T20:37:19.479Z",
"https://http2.mlstatic.com/D_NQ_NP_785415-MLA104605790193_012026-O.webp","ARS","93810","","",,,,,"Libro Drácula (el Jardín Secreto), De Bram Stoker. Editorial Alma Ediciones (2026)","6 cuotas de 21105","",,"true","true","PANDORA LIBROS TU LIBRERIA ONL Tienda oficial","true","MLA64201903","MLA1787383049","MLA64201903","MLAU3959315179","MLA64201903","ORGANIC","false","false","libros de terror","","3","279","+9.999 resultados","https://articulo.mercadolibre.com.ar/MLA-1787383049","Envío gratis","","","","","MLA412445","MLA-BOOKS","","CORE","CORE","","2026-09-26T20:37:19.479Z",
"https://http2.mlstatic.com/D_NQ_NP_684023-MLU71281424318_082023-O.webp","ARS","9000","","",,,,,"Libro JINETE SIN CABEZA Y OTRAS HISTORIAS DE FANTASMAS, EL, de Irving, Washington. Editorial Terramar","","",,"false","true","NADIR LIBROS Tienda oficial","true","MLA26497466","MLA1948646428","MLA26497466","MLAU2655898674","MLA26497466","ORGANIC","false","false","libros de terror","","","280","+9.999 resultados","https://articulo.mercadolibre.com.ar/MLA-1948646428","","ÚLTIMAS 2 | ÚLTIMAS UNIDADES","","","","MLA412445","MLA-BOOKS","","CORE","CORE","","2026-09-26T20:37:19.480Z",
"https://http2.mlstatic.com/D_NQ_NP_666954-MLU77493483421_072024-O.webp","ARS","9900","","",,,,,"Cuentos Terror La Nacion Bolsillo Varios Autores","","","25","false","true","","false","MLA22029218","MLA1798446720","MLA22029218","MLAU379576262","MLA22029218","ORGANIC","false","false","libros de terror","4.7","4","281","+9.999 resultados","https://articulo.mercadolibre.com.ar/MLA-1798446720","Llega el lunes","¡ÚLTIMA! | ÚLTIMA UNIDAD","","","","MLA412445","MLA-BOOKS","","CORE","CORE","","2026-09-26T20:37:19.480Z",
"https://http2.mlstatic.com/D_NQ_NP_777022-MLU78176998366_082024-O.webp","ARS","25900","","",,,,,"Cuentos De Terror - Alberto Laiseca","Mismo precio 3 cuotas de 8633","","50","false","true","Bookin Tienda oficial","true","MLA22010156","MLA1819313684","MLA22010156","MLAU390157868","MLA22010156","ORGANIC","false","false","libros de terror","5.0","","282","+9.999 resultados","https://articulo.mercadolibre.com.ar/MLA-1819313684","","","","","","MLA412445","MLA-BOOKS","","CORE","CORE","","2026-09-26T20:37:19.556Z",
"https://http2.mlstatic.com/D_NQ_NP_819913-MLA41168763341_032020-O.webp","ARS","28000","","",,,,,"Cnu, La - Cecchini, Elizalde Leal","Cuota promocionada en 6 cuotas de 5450","","50","false","true","","false","MLA21377459","MLA1486951674","MLA21377459","MLAU250984650","MLA21377459","ORGANIC","false","false","libros de terror","5.0","10","283","+9.999 resultados","https://articulo.mercadolibre.com.ar/MLA-1486951674","","ÚLTIMAS 2 | ÚLTIMAS UNIDADES","","","","MLA412445","MLA-BOOKS","","CORE","CORE","","2026-09-26T20:37:19.557Z",
"https://http2.mlstatic.com/D_NQ_NP_881617-MLA80290292626_112024-O.webp","ARS","52900","","",,,,,"Gotico Botanico, De Aa.vv. Editorial Impedimenta Editorial S.l, Tapa Blanda En Español / Castellano, 2024","6 cuotas de 11901","","50","true","true","Libreria Hernandez Tienda oficial","true","MLA42913339","MLA2814043312","MLA42913339","MLAU3655852567","MLA42913339","ORGANIC","false","false","libros de terror","5.0","","284","+9.999 resultados","https://articulo.mercadolibre.com.ar/MLA-2814043312","Llega gratis el lunes","","","","","MLA412445","MLA-BOOKS","","CORE","CORE","","2026-09-26T20:37:19.557Z",
"https://http2.mlstatic.com/D_NQ_NP_672364-MLU72520022670_102023-O.webp","ARS","43199","47999","10% OFF",,,,,"Misery, de Stephen King. Editorial Debolsillo, tapa blanda en español, 2019","","","100","true","true","Equis Libros Tienda oficial","true","MLA19869230","MLA1385757601","MLA19869230","MLAU209339482","MLA19869230","ORGANIC","false","false","libros de terror","4.9","","285","+9.999 resultados","https://articulo.mercadolibre.com.ar/MLA-1385757601","Llega gratis mañana Enviado por FULL","","","","","MLA412445","MLA-BOOKS","","CORE","CORE","","2026-09-26T20:37:19.557Z",
"https://http2.mlstatic.com/D_NQ_NP_624465-MLA99854805177_112025-O.webp","ARS","18000","20000","10% OFF",,,,,"Libro Historia Enrulada Con Teros Y Perros (y Peros Y Terros), De Wittner, Laura. Editorial A-z, Tapa Blanda (2025)","","","25","false","true","Eterna Cadencia Tienda oficial","true","MLA62657888","MLA2615420880","MLA62657888","MLAU3558353697","MLA62657888","ORGANIC","false","false","libros de terror","5.0","","286","+9.999 resultados","https://articulo.mercadolibre.com.ar/MLA-2615420880","","","","","","MLA412445","MLA-BOOKS","","CORE","CORE","","2026-09-26T20:37:19.557Z",
"https://http2.mlstatic.com/D_NQ_NP_957972-MLU70502011157_072023-O.webp","ARS","88505","","",,,,,"Dia De Los Trifidos, El, De Wyndham, John. Editorial Minotauro En Español","6 cuotas de 19912","",,"true","true","","false","MLA21101323","MLA1457761711","MLA21101323","MLAU278144349","MLA21101323","ORGANIC","false","false","libros de terror","","","287","+9.999 resultados","https://articulo.mercadolibre.com.ar/MLA-1457761711","Envío gratis","","","","","MLA412445","MLA-BOOKS","","CORE","CORE","","2026-09-26T20:37:19.557Z",
"https://http2.mlstatic.com/D_NQ_NP_729659-MLA50856455889_072022-O.webp","ARS","25000","","",,,,,"Noche De Terror En La Ciudad - Saracino, Mazali","Mismo precio 3 cuotas de 8333","","25","false","true","Bookin Tienda oficial","true","MLA21130468","MLA1387072179","MLA21130468","MLAU241824145","MLA21130468","ORGANIC","false","false","libros de terror","5.0","","288","+9.999 resultados","https://articulo.mercadolibre.com.ar/MLA-1387072179","","","","","","MLA412445","MLA-BOOKS","","CORE","CORE","","2026-09-26T20:37:19.557Z",
"https://http2.mlstatic.com/D_NQ_NP_889699-MLA52735928041_122022-O.webp","ARS","14999","","",,,,,"Dagas Y Horoscopos - Mazzitelli, Alcatena","","","25","false","true","Club del Comic Tienda oficial","true","MLA21244160","MLA1430233063","MLA21244160","MLAU380131267","MLA21244160","ORGANIC","false","false","libros de terror","4.9","6","289","+9.999 resultados","https://articulo.mercadolibre.com.ar/MLA-1430233063","Llega el lunes","","","","","MLA412445","MLA-BOOKS","","CORE","CORE","","2026-09-26T20:37:45.567Z",
"https://http2.mlstatic.com/D_NQ_NP_697781-MLA114119112756_082026-O.webp","ARS","23800","","",,,,,"Maestros Del Fantastico - N 17 La Sombra Sobre Innsmouth","","",,"false",,"","false","MLA3711067190","MLA3711067190","","MLAU4529659295","MLAU4529659295","ORGANIC","false","false","libros de terror","","","290","+9.999 resultados","https://articulo.mercadolibre.com.ar/MLA-3711067190","","","","","","MLA412445","MLA-BOOKS","","CORE","CORE","","2026-09-26T20:37:45.567Z",
"https://http2.mlstatic.com/D_NQ_NP_605331-MLA81008063965_112024-O.webp","ARS","38700","","",,,,,"Negro Tal Vez, De Veres, Attila., Vol. 1. Editorial Sexto Piso, Tapa Blanda En Spa, 2024","","","100","true","true","Libreria Hernandez Tienda oficial","true","MLA44020453","MLA2432918284","MLA44020453","MLAU3479474988","MLA44020453","ORGANIC","false","false","libros de terror","4.9","","291","+9.999 resultados","https://articulo.mercadolibre.com.ar/MLA-2432918284","Llega gratis el lunes","","","","","MLA412445","MLA-BOOKS","","CORE","CORE","","2026-09-26T20:37:45.567Z",
"https://http2.mlstatic.com/D_NQ_NP_657663-MLU74161174875_012024-O.webp","ARS","27440","","",,,,,"Sandan Vol. 09 Las Benevolas","","","100","true","true","UBIK Libros Comics Tienda oficial","true","MLA23505882","MLA3493388126","MLA23505882","MLAU152916672","MLA23505882","ORGANIC","false","false","libros de terror","5.0","","292","+9.999 resultados","https://articulo.mercadolibre.com.ar/MLA-3493388126","Llega gratis el lunes","","","","","MLA412445","MLA-BOOKS","","CORE","CORE","","2026-09-26T20:37:45.567Z",
"https://http2.mlstatic.com/D_NQ_NP_796795-MLU75716354687_042024-O.webp","ARS","34816","38900","10% OFF",,,,,"Cuentos De Imaginacion Y Misterio, De Poe, Edgar Allan. Editorial Libros Del Zorro Rojo, Tapa Blanda En Español, 2024","","","25","true","true","Yenny El Ateneo Tienda oficial","true","MLA35646656","MLA2007542926","MLA35646656","MLAU311963221","MLA35646656","ORGANIC","false","false","libros de terror","5.0","3","293","+9.999 resultados","https://articulo.mercadolibre.com.ar/MLA-2007542926","Envío gratis","¡ÚLTIMA! | ÚLTIMA UNIDAD","","","","MLA412445","MLA-BOOKS","","CORE","CORE","","2026-09-26T20:37:45.567Z",
"https://http2.mlstatic.com/D_NQ_NP_767828-MLA106502391897_022026-O.webp","ARS","14000","","",,,,,"El Horror De Dunwich - H. P. Lovecraft, De Lovecraft, H. P.. Editorial Terramar, Tapa Blanda En Español","","",,"false","true","","false","MLA24128907","MLA1861354071","MLA24128907","MLAU4182307734","MLA24128907","ORGANIC","false","false","libros de terror","","","294","+9.999 resultados","https://articulo.mercadolibre.com.ar/MLA-1861354071","Llega el lunes","","","","","MLA412445","MLA-BOOKS","","CORE","CORE","","2026-09-26T20:37:45.567Z",
"https://http2.mlstatic.com/D_NQ_NP_780624-MLA49678547984_042022-O.webp","ARS","23500","","",,,,,"Horacio Quiroga / Edgar A Poe / Ph Lovecraft Lote X 3 Libros","","",,"true",,"","false","MLA882205758","MLA882205758","","MLAU301315274","MLAU301315274","ORGANIC","false","false","libros de terror","","1","295","+9.999 resultados","https://articulo.mercadolibre.com.ar/MLA-882205758","Llega gratis el lunes","ÚLTIMAS 3 | ÚLTIMAS UNIDADES","","","","MLA412445","MLA-BOOKS","","CORE","CORE","","2026-09-26T20:37:45.567Z",
"https://http2.mlstatic.com/D_NQ_NP_831244-MLC52004483206_102022-O.webp","ARS","45599","49999","8% OFF",,,,,"Libro Cementerio De Animales. - Stephen King Ed. Debolsillo","Mismo precio 3 cuotas de 15199","","500","true","true","Bookin Tienda oficial","true","MLA22088325","MLA1678676131","MLA22088325","MLAU3701468383","MLA22088325","ORGANIC","false","false","libros de terror","4.9","83","296","+9.999 resultados","https://articulo.mercadolibre.com.ar/MLA-1678676131","Envío gratis","","","","","MLA412445","MLA-BOOKS","","CORE","CORE","","2026-09-26T20:37:45.567Z",
"https://http2.mlstatic.com/D_NQ_NP_864952-MLA49291717111_032022-O.webp","ARS","15500","","",,,,,"Cuentos De Horror Contados Para Niños - Lovecraft","","","50","false","true","CASASSA Y LORENZO LIBREROS Tienda oficial","true","MLA22177404","MLA3844705978","MLA22177404","MLAU4904841102","MLA22177404","ORGANIC","false","false","libros de terror","5.0","","297","+9.999 resultados","https://articulo.mercadolibre.com.ar/MLA-3844705978","","","","","","MLA412445","MLA-BOOKS","","CORE","CORE","","2026-09-26T20:37:45.567Z",
"https://http2.mlstatic.com/D_NQ_NP_609509-MLA117200050301_092026-O.webp","ARS","55241","61999","10% OFF",,,,,"El talismán (El talismán 1) - Stephen King Peter Straub - Plaza & Janes","6 cuotas de 12428","",,"true","true","LIBRENTA Tienda oficial","true","MLA78918847","MLA2063241285","MLA78918847","MLAU4969524430","MLA78918847","ORGANIC","false","false","libros de terror","","","298","+9.999 resultados","https://articulo.mercadolibre.com.ar/MLA-2063241285","Llega gratis el lunes","OFERTA IMPERDIBLE","","","","MLA412445","MLA-BOOKS","","CORE","CORE","","2026-09-26T20:37:45.567Z",
"https://http2.mlstatic.com/D_NQ_NP_974206-MLA111600401821_052026-O.webp","ARS","26990","","",,,,,"Libro Despues - Stephen King","","","1000","true","true","","false","MLA21150895","MLA1402688183","MLA21150895","MLAU209353602","MLA21150895","ORGANIC","false","false","libros de terror","4.8","162","299","+9.999 resultados","https://articulo.mercadolibre.com.ar/MLA-1402688183","Llega gratis el lunes","","","","","MLA412445","MLA-BOOKS","","CORE","CORE","","2026-09-26T20:37:45.567Z",
"https://http2.mlstatic.com/D_NQ_NP_741674-MLA107651386769_022026-O.webp","ARS","30000","","",,,,,"El Que No Sabe Morir Soy Yo","","",,"false",,"","false","MLA1682536211","MLA1682536211","","MLAU3815942794","MLAU3815942794","ORGANIC","false","false","libros de terror","","","300","+9.999 resultados","https://articulo.mercadolibre.com.ar/MLA-1682536211","","","","","","MLA412445","MLA-BOOKS","","CORE","CORE","","2026-09-26T20:37:45.567Z",
"https://http2.mlstatic.com/D_NQ_NP_621121-MLA75142697478_032024-O.webp","ARS","26459","","",,,,,"Slavoj Zizek Robespierre Virtud y terror Editorial Akal","","","25","true","true","Libros del Camino Tienda oficial","true","MLA22049962","MLA1409804760","MLA22049962","MLAU170006329","MLA22049962","ORGANIC","false","false","libros de terror","4.0","","301","+9.999 resultados","https://articulo.mercadolibre.com.ar/MLA-1409804760","Llega gratis el lunes","","","","","MLA412445","MLA-BOOKS","","CORE","CORE","","2026-09-26T20:37:45.567Z",
"https://http2.mlstatic.com/D_NQ_NP_737909-MLU78922548625_092024-O.webp","ARS","36800","","",,,,,"Dracula. El Origen - Barker, J.d. (paperback)","","","25","true","true","Zivals Tienda oficial","true","MLA22109193","MLA3352106368","MLA22109193","MLAU451497860","MLA22109193","ORGANIC","false","false","libros de terror","4.8","7","302","+9.999 resultados","https://articulo.mercadolibre.com.ar/MLA-3352106368","Llega gratis el lunes","","","","","MLA412445","MLA-BOOKS","","CORE","CORE","","2026-09-26T20:37:45.567Z",
"https://http2.mlstatic.com/D_NQ_NP_896243-MLA116525970447_082026-O.webp","ARS","61999","","",,,,,"Casa Negra El Talisman 2 - King Stephen [libro]","Mismo precio 3 cuotas de 20666","",,"true",,"Zivals Tienda oficial","true","MLA3836472968","MLA3836472968","","MLAU4859839499","MLAU4859839499","ORGANIC","false","false","libros de terror","","","303","+9.999 resultados","https://articulo.mercadolibre.com.ar/MLA-3836472968","Llega gratis el lunes","","","","","MLA412445","MLA-BOOKS","","CORE","CORE","","2026-09-26T20:37:45.567Z",
"https://http2.mlstatic.com/D_NQ_NP_704664-MLU50930664124_072022-O.webp","ARS","33000","","",,,,,"Libro - La Última Misión De Gwendy - Stephen King","","","100","true","true","","false","MLA21471610","MLA1914413901","MLA21471610","MLAU4405801198","MLA21471610","ORGANIC","false","false","libros de terror","4.9","","304","+9.999 resultados","https://articulo.mercadolibre.com.ar/MLA-1914413901","Llega gratis el lunes","","","","","MLA412445","MLA-BOOKS","","CORE","CORE","","2026-09-26T20:37:45.567Z",
"https://http2.mlstatic.com/D_NQ_NP_989567-MLA31607657857_072019-O.webp","ARS","10450","11000","5% OFF",,,,,"El Hombre De Arena - Hoffmann - Salim","","",,"false","true","NADIR LIBROS Tienda oficial","true","MLA21271601","MLA1383081009","MLA21271601","MLAU286158968","MLA21271601","ORGANIC","false","false","libros de terror","","","305","+9.999 resultados","https://articulo.mercadolibre.com.ar/MLA-1383081009","","","","","","MLA412445","MLA-BOOKS","","CORE","CORE","","2026-09-26T20:37:45.567Z",
"https://http2.mlstatic.com/D_NQ_NP_698472-MLU79193073351_092024-O.webp","ARS","39999","","",,,,,"La Bahia Del Espejo, De Ward, Catriona. Alianza Editorial, Tapa Blanda En Español","","",,"true","true","","false","MLA30050004","MLA3478894176","MLA30050004","MLAU4059932500","MLA30050004","ORGANIC","false","false","libros de terror","","","306","+9.999 resultados","https://articulo.mercadolibre.com.ar/MLA-3478894176","Llega gratis el lunes","","","","","MLA412445","MLA-BOOKS","","CORE","CORE","","2026-09-26T20:37:45.568Z",
"https://http2.mlstatic.com/D_NQ_NP_987466-MLU77925857408_082024-O.webp","ARS","21560","","",,,,,"Las Estatuas Sin Cabeza, De Junji Ito., Vol. 1. Editorial Ivrea, Tapa Blanda En Español, 2024","","","50","true","true","UBIK Libros Comics Tienda oficial","true","MLA38878723","MLA1870752658","MLA38878723","MLAU338633474","MLA38878723","ORGANIC","false","false","libros de terror","4.7","","307","+9.999 resultados","https://articulo.mercadolibre.com.ar/MLA-1870752658","Llega gratis el lunes","","","","","MLA412445","MLA-BOOKS","","CORE","CORE","","2026-09-26T20:37:45.568Z",
"https://http2.mlstatic.com/D_NQ_NP_851744-MLA28782993732_112018-O.webp","ARS","6500","","",,,,,"Relatos De Horror - Howard Lovecraft","","","100","false","true","","false","MLA21137758","MLA1479728738","MLA21137758","MLAU275079451","MLA21137758","ORGANIC","false","false","libros de terror","4.8","","308","+9.999 resultados","https://articulo.mercadolibre.com.ar/MLA-1479728738","Llega el lunes","","","","","MLA412445","MLA-BOOKS","","CORE","CORE","","2026-09-26T20:37:45.568Z",
"https://http2.mlstatic.com/D_NQ_NP_915362-MLU77526230894_072024-O.webp","ARS","32000","","",,,,,"Grandes De Lo Macabro - Joan Boix","","",,"true","true","","false","MLA22029296","MLA2151821972","MLA22029296","MLAU3262362457","MLA22029296","ORGANIC","false","false","libros de terror","","","309","+9.999 resultados","https://articulo.mercadolibre.com.ar/MLA-2151821972","Llega gratis el lunes","","","","","MLA412445","MLA-BOOKS","","CORE","CORE","","2026-09-26T20:37:45.568Z",
"https://http2.mlstatic.com/D_NQ_NP_623000-MLU77438267858_072024-O.webp","ARS","19800","22000","10% OFF",,,,,"Palomas Del Infierno Y Otros Cuentos De Horror - Lectosfera","","",,"false","true","Eterna Cadencia Tienda oficial","true","MLA21218162","MLA1667429153","MLA21218162","MLAU282860591","MLA21218162","ORGANIC","false","false","libros de terror","","","310","+9.999 resultados","https://articulo.mercadolibre.com.ar/MLA-1667429153","","","","","","MLA412445","MLA-BOOKS","","CORE","CORE","","2026-09-26T20:37:45.568Z",
"https://http2.mlstatic.com/D_NQ_NP_951767-MLA108517987734_032026-O.webp","ARS","13200","","",,,,,"Libro Los mejores cuentos de Terror Psicológico, de VV. AA., vol. 1. Editorial Mestas, tapa blanda","","",,"false","true","Yenny El Ateneo Tienda oficial","true","MLA67038807","MLA3912237700","MLA67038807","MLAU5106577816","MLA67038807","ORGANIC","false","false","libros de terror","","","311","+9.999 resultados","https://articulo.mercadolibre.com.ar/MLA-3912237700","","","","","","MLA412445","MLA-BOOKS","","CORE","CORE","","2026-09-26T20:37:45.568Z",
"https://http2.mlstatic.com/D_NQ_NP_888782-MLA44829386400_022021-O.webp","ARS","7000","","",,,,,"Un Vampiro Peligroso (letra Mayuscula) - Col. Terrible Terro","","","25","false","true","Zivals Tienda oficial","true","MLA21388859","MLA1465797910","MLA21388859","MLAU157786122","MLA21388859","ORGANIC","false","false","libros de terror","4.6","","312","+9.999 resultados","https://articulo.mercadolibre.com.ar/MLA-1465797910","Llega el lunes","","","","","MLA412445","MLA-BOOKS","","CORE","CORE","","2026-09-26T20:37:45.568Z",
"https://http2.mlstatic.com/D_NQ_NP_669735-MLC47436528128_092021-O.webp","ARS","44549","49499","10% OFF",,,,,"La Cupula | Stephen King","","","100","true","true","NADIR LIBROS Tienda oficial","true","MLA19896952","MLA1388944733","MLA19896952","MLAU313829886","MLA19896952","ORGANIC","false","false","libros de terror","4.8","18","313","+9.999 resultados","https://articulo.mercadolibre.com.ar/MLA-1388944733","Envío gratis","¡ÚLTIMA! | ÚLTIMA UNIDAD","","","","MLA412445","MLA-BOOKS","","CORE","CORE","","2026-09-26T20:37:45.568Z",
"https://http2.mlstatic.com/D_NQ_NP_944150-MLA81394763881_122024-O.webp","ARS","27759","29500","5% OFF",,,,,"Frankestein, De Mary Shelley. Editorial Del Fondo, Tapa Blanda En Español, 2021","","","25","true","true","SBS Librerias Tienda oficial","true","MLA44758636","MLA2802285318","MLA44758636","MLAU3735115368","MLA44758636","ORGANIC","false","false","libros de terror","5.0","10","314","+9.999 resultados","https://articulo.mercadolibre.com.ar/MLA-2802285318","Llega gratis el lunes","ÚLTIMAS 3 | ÚLTIMAS UNIDADES","","","","MLA412445","MLA-BOOKS","","CORE","CORE","","2026-09-26T20:37:45.568Z",
"https://http2.mlstatic.com/D_NQ_NP_883855-MLA31018307127_062019-O.webp","ARS","30000","","",,,,,"Cuentos De H. P. Lovecraft Ilustrados Por Ziperart","","","25","true","true","Libreria Hernandez Tienda oficial","true","MLA21197695","MLA1501430844","MLA21197695","MLAU129036887","MLA21197695","ORGANIC","false","false","libros de terror","5.0","","315","+9.999 resultados","https://articulo.mercadolibre.com.ar/MLA-1501430844","Llega gratis el lunes","","","","","MLA412445","MLA-BOOKS","","CORE","CORE","","2026-09-26T20:37:45.568Z",
"https://http2.mlstatic.com/D_NQ_NP_735581-MLU74226083133_012024-O.webp","ARS","41430","45000","7% OFF",,,,,"Billy Summers - Edicion Español - Stephen King - P&j - Libro","","","500","true","true","PYQ Tienda oficial","true","MLA19901984","MLA1381548037","MLA19901984","MLAU145028772","MLA19901984","ORGANIC","false","false","libros de terror","4.9","41","316","+9.999 resultados","https://articulo.mercadolibre.com.ar/MLA-1381548037","Llega gratis el lunes","","","","","MLA412445","MLA-BOOKS","","CORE","CORE","","2026-09-26T20:37:45.568Z",
"https://http2.mlstatic.com/D_NQ_NP_644559-MLA106666818144_022026-O.webp","ARS","29000","","",,,,,"Libro Libro El Pozo - Hye - Young Pyun - Editorial: Destino, De Hye-young Pyun. Editorial Planeta, En Castellano (2024)","Mismo precio 3 cuotas de 9666","",,"true","true","Deser Libros Tienda oficial","true","MLA65683507","MLA1734941699","MLA65683507","MLAU3876863367","MLA65683507","ORGANIC","false","false","libros de terror","","","317","+9.999 resultados","https://articulo.mercadolibre.com.ar/MLA-1734941699","Llega gratis el lunes","","","","","MLA412445","MLA-BOOKS","","CORE","CORE","","2026-09-26T20:37:45.568Z",
"https://http2.mlstatic.com/D_NQ_NP_736281-MLU74573772965_022024-O.webp","ARS","27700","","",,,,,"El Tren Del Terror: N/a, De Silvia Schujer Y Liza Porcelli. Serie N/aa Editorial Planetalector Argentina, Tapa Blanda, Edición N/a En Español, 2024","","","50","true","true","","false","MLA33641911","MLA2003345210","MLA33641911","MLAU297636441","MLA33641911","ORGANIC","false","false","libros de terror","5.0","7","318","+9.999 resultados","https://articulo.mercadolibre.com.ar/MLA-2003345210","Llega gratis el lunes","","","","","MLA412445","MLA-BOOKS","","CORE","CORE","","2026-09-26T20:37:45.568Z",
"https://http2.mlstatic.com/D_NQ_NP_799874-MLA54141222987_032023-O.webp","ARS","26500","","",,,,,"Cuentos De Fantasmas - Wharton, Edith","","",,"true","true","Zivals Tienda oficial","true","MLA22214277","MLA2845890508","MLA22214277","MLAU3778300466","MLA22214277","ORGANIC","false","false","libros de terror","","3","319","+9.999 resultados","https://articulo.mercadolibre.com.ar/MLA-2845890508","Llega gratis el lunes","","","","","MLA412445","MLA-BOOKS","","CORE","CORE","","2026-09-26T20:37:45.568Z",
"https://http2.mlstatic.com/D_NQ_NP_960928-MLA84437779357_052025-O.webp","ARS","54055","56900","5% OFF",,,,,"Lo Que Mueve A Los Muertos, De Kingfisher, T.. 1049, Vol. 1. Editorial Crononauta, Tapa Blanda, Edición 1 En Español, 2025","6 cuotas de 12161","",,"true","true","Zivals Tienda oficial","true","MLA49029322","MLA2067517659","MLA49029322","MLAU4943119582","MLA49029322","ORGANIC","false","false","libros de terror","","","320","+9.999 resultados","https://articulo.mercadolibre.com.ar/MLA-2067517659","Llega gratis el lunes","OFERTA IMPERDIBLE","","","","MLA412445","MLA-BOOKS","","CORE","CORE","","2026-09-26T20:37:45.568Z",
"https://http2.mlstatic.com/D_NQ_NP_851682-MLA99989900943_112025-O.webp","ARS","11400","12000","5% OFF",,,,,"Manga Gyo # 02 - Ito Junji","","","100","false","true","Zivals Tienda oficial","true","MLA21217770","MLA1381194445","MLA21217770","MLAU179681127","MLA21217770","ORGANIC","false","false","libros de terror","5.0","27","321","+9.999 resultados","https://articulo.mercadolibre.com.ar/MLA-1381194445","Llega el lunes","ÚLTIMAS 3 | ÚLTIMAS UNIDADES","","","","MLA412445","MLA-BOOKS","","CORE","CORE","","2026-09-26T20:37:45.568Z",
"https://http2.mlstatic.com/D_NQ_NP_681394-MLA90272107596_082025-O.webp","ARS","18820","20000","5% OFF",,,,,"Cuentos De Terror Para Franco V - Hugo Daniel Mitoire","","",,"true",,"SBS Librerias Tienda oficial","true","MLA1516513487","MLA1516513487","","MLAU3379352196","MLAU3379352196","ORGANIC","false","false","libros de terror","","","322","+9.999 resultados","https://articulo.mercadolibre.com.ar/MLA-1516513487","Llega gratis el lunes","","","","","MLA412445","MLA-BOOKS","","CORE","CORE","","2026-09-26T20:37:45.568Z",
"https://http2.mlstatic.com/D_NQ_NP_633792-MLA48465145508_122021-O.webp","ARS","8670","","",,,,,"Mushihime - Elegi Tu Tomo! - Invictvs Manga Ivrea","","","50","false","true","","false","MLA22038245","MLA2821963546","MLA22038245","MLAU3769689424","MLA22038245","ORGANIC","false","false","libros de terror","5.0","","323","+9.999 resultados","https://articulo.mercadolibre.com.ar/MLA-2821963546","","","","","","MLA412445","MLA-BOOKS","","CORE","CORE","","2026-09-26T20:37:45.568Z",
"https://http2.mlstatic.com/D_NQ_NP_676324-MLA46958705578_082021-O.webp","ARS","16000","","",,,,,"La Estrella De Fuego - Avila - Salim","","",,"false","true","CASASSA Y LORENZO LIBREROS Tienda oficial","true","MLA22112244","MLA3629477424","MLA22112244","MLAU4252700477","MLA22112244","ORGANIC","false","false","libros de terror","","","324","+9.999 resultados","https://articulo.mercadolibre.com.ar/MLA-3629477424","","","","","","MLA412445","MLA-BOOKS","","CORE","CORE","","2026-09-26T20:37:45.568Z",
"https://http2.mlstatic.com/D_NQ_NP_707778-MLU73635144279_122023-O.webp","ARS","30900","","",,,,,"Libro Los Crímenes De Chopin - Blue Jeans - Planeta","","","50","true","true","","false","MLA19814168","MLA1949930626","MLA19814168","MLAU217740227","MLA19814168","ORGANIC","false","false","libros de terror","4.8","18","325","+9.999 resultados","https://articulo.mercadolibre.com.ar/MLA-1949930626","Llega gratis el lunes","","","","","MLA412445","MLA-BOOKS","","CORE","CORE","","2026-09-26T20:37:45.568Z",
"https://http2.mlstatic.com/D_NQ_NP_709592-MLA51843140576_102022-O.webp","ARS","32999","","",,,,,"Libro Asesinos Sin Fronteras - Eduardo Luis Duhalde","","","25","true","true","","false","MLA19812271","MLA1519468075","MLA19812271","MLAU3397942773","MLA19812271","ORGANIC","false","false","libros de terror","4.8","","326","+9.999 resultados","https://articulo.mercadolibre.com.ar/MLA-1519468075","Llega gratis el lunes","","","","","MLA412445","MLA-BOOKS","","CORE","CORE","","2026-09-26T20:37:45.568Z",
"https://http2.mlstatic.com/D_NQ_NP_792576-MLA84604865601_052025-O.webp","ARS","34787","","",,,,,"Mr Joker -: Similar Al Titulo, De Hideshi Hino -. Similar Al Titulo, Vol. Similar Al Titulo. Editorial La Cúpula Manga Terror, Tapa Blanda, Edición Similar Al Titulo En Español, 1","","",,"true","true","ENTELEQUIA Tienda oficial","true","MLA49674502","MLA2078853004","MLA49674502","MLAU3010745556","MLA49674502","ORGANIC","false","false","libros de terror","","","327","+9.999 resultados","https://articulo.mercadolibre.com.ar/MLA-2078853004","Llega gratis el lunes","","","","","MLA412445","MLA-BOOKS","","CORE","CORE","","2026-09-26T20:37:45.568Z",
"https://http2.mlstatic.com/D_NQ_NP_629123-MLA29587684581_032019-O.webp","ARS","18500","","",,,,,"El Diablo En La Botella Y Otros Cuentos - Loqueleo Juvenil, De Stevenson, Robert Louis. Editorial Santillana, Tapa Blanda En Español, 2016","","","100","true","true","SBS Librerias Tienda oficial","true","MLA22009570","MLA1503789080","MLA22009570","MLAU262651495","MLA22009570","ORGANIC","false","false","libros de terror","4.9","18","328","+9.999 resultados","https://articulo.mercadolibre.com.ar/MLA-1503789080","Llega gratis el lunes","ÚLTIMAS 4 | ÚLTIMAS UNIDADES","","","","MLA412445","MLA-BOOKS","","CORE","CORE","","2026-09-26T20:37:45.568Z",
"https://http2.mlstatic.com/D_NQ_NP_951626-MLA53647159059_022023-O.webp","ARS","30500","","",,,,,"Tras Las Huellas Del Terror - Jemio, Ana Sofía","","","50","true","true","","false","MLA22046534","MLA1540572438","MLA22046534","MLAU307840147","MLA22046534","ORGANIC","false","false","libros de terror","4.4","","329","+9.999 resultados","https://articulo.mercadolibre.com.ar/MLA-1540572438","Llega gratis el lunes","","","","","MLA412445","MLA-BOOKS","","CORE","CORE","","2026-09-26T20:37:45.568Z",
"https://http2.mlstatic.com/D_NQ_NP_737367-MLA109557431919_032026-O.webp","ARS","34017","35870","5% OFF",,,,,"Libro El Fugitivo - King, Stephen","","","25","true","true","EDICIONES CONTINENTE Tienda oficial","true","MLA22093937","MLA3503845878","MLA22093937","MLAU3477748234","MLA22093937","ORGANIC","false","false","libros de terror","5.0","","330","+9.999 resultados","https://articulo.mercadolibre.com.ar/MLA-3503845878","Envío gratis","OFERTA IMPERDIBLE","","","","MLA412445","MLA-BOOKS","","CORE","CORE","","2026-09-26T20:37:45.568Z",
"https://http2.mlstatic.com/D_NQ_NP_761778-MLA111542588806_062026-O.webp","ARS","85000","","",,,,,"Vampiras - Varios Autores","6 cuotas de 19123","",,"true","true","Libreria Hernandez Tienda oficial","true","MLA71149105","MLA3450867682","MLA71149105","MLAU4045642306","MLA71149105","ORGANIC","false","false","libros de terror","","","331","+9.999 resultados","https://articulo.mercadolibre.com.ar/MLA-3450867682","Llega gratis el lunes","","","","","MLA412445","MLA-BOOKS","","CORE","CORE","","2026-09-26T20:37:45.568Z",
"https://http2.mlstatic.com/D_NQ_NP_764719-MLA79594818227_092024-O.webp","ARS","30487","32399","5% OFF",,,,,"Libro Misery - Stephen King","","","25","true",,"SBS Librerias Tienda oficial","true","MLA1373089188","MLA1373089188","","MLAU261343174","MLAU261343174","ORGANIC","false","false","libros de terror","4.8","3","332","+9.999 resultados","https://articulo.mercadolibre.com.ar/MLA-1373089188","Llega gratis el lunes","","","","","MLA412445","MLA-BOOKS","","CORE","CORE","","2026-09-26T20:37:45.569Z",
"https://http2.mlstatic.com/D_NQ_NP_652706-MLA84555974535_052025-O.webp","ARS","26999","29999","10% OFF",,,,,"Dolores Claiborne - Stephen King, De King, Stephen., Vol. 1. Editorial Debolsillo, Tapa Blanda En Español, 2024","","","25","false","true","NADIR LIBROS Tienda oficial","true","MLA49431193","MLA3978515694","MLA49431193","MLAU3402041173","MLA49431193","ORGANIC","false","false","libros de terror","4.9","","333","+9.999 resultados","https://articulo.mercadolibre.com.ar/MLA-3978515694","","OFERTA IMPERDIBLE","","","","MLA412445","MLA-BOOKS","","CORE","CORE","","2026-09-26T20:37:45.569Z",
"https://http2.mlstatic.com/D_NQ_NP_893817-MLU78184732024_082024-O.webp","ARS","54000","","",,,,,"Solsticio Siniestro, De Vv. Aa.. Editorial Impedimenta Editorial S.l En Español","6 cuotas de 12149","",,"true","true","Libreria Hernandez Tienda oficial","true","MLA31374073","MLA1876021498","MLA31374073","MLAU444591680","MLA31374073","ORGANIC","false","false","libros de terror","","6","334","+9.999 resultados","https://articulo.mercadolibre.com.ar/MLA-1876021498","Llega gratis el lunes","","","","","MLA412445","MLA-BOOKS","","CORE","CORE","","2026-09-26T20:37:45.569Z",
"https://http2.mlstatic.com/D_NQ_NP_759687-MLM48055407598_102021-O.webp","ARS","35300","","",,,,,"Libro Hellraiser El Corazón Condenado Por Clive Barker","","","100","true","true","Zivals Tienda oficial","true","MLA22131117","MLA1556651297","MLA22131117","MLAU3467732223","MLA22131117","ORGANIC","false","false","libros de terror","4.8","51","335","+9.999 resultados","https://articulo.mercadolibre.com.ar/MLA-1556651297","Llega gratis el lunes","","","","","MLA412445","MLA-BOOKS","","CORE","CORE","","2026-09-26T20:37:45.569Z",
"https://http2.mlstatic.com/D_NQ_NP_782203-MLA46632605734_072021-O.webp","ARS","35000","","",,,,,"Rabia - King (edición Económica)","","",,"true",,"","false","MLA840295437","MLA840295437","","MLAU175850272","MLAU175850272","ORGANIC","false","false","libros de terror","","7","336","+9.999 resultados","https://articulo.mercadolibre.com.ar/MLA-840295437","Envío gratis","ÚLTIMAS 2 | ÚLTIMAS UNIDADES","","","","MLA412445","MLA-BOOKS","","CORE","CORE","","2026-09-26T20:37:45.569Z",
"https://http2.mlstatic.com/D_NQ_NP_794487-MLA87138674368_072025-O.webp","ARS","38000","","",,,,,"Silêncio, De Ramsey Campbell. Editorial La Factoría De Ideas En Español","","",,"true","true","","false","MLA52122314","MLA2165430508","MLA52122314","MLAU135387294","MLA52122314","ORGANIC","false","false","libros de terror","","3","337","+9.999 resultados","https://articulo.mercadolibre.com.ar/MLA-2165430508","Llega gratis el lunes","¡ÚLTIMA! | ÚLTIMA UNIDAD","","","","MLA412445","MLA-BOOKS","","CORE","CORE","","2026-09-26T20:38:25.365Z",
"https://http2.mlstatic.com/D_NQ_NP_949345-MLA80673912907_112024-O.webp","ARS","25741","27355,19","5% OFF",,,,,"The Dead Zone - Stephen King, De King, Stephen. Editorial Scribner, Tapa Blanda En Inglés Internacional","","",,"true","true","SBS Librerias Tienda oficial","true","MLA43150279","MLA1958642112","MLA43150279","MLAU2500686475","MLA43150279","ORGANIC","false","false","libros de terror","","1","338","+9.999 resultados","https://articulo.mercadolibre.com.ar/MLA-1958642112","Llega gratis el lunes","","","","","MLA412445","MLA-BOOKS","","CORE","CORE","","2026-09-26T20:38:25.366Z",
"https://http2.mlstatic.com/D_NQ_NP_778006-MLA83092531815_032025-O.webp","ARS","26215","27859,65","5% OFF",,,,,"Rain - Blackwater Vi - Michael Mcdowell, De Mcdowell, Michael. Editorial Penguin, Tapa Blanda En Inglés Internacional, 2024","","",,"true","true","SBS Librerias Tienda oficial","true","MLA47189333","MLA1482902431","MLA47189333","MLAU3060272988","MLA47189333","ORGANIC","false","false","libros de terror","","1","339","+9.999 resultados","https://articulo.mercadolibre.com.ar/MLA-1482902431","Llega gratis el lunes","","","","","MLA412445","MLA-BOOKS","","CORE","CORE","","2026-09-26T20:38:25.366Z",
"https://http2.mlstatic.com/D_NQ_NP_719783-MLA112595950749_062026-O.webp","ARS","37049","38999","5% OFF",,,,,"Flash - Invasion","","","50","true","true","ENTELEQUIA Tienda oficial","true","MLA70882131","MLA1856994015","MLA70882131","MLAU3906899598","MLA70882131","ORGANIC","false","false","libros de terror","4.8","","340","+9.999 resultados","https://articulo.mercadolibre.com.ar/MLA-1856994015","Llega gratis el lunes","","","","","MLA412445","MLA-BOOKS","","CORE","CORE","","2026-09-26T20:38:25.366Z",
"https://http2.mlstatic.com/D_NQ_NP_948048-MLA106579188565_022026-O.webp","ARS","19799","","",,,,,"Frankenstein - Mary Shelley - V&r Tapa Dura","","",,"true",,"ENTELEQUIA Tienda oficial","true","MLA1669271001","MLA1669271001","","MLAU3769506477","MLAU3769506477","ORGANIC","false","false","libros de terror","","","341","+9.999 resultados","https://articulo.mercadolibre.com.ar/MLA-1669271001","Llega gratis el lunes","","","","","MLA412445","MLA-BOOKS","","CORE","CORE","","2026-09-26T20:38:25.366Z",
"https://http2.mlstatic.com/D_NQ_NP_865271-MLA112776435054_062026-O.webp","ARS","36694","40999","10% OFF",,,,,"No La Dejes Sola - Desirée De Fez","Mismo precio 3 cuotas de 12231","",,"true","true","Yenny El Ateneo Tienda oficial","true","MLA74672180","MLA3540966152","MLA74672180","MLAU4198332596","MLA74672180","ORGANIC","false","false","libros de terror","","","342","+9.999 resultados","https://articulo.mercadolibre.com.ar/MLA-3540966152","Envío gratis","OFERTA IMPERDIBLE","","","","MLA412445","MLA-BOOKS","","CORE","CORE","","2026-09-26T20:38:25.366Z",
"https://http2.mlstatic.com/D_NQ_NP_921851-MLA41632065427_052020-O.webp","ARS","26600","","",,,,,"Monkton El Loco Y Otros Relatos - Grandes Clasicos","","",,"false","true","","false","MLA21227997","MLA2013018757","MLA21227997","MLAU146179712","MLA21227997","ORGANIC","false","false","libros de terror","","","343","+9.999 resultados","https://articulo.mercadolibre.com.ar/MLA-2013018757","","","","","","MLA412445","MLA-BOOKS","","CORE","CORE","","2026-09-26T20:38:25.366Z",
"https://http2.mlstatic.com/D_NQ_NP_991760-MLA99513800410_112025-O.webp","ARS","41980","44190","5% OFF",,,,,"Mago Y Cristal ( La Torre Oscura 4 ), De King, Stephen. Editorial Debolsillo En Español, 2017","","","100","true","true","EDICIONES CONTINENTE Tienda oficial","true","MLA35638967","MLA1545450575","MLA35638967","MLAU3441947291","MLA35638967","ORGANIC","false","false","libros de terror","4.9","38","344","+9.999 resultados","https://articulo.mercadolibre.com.ar/MLA-1545450575","Envío gratis","¡ÚLTIMA! | ÚLTIMA UNIDAD","","","","MLA412445","MLA-BOOKS","","CORE","CORE","","2026-09-26T20:38:25.366Z",
"https://http2.mlstatic.com/D_NQ_NP_749595-MLA52797463785_122022-O.webp","ARS","11292","12000","5% OFF",,,,,"Manga Mieruko Chan Vol. 04 Tomoki Izumi Tomos Ivrea","","","50","false","true","SBS Librerias Tienda oficial","true","MLA21999539","MLA1685693466","MLA21999539","MLAU234960707","MLA21999539","ORGANIC","false","false","libros de terror","5.0","","345","+9.999 resultados","https://articulo.mercadolibre.com.ar/MLA-1685693466","Llega el lunes","","","","","MLA412445","MLA-BOOKS","","CORE","CORE","","2026-09-26T20:38:25.366Z",
"https://http2.mlstatic.com/D_NQ_NP_960628-MLA112458447393_052026-O.webp","ARS","32714","","",,,,,"El Pozo","","2000 ARS OFF con Cupón",,"true","true","","false","MLA69453591","MLA3400761660","MLA69453591","MLAU3878062832","MLA69453591","ORGANIC","false","false","libros de terror","","","346","+9.999 resultados","https://articulo.mercadolibre.com.ar/MLA-3400761660","Llega gratis hoy","","","","","MLA412445","MLA-BOOKS","","CORE","CORE","","2026-09-26T20:38:25.366Z",
"https://http2.mlstatic.com/D_NQ_NP_664738-MLA42926605111_072020-O.webp","ARS","19350","21500","10% OFF",,,,,"Colegio Maldito Iii - Gabriel Korenfeld","","","50","false","true","Eterna Cadencia Tienda oficial","true","MLA21221097","MLA2828702872","MLA21221097","MLAU283963024","MLA21221097","ORGANIC","false","false","libros de terror","5.0","","347","+9.999 resultados","https://articulo.mercadolibre.com.ar/MLA-2828702872","","","","","","MLA412445","MLA-BOOKS","","CORE","CORE","","2026-09-26T20:38:25.366Z",
"https://http2.mlstatic.com/D_NQ_NP_790342-MLA103162770250_012026-O.webp","ARS","99460","","",,,,,"Libro Frankenstein Minalima, De Shelley, Mary. Editorial Bookazine, En Inglés","6 cuotas de 22376","",,"true","true","","false","MLA63875797","MLA3907469884","MLA63875797","MLAU4906186799","MLA63875797","ORGANIC","false","false","libros de terror","","","348","+9.999 resultados","https://articulo.mercadolibre.com.ar/MLA-3907469884","Envío gratis","","","","","MLA412445","MLA-BOOKS","","CORE","CORE","","2026-09-26T20:38:25.366Z",
"https://http2.mlstatic.com/D_NQ_NP_713876-MLU77834003297_072024-O.webp","ARS","55762","","",,,,,"Damas oscuras Cuentos de fantasmas de escritoras victorianas Editorial Impedimenta","6 cuotas de 12545","","100","true","true","","false","MLA21443930","MLA1651367905","MLA21443930","MLAU3747912758","MLA21443930","ORGANIC","false","false","libros de terror","4.8","","349","+9.999 resultados","https://articulo.mercadolibre.com.ar/MLA-1651367905","Llega gratis hoy","","","","","MLA412445","MLA-BOOKS","","CORE","CORE","","2026-09-26T20:38:25.366Z",
"https://http2.mlstatic.com/D_NQ_NP_628752-MLU78437777966_082024-O.webp","ARS","10000","","",,,,,"Volver Al Futuro. Enigmas Continuos - Bob Gale/ John Barber","","","50","false","true","","false","MLA22290307","MLA1420752077","MLA22290307","MLAU349351544","MLA22290307","ORGANIC","false","false","libros de terror","4.4","2","350","+9.999 resultados","https://articulo.mercadolibre.com.ar/MLA-1420752077","","¡ÚLTIMA! | ÚLTIMA UNIDAD","","","","MLA412445","MLA-BOOKS","","CORE","CORE","","2026-09-26T20:38:25.366Z",
"https://http2.mlstatic.com/D_NQ_NP_746603-MLA87784371918_072025-O.webp","ARS","17100","18000","5% OFF",,,,,"Los Fantasmas De Kosmopolita - Magdi Kelisek, De Kelisek, Magdi., Vol. 1. Editorial Cántaro, Tapa Blanda En Español, 2024","","","100","false","true","NADIR LIBROS Tienda oficial","true","MLA52695635","MLA3012757762","MLA52695635","MLAU382799249","MLA52695635","ORGANIC","false","false","libros de terror","5.0","5","351","+9.999 resultados","https://articulo.mercadolibre.com.ar/MLA-3012757762","","","","","","MLA412445","MLA-BOOKS","","CORE","CORE","","2026-09-26T20:38:25.366Z",
"https://http2.mlstatic.com/D_NQ_NP_716059-MLU76769788225_062024-O.webp","ARS","23760","","",,,,,"Angela Della Morte, De Salvador Sanz. Editorial Ovni Press, Tapa Blanda, Edición 2024 En Español, 2024","","","50","false","true","","false","MLA37401625","MLA1460585251","MLA37401625","MLAU363677241","MLA37401625","ORGANIC","false","false","libros de terror","4.8","","352","+9.999 resultados","https://articulo.mercadolibre.com.ar/MLA-1460585251","","","","","","MLA412445","MLA-BOOKS","","CORE","CORE","","2026-09-26T20:38:25.366Z",
"https://http2.mlstatic.com/D_NQ_NP_603256-MLA41776034716_052020-O.webp","ARS","16990","","",,,,,"Cuentos De Terror Y Espanto","Mismo precio 3 cuotas de 5663","",,"false","true","","false","MLA21977349","MLA1424711491","MLA21977349","MLAU282410251","MLA21977349","ORGANIC","false","false","libros de terror","","","353","+9.999 resultados","https://articulo.mercadolibre.com.ar/MLA-1424711491","","","","","","MLA412445","MLA-BOOKS","","CORE","CORE","","2026-09-26T20:38:25.366Z",
"https://http2.mlstatic.com/D_NQ_NP_711857-MLU70530545423_072023-O.webp","ARS","32336","34100","5% OFF",,,,,"Cántico de Sangre Crónicas Vampíricas 10 Anne Rice Tapa Blanda Español","","",,"true","true","Zivals Tienda oficial","true","MLA24570347","MLA1471128783","MLA24570347","MLAU2949578733","MLA24570347","ORGANIC","false","false","libros de terror","","5","354","+9.999 resultados","https://articulo.mercadolibre.com.ar/MLA-1471128783","Llega gratis el lunes","ÚLTIMAS 3 | ÚLTIMAS UNIDADES","","","","MLA412445","MLA-BOOKS","","CORE","CORE","","2026-09-26T20:38:25.366Z",
"https://http2.mlstatic.com/D_NQ_NP_809665-MLU72970552689_112023-O.webp","ARS","42322","47499","10% OFF",,,,,"Los Fantasmas Favoritos de Roald Dahl una Antología de Cuentos Editorial Blackie Books en Español Tapa Blanda","","","50","true","true","LIBRENTA Tienda oficial","true","MLA24608381","MLA1382826065","MLA24608381","MLAU234313069","MLA24608381","ORGANIC","false","false","libros de terror","5.0","","355","+9.999 resultados","https://articulo.mercadolibre.com.ar/MLA-1382826065","Llega gratis el lunes","","","","","MLA412445","MLA-BOOKS","","CORE","CORE","","2026-09-26T20:38:25.366Z",
"https://http2.mlstatic.com/D_NQ_NP_797120-MLA84321898378_052025-O.webp","ARS","5409","","",,,,,"La Momia, De Manuela Villa. Editorial Brainy Kids, Tapa Blanda, Edición 1 En Español, 2022","","",,"false","true","Librería Palito Tienda oficial","true","MLA49775747","MLA2255520634","MLA49775747","MLAU3196845751","MLA49775747","ORGANIC","false","false","libros de terror","","","356","+9.999 resultados","https://articulo.mercadolibre.com.ar/MLA-2255520634","","","","","","MLA412445","MLA-BOOKS","","CORE","CORE","","2026-09-26T20:38:25.366Z",
"https://http2.mlstatic.com/D_NQ_NP_907672-MLA111554247133_052026-O.webp","ARS","23254","26099","10% OFF",,,,,"Drácula - Stoker Bram (papel)","","",,"false","true","LIBRENTA Tienda oficial","true","MLA69545795","MLA1791760613","MLA69545795","MLAU3927528322","MLA69545795","ORGANIC","false","false","libros de terror","","","357","+9.999 resultados","https://articulo.mercadolibre.com.ar/MLA-1791760613","Llega mañana Enviado por FULL","","","","","MLA412445","MLA-BOOKS","","CORE","CORE","","2026-09-26T20:38:25.366Z",
"https://http2.mlstatic.com/D_NQ_NP_974390-MLA106258775465_012026-O.webp","ARS","45000","","",,,,,"Dracula Edicion Deluxe Bram Stoker","","",,"true",,"Temanun Tienda oficial","true","MLA2821915506","MLA2821915506","","MLAU3769817090","MLAU3769817090","ORGANIC","false","false","libros de terror","","","358","+9.999 resultados","https://articulo.mercadolibre.com.ar/MLA-2821915506","Llega gratis el lunes","","","","","MLA412445","MLA-BOOKS","","CORE","CORE","","2026-09-26T20:38:25.366Z",
"https://http2.mlstatic.com/D_NQ_NP_663916-MLA75137099203_032024-O.webp","ARS","44000","","",,,,,"Tomie Completo Tomos 1 Y 2 -junji Ito- Ivrea","","",,"true",,"","false","MLA1414840899","MLA1414840899","","MLAU336237981","MLAU336237981","ORGANIC","false","false","libros de terror","","1","359","+9.999 resultados","https://articulo.mercadolibre.com.ar/MLA-1414840899","Envío gratis","¡ÚLTIMA! | ÚLTIMA UNIDAD","","","","MLA412445","MLA-BOOKS","","CORE","CORE","","2026-09-26T20:38:25.366Z",
"https://http2.mlstatic.com/D_NQ_NP_706319-MLU74156631380_012024-O.webp","ARS","32000","","",,,,,"Katie, De Mcdowell, Michael. Serie N/a, Vol. Volumen Unico. Editorial La Bestia Equilatera, Tapa Blanda, Edición 1 En Español","","","100","true","true","","false","MLA30743074","MLA3995678460","MLA30743074","MLAU5310584106","MLA30743074","ORGANIC","false","false","libros de terror","4.9","","360","+9.999 resultados","https://articulo.mercadolibre.com.ar/MLA-3995678460","Llega gratis el lunes","","","","","MLA412445","MLA-BOOKS","","CORE","CORE","","2026-09-26T20:38:25.456Z",
"https://http2.mlstatic.com/D_NQ_NP_921453-MLA99452909860_112025-O.webp","ARS","10000","","",,,,,"Cuentos Que Hielan La Sangre, De Cinetto, Liliana. Editorial Pictus En Español","","","100","false","true","","false","MLA23598083","MLA2034220394","MLA23598083","MLAU3076147725","MLA23598083","ORGANIC","false","false","libros de terror","5.0","8","361","+9.999 resultados","https://articulo.mercadolibre.com.ar/MLA-2034220394","Llega el lunes","ÚLTIMAS 3 | ÚLTIMAS UNIDADES","","","","MLA412445","MLA-BOOKS","","CORE","CORE","","2026-09-26T20:38:25.456Z",
"https://http2.mlstatic.com/D_NQ_NP_882865-MLA99566839402_122025-O.webp","ARS","13700","","",,,,,"Asesinatos En La Escuela Del Perro Y Otra Historia De Terror","","","100","false","true","","false","MLA22633514","MLA1603270257","MLA22633514","MLAU3657850357","MLA22633514","ORGANIC","false","false","libros de terror","4.9","","362","+9.999 resultados","https://articulo.mercadolibre.com.ar/MLA-1603270257","Llega el lunes","","","","","MLA412445","MLA-BOOKS","","CORE","CORE","","2026-09-26T20:38:25.456Z",
"https://http2.mlstatic.com/D_NQ_NP_753628-MLA91305804873_082025-O.webp","ARS","22962","","",,,,,"Calma Color. El Extraño Mundo De Jack: N/a, De Disney. N/a, Vol. 1. Editorial Planeta, Tapa Blanda, Edición En Español, 2025","","2000 ARS OFF con Cupón","25","true","true","","false","MLA54209882","MLA1548122015","MLA54209882","MLAU3333147407","MLA54209882","ORGANIC","false","false","libros de terror","5.0","6","363","+9.999 resultados","https://articulo.mercadolibre.com.ar/MLA-1548122015","Llega gratis hoy","ÚLTIMAS 3 | ÚLTIMAS UNIDADES","","","","MLA412445","MLA-BOOKS","","CORE","CORE","","2026-09-26T20:38:25.457Z",
"https://http2.mlstatic.com/D_NQ_NP_898611-MLA52758946657_122022-O.webp","ARS","11000","","",,,,,"Color Que Cayó Del Cielo, El / Llamada De Cthulhu, La - H.p.","","","25","false","true","","false","MLA21136306","MLA1370179098","MLA21136306","MLAU214603757","MLA21136306","ORGANIC","false","false","libros de terror","4.8","","364","+9.999 resultados","https://articulo.mercadolibre.com.ar/MLA-1370179098","Llega el lunes","","","","","MLA412445","MLA-BOOKS","","CORE","CORE","","2026-09-26T20:38:25.457Z",
"https://http2.mlstatic.com/D_NQ_NP_602090-MLC53016042989_122022-O.webp","ARS","11900","","",,,,,"Indigno De Ser Humano 1 - Ivrea Argentina","","","100","false","true","Urza Comics Tienda oficial","true","MLA20914534","MLA2790639300","MLA20914534","MLAU3732080101","MLA20914534","ORGANIC","false","false","libros de terror","5.0","","365","+9.999 resultados","https://articulo.mercadolibre.com.ar/MLA-2790639300","Llega el lunes","","","","","MLA412445","MLA-BOOKS","","CORE","CORE","","2026-09-26T20:38:25.457Z",
"https://http2.mlstatic.com/D_NQ_NP_637526-MLU72456206398_102023-O.webp","ARS","6500","","",,,,,"Narraciones Extraordinarias, De Edgar Allan Poe. Editorial Gradifco, Tapa Blanda En Español, 2021","","","50","false","true","","false","MLA23513813","MLA1371642365","MLA23513813","MLAU303233583","MLA23513813","ORGANIC","false","false","libros de terror","4.5","","366","+9.999 resultados","https://articulo.mercadolibre.com.ar/MLA-1371642365","Llega el lunes","","","","","MLA412445","MLA-BOOKS","","CORE","CORE","","2026-09-26T20:38:25.457Z",
"https://http2.mlstatic.com/D_NQ_NP_739664-MLA47229357722_082021-O.webp","ARS","28300","","",,,,,"Libro Carmilla (clasicos) - Le Fanu Sheridan","","","100","false","true","","false","MLA19922096","MLA1561152472","MLA19922096","MLAU142236252","MLA19922096","ORGANIC","false","false","libros de terror","5.0","","367","+9.999 resultados","https://articulo.mercadolibre.com.ar/MLA-1561152472","","","","","","MLA412445","MLA-BOOKS","","CORE","CORE","","2026-09-26T20:38:25.457Z",
"https://http2.mlstatic.com/D_NQ_NP_770130-MLA116074103696_092026-O.webp","ARS","26900","","",,,,,"LIBRO Heterocromía - Ciocia, Julián - Oyd Ediciones - Blanda","","",,"false","true","","false","MLA79217363","MLA3979149218","MLA79217363","MLAU202554448","MLA79217363","ORGANIC","false","false","libros de terror","","","368","+9.999 resultados","https://articulo.mercadolibre.com.ar/MLA-3979149218","","","","","","MLA412445","MLA-BOOKS","","CORE","CORE","","2026-09-26T20:38:25.457Z",
"https://http2.mlstatic.com/D_NQ_NP_646096-MLA48812063775_012022-O.webp","ARS","11400","12000","5% OFF",,,,,"Gritos Lejanos - Guillermo Barrantes","","",,"false","true","NADIR LIBROS Tienda oficial","true","MLA21358239","MLA2407298664","MLA21358239","MLAU3451441741","MLA21358239","ORGANIC","false","false","libros de terror","","","369","+9.999 resultados","https://articulo.mercadolibre.com.ar/MLA-2407298664","","","","","","MLA412445","MLA-BOOKS","","CORE","CORE","","2026-09-26T20:38:25.457Z",
"https://http2.mlstatic.com/D_NQ_NP_800843-MLU52911003907_122022-O.webp","ARS","11762","12500","5% OFF",,,,,"Murciélagos vampiros acechan en la oscuridad de Drennen Olga 2018","","","25","false","true","SBS Librerias Tienda oficial","true","MLA22073870","MLA1471709704","MLA22073870","MLAU288878438","MLA22073870","ORGANIC","false","false","libros de terror","5.0","","370","+9.999 resultados","https://articulo.mercadolibre.com.ar/MLA-1471709704","Llega el lunes","","","","","MLA412445","MLA-BOOKS","","CORE","CORE","","2026-09-26T20:38:25.457Z",
"https://http2.mlstatic.com/D_NQ_NP_872361-MLU74826019278_032024-O.webp","ARS","29990","","",,,,,"Libro Terror De Ferdinand Von Schirach","","","25","true","true","","false","MLA21501411","MLA3373596870","MLA21501411","MLAU4016865558","MLA21501411","ORGANIC","false","false","libros de terror","4.8","","371","+9.999 resultados","https://articulo.mercadolibre.com.ar/MLA-3373596870","Llega gratis el lunes","","","","","MLA412445","MLA-BOOKS","","CORE","CORE","","2026-09-26T20:38:25.457Z",
"https://http2.mlstatic.com/D_NQ_NP_722007-MLU77291989690_072024-O.webp","ARS","30600","","",,,,,"La Filosofia En Una Epoca De Terror: Dialogos Con Jurgen Habermas Y Jacques Derrida, De Borradori/ Habermas/derrida. N/a, Vol. Volumen Unico. Editorial Taurus, Tapa Blanda, Edición 1 En Español","","",,"true","true","Libreria Hernandez Tienda oficial","true","MLA34234994","MLA1702363940","MLA34234994","MLAU124406584","MLA34234994","ORGANIC","false","false","libros de terror","","6","372","+9.999 resultados","https://articulo.mercadolibre.com.ar/MLA-1702363940","Llega gratis el lunes","ÚLTIMAS 3 | ÚLTIMAS UNIDADES","","","","MLA412445","MLA-BOOKS","","CORE","CORE","","2026-09-26T20:38:25.457Z",
"https://http2.mlstatic.com/D_NQ_NP_444121-MLA20711271151_052016-O.webp","ARS","32999","","",,,,,"La Guerra Contra El Terrorismo En La Argentina S Miranda Gru","","","50","false","true","","false","MLA22185246","MLA1486403642","MLA22185246","MLAU169521136","MLA22185246","ORGANIC","false","false","libros de terror","5.0","","373","+9.999 resultados","https://articulo.mercadolibre.com.ar/MLA-1486403642","","","","","","MLA412445","MLA-BOOKS","","CORE","CORE","","2026-09-26T20:38:25.457Z",
"https://http2.mlstatic.com/D_NQ_NP_925806-MLA99894780339_112025-O.webp","ARS","31000","","",,,,,"Frankenstein O El Moderno Prometeo, De Shelley, Mary. Editorial Océano, Tapa Blanda En Español, 2023","","","50","true","true","","false","MLA26296791","MLA1877508168","MLA26296791","MLAU450542964","MLA26296791","ORGANIC","false","false","libros de terror","4.9","","374","+9.999 resultados","https://articulo.mercadolibre.com.ar/MLA-1877508168","Llega gratis el lunes","","","","","MLA412445","MLA-BOOKS","","CORE","CORE","","2026-09-26T20:38:25.457Z",
"https://http2.mlstatic.com/D_NQ_NP_716551-MLA82142664144_022025-O.webp","ARS","20849","23399","10% OFF",,,,,"Riding The Bullet, De King, Stephen. Editorial Debolsillo, Tapa Blanda","","","50","true","true","LIBRENTA Tienda oficial","true","MLA45782869","MLA2016642640","MLA45782869","MLAU2998198358","MLA45782869","ORGANIC","false","false","libros de terror","5.0","18","375","+9.999 resultados","https://articulo.mercadolibre.com.ar/MLA-2016642640","Llega gratis el lunes","ÚLTIMAS 2 | ÚLTIMAS UNIDADES","","","","MLA412445","MLA-BOOKS","","CORE","CORE","","2026-09-26T20:38:25.457Z",
"https://http2.mlstatic.com/D_NQ_NP_673969-MLU72521940500_102023-O.webp","ARS","24210","26900","10% OFF",,,,,"Frankenstein - Loqueleo Roja, de Wollstonecraft Shelley, Mary. Editorial SANTILLANA, tapa blanda en español, 2015","","","100","false","true","Eterna Cadencia Tienda oficial","true","MLA21551152","MLA1386834961","MLA21551152","MLAU282205755","MLA21551152","ORGANIC","false","false","libros de terror","4.8","37","376","+9.999 resultados","https://articulo.mercadolibre.com.ar/MLA-1386834961","","¡ÚLTIMA! | ÚLTIMA UNIDAD","","","","MLA412445","MLA-BOOKS","","CORE","CORE","","2026-09-26T20:38:25.457Z",
"https://http2.mlstatic.com/D_NQ_NP_986085-MLA29503189945_022019-O.webp","ARS","11856","12600","5% OFF",,,,,"Terror En El Tren Fantasma Y Ha Habitación Secreta - Sub 20","","",,"false","true","SBS Librerias Tienda oficial","true","MLA21155312","MLA1471655162","MLA21155312","MLAU277885645","MLA21155312","ORGANIC","false","false","libros de terror","","2","377","+9.999 resultados","https://articulo.mercadolibre.com.ar/MLA-1471655162","Llega el lunes","ÚLTIMAS 5 | ÚLTIMAS UNIDADES","","","","MLA412445","MLA-BOOKS","","CORE","CORE","","2026-09-26T20:38:25.457Z",
"https://http2.mlstatic.com/D_NQ_NP_875759-MLA99590911438_122025-O.webp","ARS","13495","","",,,,,"Dracula - Novela Grafica - Jose A. Ocampo Ruiz / Bram Stoker","","2000 ARS OFF con Cupón","100","false","true","","false","MLA21199189","MLA1367060108","MLA21199189","MLAU169604773","MLA21199189","ORGANIC","false","false","libros de terror","4.8","18","378","+9.999 resultados","https://articulo.mercadolibre.com.ar/MLA-1367060108","Llega hoy","ÚLTIMAS 3 | ÚLTIMAS UNIDADES","","","","MLA412445","MLA-BOOKS","","CORE","CORE","","2026-09-26T20:38:25.457Z",
"https://http2.mlstatic.com/D_NQ_NP_731001-MLA82473442189_022025-O.webp","ARS","15456","16800","8% OFF",,,,,"El Cuervo Y Algunas Narraciones Extraordinarias, De Edgar Allan Poe. Editorial Editores Mexicanos Unidos, Tapa Dura, Edición 1 En Español, 2023","","",,"false","true","Yenny El Ateneo Tienda oficial","true","MLA44021326","MLA2058851866","MLA44021326","MLAU3084648521","MLA44021326","ORGANIC","false","false","libros de terror","","2","379","+9.999 resultados","https://articulo.mercadolibre.com.ar/MLA-2058851866","","¡ÚLTIMA! | ÚLTIMA UNIDAD","","","","MLA412445","MLA-BOOKS","","CORE","CORE","","2026-09-26T20:38:25.457Z",
"https://http2.mlstatic.com/D_NQ_NP_691021-MLA107819312321_022026-O.webp","ARS","33900","","",,,,,"Libro Hija Mía - Carlo Greppi - Crítica","","",,"true","true","","false","MLA66065211","MLA3050384284","MLA66065211","MLAU3814107276","MLA66065211","ORGANIC","false","false","libros de terror","","","380","+9.999 resultados","https://articulo.mercadolibre.com.ar/MLA-3050384284","Llega gratis el lunes","","","","","MLA412445","MLA-BOOKS","","CORE","CORE","","2026-09-26T20:38:25.457Z",
"https://http2.mlstatic.com/D_NQ_NP_915605-MLU69419520780_052023-O.webp","ARS","14399","","",,,,,"Tren Fantasma: Espiritus Perdidos, De Ángeles Durini. Serie Tren Fantasma Editorial Guadal - La Letra Del Gato, Tapa Blanda, Edición 1 En Español, 2022","","","25","false","true","","false","MLA23307636","MLA1380431209","MLA23307636","MLAU130888112","MLA23307636","ORGANIC","false","false","libros de terror","","","381","+9.999 resultados","https://articulo.mercadolibre.com.ar/MLA-1380431209","Llega el lunes","","","","","MLA412445","MLA-BOOKS","","CORE","CORE","","2026-09-26T20:38:25.457Z",
"https://http2.mlstatic.com/D_NQ_NP_606346-MLU76380309266_052024-O.webp","ARS","42900","","",,,,,"Libro Si Te Gusta La Oscuridad - Stephen King","","","100","true","true","","false","MLA37044655","MLA1457617387","MLA37044655","MLAU2586208277","MLA37044655","ORGANIC","false","false","libros de terror","4.8","","382","+9.999 resultados","https://articulo.mercadolibre.com.ar/MLA-1457617387","Llega gratis el lunes","","","","","MLA412445","MLA-BOOKS","","CORE","CORE","","2026-09-26T20:38:25.457Z",
"https://http2.mlstatic.com/D_NQ_NP_981288-MLU79091470524_092024-O.webp","ARS","24000","","",,,,,"El Palacio Infinito, De Kago, Shintaro., Vol. 1. Editorial Moztros Producciones Sl, Tapa Blanda En Español","","","25","true","true","","false","MLA40899347","MLA2247421502","MLA40899347","MLAU3364730190","MLA40899347","ORGANIC","false","false","libros de terror","5.0","","383","+9.999 resultados","https://articulo.mercadolibre.com.ar/MLA-2247421502","Llega gratis el lunes","","","","","MLA412445","MLA-BOOKS","","CORE","CORE","","2026-09-26T20:38:25.457Z",
"https://http2.mlstatic.com/D_NQ_NP_717710-MLA111840380878_062026-O.webp","ARS","24300","27000","10% OFF",,,,,"El Terror De Los Pulpos- Cachorros De Cuento- Silvia Schujer","","",,"false","true","Eterna Cadencia Tienda oficial","true","MLA72939466","MLA3453787150","MLA72939466","MLAU4086682754","MLA72939466","ORGANIC","false","false","libros de terror","","","384","+9.999 resultados","https://articulo.mercadolibre.com.ar/MLA-3453787150","","","","","","MLA412445","MLA-BOOKS","","CORE","CORE","","2026-09-26T20:38:25.457Z",
"https://http2.mlstatic.com/D_NQ_NP_939908-MLU69936416899_062023-O.webp","ARS","13860","","",,,,,"Blood On The Tracks 5 Ivrea Manga","","",,"false","true","","false","MLA23942463","MLA1390737773","MLA23942463","MLAU181590834","MLA23942463","ORGANIC","false","false","libros de terror","","","385","+9.999 resultados","https://articulo.mercadolibre.com.ar/MLA-1390737773","","","","","","MLA412445","MLA-BOOKS","","CORE","CORE","","2026-09-26T20:38:48.173Z",
"https://http2.mlstatic.com/D_NQ_NP_886860-MLU72995817087_112023-O.webp","ARS","10980","","",,,,,"Vampirismo Y Otros Cuentos, De E. T. A. Hoffman. Editorial Terramar En Español","","",,"false","true","","false","MLA23437043","MLA3876798364","MLA23437043","MLAU4942285939","MLA23437043","ORGANIC","false","false","libros de terror","","","386","+9.999 resultados","https://articulo.mercadolibre.com.ar/MLA-3876798364","","","","","","MLA412445","MLA-BOOKS","","CORE","CORE","","2026-09-26T20:38:48.173Z",
"https://http2.mlstatic.com/D_NQ_NP_923365-MLU79297683983_092024-O.webp","ARS","74867","83650","10% OFF",,,,,"Joe Hill Nos4a2 Nosferatu Nocturna Ediciones","Mismo precio 3 cuotas de 24955","","50","true","true","Yenny El Ateneo Tienda oficial","true","MLA21370619","MLA2794246682","MLA21370619","MLAU3736443921","MLA21370619","ORGANIC","false","false","libros de terror","4.9","","387","+9.999 resultados","https://articulo.mercadolibre.com.ar/MLA-2794246682","Envío gratis","","","","","MLA412445","MLA-BOOKS","","CORE","CORE","","2026-09-26T20:38:48.173Z",
"https://http2.mlstatic.com/D_NQ_NP_749743-MLU74561255183_022024-O.webp","ARS","33002","36999","10% OFF",,,,,"El Cumpleaños Secreto, De Kate Morton. Editorial Debolsillo, Tapa Blanda En Español, 2023","","","25","true","true","LIBRENTA Tienda oficial","true","MLA33404814","MLA1421738705","MLA33404814","MLAU238213308","MLA33404814","ORGANIC","false","false","libros de terror","5.0","","388","+9.999 resultados","https://articulo.mercadolibre.com.ar/MLA-1421738705","Llega gratis el lunes","","","","","MLA412445","MLA-BOOKS","","CORE","CORE","","2026-09-26T20:38:48.173Z",
"https://http2.mlstatic.com/D_NQ_NP_820505-MLA81309717755_122024-O.webp","ARS","47282","","",,,,,"Cuentos, De Lovecraft, Howard Phillips. N/a, Vol. Volumen Unico. Editorial Colihue, Tapa Blanda, Edición 1 En Español","Mismo precio 3 cuotas de 15760","2000 ARS OFF con Cupón","50","true","true","","false","MLA44668786","MLA1994022552","MLA44668786","MLAU2953906426","MLA44668786","ORGANIC","false","false","libros de terror","4.8","9","389","+9.999 resultados","https://articulo.mercadolibre.com.ar/MLA-1994022552","Llega gratis hoy","ÚLTIMAS 3 | ÚLTIMAS UNIDADES","","","","MLA412445","MLA-BOOKS","","CORE","CORE","","2026-09-26T20:38:48.173Z",
"https://http2.mlstatic.com/D_NQ_NP_636305-MLA99853793767_112025-O.webp","ARS","18500","","",,,,,"El Resucitador","","",,"false","true","","false","MLA22114000","MLA1373170757","MLA22114000","MLAU258732138","MLA22114000","ORGANIC","false","false","libros de terror","","","390","+9.999 resultados","https://articulo.mercadolibre.com.ar/MLA-1373170757","Llega el lunes","","","","","MLA412445","MLA-BOOKS","","CORE","CORE","","2026-09-26T20:38:48.173Z",
"https://http2.mlstatic.com/D_NQ_NP_601072-MLA111570828408_062026-O.webp","ARS","25999","","",,,,,"Superman: La Saga De Superboy - John Byrne, Greg Larocque - Ovni Press","","",,"true","true","","false","MLA71587798","MLA3420833302","MLA71587798","MLAU4042630581","MLA71587798","ORGANIC","false","false","libros de terror","","","391","+9.999 resultados","https://articulo.mercadolibre.com.ar/MLA-3420833302","Llega gratis el lunes","","","","","MLA412445","MLA-BOOKS","","CORE","CORE","","2026-09-26T20:38:48.173Z",
"https://http2.mlstatic.com/D_NQ_NP_624889-MLA81023618381_112024-O.webp","ARS","41800","44000","5% OFF",,,,,"Cabezas En La Ventana - Antología de terror latinoamericano por Enriquez, Mariana","","","50","true","true","Zivals Tienda oficial","true","MLA44037612","MLA2103280192","MLA44037612","MLAU3224313290","MLA44037612","ORGANIC","false","false","libros de terror","4.9","","392","+9.999 resultados","https://articulo.mercadolibre.com.ar/MLA-2103280192","Llega gratis el lunes","","","","","MLA412445","MLA-BOOKS","","CORE","CORE","","2026-09-26T20:38:48.173Z",
"https://http2.mlstatic.com/D_NQ_NP_916041-MLA106234808378_022026-O.webp","ARS","29900","","",,,,,"Libro El Vampiro, De Polidori, John William, Vol. 1. Editorial Ediciones Invisibles, Tapa Blanda (2025)","Mismo precio 3 cuotas de 9966","",,"false","true","Bookin Tienda oficial","true","MLA65435037","MLA1788977569","MLA65435037","MLAU3962582845","MLA65435037","ORGANIC","false","false","libros de terror","","","393","+9.999 resultados","https://articulo.mercadolibre.com.ar/MLA-1788977569","","","","","","MLA412445","MLA-BOOKS","","CORE","CORE","","2026-09-26T20:38:48.173Z",
"https://http2.mlstatic.com/D_NQ_NP_767366-MLU70296987472_072023-O.webp","ARS","26900","","",,,,,"Cuaderno De Ideas, De H.p. Lovecraft. Editorial Periférica, Tapa Blanda En Español, 2023","","",,"true","true","","false","MLA24247003","MLA1455862667","MLA24247003","MLAU2395403371","MLA24247003","ORGANIC","false","false","libros de terror","","","394","+9.999 resultados","https://articulo.mercadolibre.com.ar/MLA-1455862667","Llega gratis el lunes","","","","","MLA412445","MLA-BOOKS","","CORE","CORE","","2026-09-26T20:38:48.173Z",
"https://http2.mlstatic.com/D_NQ_NP_822636-MLU74564771025_022024-O.webp","ARS","32900","","",,,,,"Un Léxico Del Terror, De Feitlowitz, Marguerite. Serie N/a, Vol. Volumen Unico. Editorial Prometeo Libros, Tapa Blanda, Edición 1 En Español","Mismo precio 3 cuotas de 10966","",,"true","true","","false","MLA30321648","MLA1800905896","MLA30321648","MLAU248467593","MLA30321648","ORGANIC","false","false","libros de terror","","","395","+9.999 resultados","https://articulo.mercadolibre.com.ar/MLA-1800905896","Llega gratis el lunes","","","","","MLA412445","MLA-BOOKS","","CORE","CORE","","2026-09-26T20:38:48.173Z",
"https://http2.mlstatic.com/D_NQ_NP_962049-MLA82069367480_022025-O.webp","ARS","30000","","",,,,,"Siete Hijos, De Kelvin Mao Jae Lee., Vol. 1. Editorial Moztros, Tapa Dura, Edición 1 En Castellano, 2025","","",,"true","true","","false","MLA46010279","MLA2483928712","MLA46010279","MLAU3509656579","MLA46010279","ORGANIC","false","false","libros de terror","","","396","+9.999 resultados","https://articulo.mercadolibre.com.ar/MLA-2483928712","Llega gratis el lunes","","","","","MLA412445","MLA-BOOKS","","CORE","CORE","","2026-09-26T20:38:48.173Z",
"https://http2.mlstatic.com/D_NQ_NP_647549-MLU77447079310_072024-O.webp","ARS","71100","79000","10% OFF",,,,,"Obras Completas De Edgar Allan Poe, De Edgar Allan Poe. Editorial Del Nuevo Extremo, Tapa Blanda En Español","Mismo precio 3 cuotas de 23700","","100","true","true","LEOBOOKS Tienda oficial","true","MLA23571549","MLA1433738178","MLA23571549","MLAU127321441","MLA23571549","ORGANIC","false","false","libros de terror","4.8","40","397","+9.999 resultados","https://articulo.mercadolibre.com.ar/MLA-1433738178","Llega gratis el lunes","","","","","MLA412445","MLA-BOOKS","","CORE","CORE","","2026-09-26T20:38:48.173Z",
"https://http2.mlstatic.com/D_NQ_NP_791101-MLA114614182162_082026-O.webp","ARS","7999","","",,,,,"Historias De Terror De Mujeres - Torres / Quiroga - Castillo","","",,"false","true","","false","MLA76869446","MLA2044178839","MLA76869446","MLAU3216070420","MLA76869446","ORGANIC","false","false","libros de terror","","","398","+9.999 resultados","https://articulo.mercadolibre.com.ar/MLA-2044178839","Llega el lunes","","","","","MLA412445","MLA-BOOKS","","CORE","CORE","","2026-09-26T20:38:48.173Z",
"https://http2.mlstatic.com/D_NQ_NP_697748-MLU79094031686_092024-O.webp","ARS","19900","","",,,,,"Casa De Los Siete Tejados, La, De Hawthorne, Nathaniel., Vol. 1. Editorial Sudamericana, Tapa Tapa Blanda En Español","","",,"true","true","","false","MLA40904917","MLA1512645025","MLA40904917","MLAU3331831719","MLA40904917","ORGANIC","false","false","libros de terror","","","399","+9.999 resultados","https://articulo.mercadolibre.com.ar/MLA-1512645025","Llega gratis el lunes","","","","","MLA412445","MLA-BOOKS","","CORE","CORE","","2026-09-26T20:38:48.173Z",
"https://http2.mlstatic.com/D_NQ_NP_749928-MLA31092075996_062019-O.webp","ARS","35574","","",,,,,"Libro Lit Oriental Kaiki Cuentos De Terror Y Locura","","","100","true","true","Cúspide Tienda oficial","true","MLA22169347","MLA2115752345","MLA22169347","MLAU5122611779","MLA22169347","ORGANIC","false","false","libros de terror","4.8","","400","+9.999 resultados","https://articulo.mercadolibre.com.ar/MLA-2115752345","Envío gratis","","","","","MLA412445","MLA-BOOKS","","CORE","CORE","","2026-09-26T20:38:48.173Z",
"https://http2.mlstatic.com/D_NQ_NP_925399-MLA111557789484_062026-O.webp","ARS","13170","","",,,,,"La Llamada De Cthulhu Y Otros Relatos - Lovecraft,h P","","",,"false","true","EDICIONES CONTINENTE Tienda oficial","true","MLA71500305","MLA3578348552","MLA71500305","MLAU4188444102","MLA71500305","ORGANIC","false","false","libros de terror","","","401","+9.999 resultados","https://articulo.mercadolibre.com.ar/MLA-3578348552","","","","","","MLA412445","MLA-BOOKS","","CORE","CORE","","2026-09-26T20:38:48.173Z",
"https://http2.mlstatic.com/D_NQ_NP_886459-MLA114436078850_082026-O.webp","ARS","35900","","",,,,,"Cuentos De Terror","","",,"true",,"MUNDO LECTURA Tienda oficial","true","MLA866540767","MLA866540767","","MLAU178287934","MLAU178287934","ORGANIC","false","false","libros de terror","","","402","+9.999 resultados","https://articulo.mercadolibre.com.ar/MLA-866540767","Envío gratis","","","","","MLA412445","MLA-BOOKS","","CORE","CORE","","2026-09-26T20:38:48.173Z",
"https://http2.mlstatic.com/D_NQ_NP_977174-MLA74903202463_032024-O.webp","ARS","24900","","",,,,,"Ojos Amarillos Terror 12añ Mariño Ricardo Loqueleo None","","",,"false",,"","false","MLA1691535820","MLA1691535820","","MLAU329315669","MLAU329315669","ORGANIC","false","false","libros de terror","","","403","+9.999 resultados","https://articulo.mercadolibre.com.ar/MLA-1691535820","Llega el lunes","","","","","MLA412445","MLA-BOOKS","","CORE","CORE","","2026-09-26T20:38:48.173Z",
"https://http2.mlstatic.com/D_NQ_NP_755098-MLA109208170789_032026-O.webp","ARS","65990","","",,,,,"Armand El Vampiro + El Prícipe Lestat Y La Atlántida (kit)","Cuota promocionada en 6 cuotas de 12844","",,"true",,"","false","MLA3086227760","MLA3086227760","","MLAU3852550353","MLAU3852550353","ORGANIC","false","false","libros de terror","","","404","+9.999 resultados","https://articulo.mercadolibre.com.ar/MLA-3086227760","Llega gratis el lunes","","","","","MLA412445","MLA-BOOKS","","CORE","CORE","","2026-09-26T20:38:48.174Z",
"https://http2.mlstatic.com/D_NQ_NP_615763-MLU79186655033_092024-O.webp","ARS","71550","79500","10% OFF",,,,,"Sky Masters Of The Space Force (tiras Diarias 1958-1961): Recopilación Completa De Las Tiras Diarias (1958-1961), De Jack Kirby., Vol. 1. Editorial Aleta Ediciones, Tapa Dura En Español","6 cuotas de 16097","",,"true","true","Eterna Cadencia Tienda oficial","true","MLA40632330","MLA2856255336","MLA40632330","MLAU3698274160","MLA40632330","ORGANIC","false","false","libros de terror","","","405","+9.999 resultados","https://articulo.mercadolibre.com.ar/MLA-2856255336","Envío gratis","","","","","MLA412445","MLA-BOOKS","","CORE","CORE","","2026-09-26T20:38:48.174Z",
"https://http2.mlstatic.com/D_NQ_NP_673229-MLA54294370710_032023-O.webp","ARS","17000","","",,,,,"Sanctify 01 - Godsstation","","","50","true","true","","false","MLA22214961","MLA1929729548","MLA22214961","MLAU1932880982","MLA22214961","ORGANIC","false","false","libros de terror","5.0","14","406","+9.999 resultados","https://articulo.mercadolibre.com.ar/MLA-1929729548","Llega gratis el lunes","ÚLTIMAS 3 | ÚLTIMAS UNIDADES","","","","MLA412445","MLA-BOOKS","","CORE","CORE","","2026-09-26T20:38:48.174Z",
"https://http2.mlstatic.com/D_NQ_NP_707330-MLM43801589816_102020-O.webp","ARS","48300","","",,,,,"Cuentos 1 Edgar Allan Poe","6 cuotas de 10866","","25","true","true","","false","MLA19952966","MLA1389656275","MLA19952966","MLAU213000007","MLA19952966","ORGANIC","false","false","libros de terror","5.0","","407","+9.999 resultados","https://articulo.mercadolibre.com.ar/MLA-1389656275","Llega gratis el lunes","","","","","MLA412445","MLA-BOOKS","","CORE","CORE","","2026-09-26T20:38:48.174Z",
"https://http2.mlstatic.com/D_NQ_NP_709767-MLA26940355584_032018-O.webp","ARS","20700","23000","10% OFF",,,,,"Libro El Extra¤o Caso Del Dr. Jekyll Y Mr. Hyde De Robert Lo","","",,"false","true","NADIR LIBROS Tienda oficial","true","MLA22174804","MLA1538051855","MLA22174804","MLAU3428414579","MLA22174804","ORGANIC","false","false","libros de terror","","","408","+9.999 resultados","https://articulo.mercadolibre.com.ar/MLA-1538051855","","OFERTA IMPERDIBLE","","","","MLA412445","MLA-BOOKS","","CORE","CORE","","2026-09-26T20:38:48.174Z",
"https://http2.mlstatic.com/D_NQ_NP_887125-MLC47178699901_082021-O.webp","ARS","11880","","",,,,,"Manga Deadman Wonderland Vol. 9 - Ivrea Argentina","","",,"false","true","","false","MLA22195825","MLA1388951517","MLA22195825","MLAU180693417","MLA22195825","ORGANIC","false","false","libros de terror","","","409","+9.999 resultados","https://articulo.mercadolibre.com.ar/MLA-1388951517","","","","","","MLA412445","MLA-BOOKS","","CORE","CORE","","2026-09-26T20:38:48.174Z",
"https://http2.mlstatic.com/D_NQ_NP_816741-MLU79021640654_092024-O.webp","ARS","16000","","",,,,,"Terror En La Escuela, De Rik & Federico. N/a, Vol. Volumen Unico. Editorial La Brujita De Papel, Tapa Blanda, Edición 1 En Español","","","50","true","true","","false","MLA40777712","MLA1452981313","MLA40777712","MLAU739259061","MLA40777712","ORGANIC","false","false","libros de terror","4.9","","410","+9.999 resultados","https://articulo.mercadolibre.com.ar/MLA-1452981313","Llega gratis el lunes","","","","","MLA412445","MLA-BOOKS","","CORE","CORE","","2026-09-26T20:38:48.174Z",
"https://http2.mlstatic.com/D_NQ_NP_658723-MLA49252560867_032022-O.webp","ARS","23101","","",,,,,"Libro Una Bruja En El Tiempo - Sayers, Constance","","","25","true","true","","false","MLA21372111","MLA1366549197","MLA21372111","MLAU224674443","MLA21372111","ORGANIC","false","false","libros de terror","5.0","","411","+9.999 resultados","https://articulo.mercadolibre.com.ar/MLA-1366549197","Llega gratis el lunes","","","","","MLA412445","MLA-BOOKS","","CORE","CORE","","2026-09-26T20:38:48.174Z",
"https://http2.mlstatic.com/D_NQ_NP_828049-MLA100008964169_122025-O.webp","ARS","80000","","",,,,,"Cabal: La Raza De La Noche, De Barker, Clive. Serie Gótica, Vol. 127. Editorial Valdemar, Tapa Dura, Edición 1 En Español, 2023","Mismo precio 3 cuotas de 26666","","25","true","true","","false","MLA23597596","MLA2853599874","MLA23597596","MLAU3714272057","MLA23597596","ORGANIC","false","false","libros de terror","4.8","","412","+9.999 resultados","https://articulo.mercadolibre.com.ar/MLA-2853599874","Envío gratis","","","","","MLA412445","MLA-BOOKS","","CORE","CORE","","2026-09-26T20:38:48.174Z",
"https://http2.mlstatic.com/D_NQ_NP_617116-MLA32634331467_102019-O.webp","ARS","44000","","",,,,,"Libro Desesperación Stephen King Debolsillo","","","50","true","true","","false","MLA21305182","MLA3896679824","MLA21305182","MLAU208768633","MLA21305182","ORGANIC","false","false","libros de terror","4.9","","413","+9.999 resultados","https://articulo.mercadolibre.com.ar/MLA-3896679824","Envío gratis","","","","","MLA412445","MLA-BOOKS","","CORE","CORE","","2026-09-26T20:38:48.174Z",
"https://http2.mlstatic.com/D_NQ_NP_875462-MLA80140583947_102024-O.webp","ARS","11999","","",,,,,"Libro Sanctify 2, de FOX, vol. 2. Editorial KEMURI, tapa blanda (2022)","","","25","false","true","Club del Comic Tienda oficial","true","MLA21685770","MLA1391790453","MLA21685770","MLAU163586909","MLA21685770","ORGANIC","false","false","libros de terror","4.7","","414","+9.999 resultados","https://articulo.mercadolibre.com.ar/MLA-1391790453","Llega el lunes","","","","","MLA412445","MLA-BOOKS","","CORE","CORE","","2026-09-26T20:38:48.174Z",
"https://http2.mlstatic.com/D_NQ_NP_763812-MLA49810564121_042022-O.webp","ARS","27500","","",,,,,"El Sirviente De Los Huesos - Rice, Anne","","",,"true","true","Zivals Tienda oficial","true","MLA21081888","MLA1999739248","MLA21081888","MLAU2960301567","MLA21081888","ORGANIC","false","false","libros de terror","","3","415","+9.999 resultados","https://articulo.mercadolibre.com.ar/MLA-1999739248","Llega gratis el lunes","¡ÚLTIMA! | ÚLTIMA UNIDAD","","","","MLA412445","MLA-BOOKS","","CORE","CORE","","2026-09-26T20:38:48.174Z",
"https://http2.mlstatic.com/D_NQ_NP_969289-MLU74368422573_022024-O.webp","ARS","28710","","",,,,,"Icea Cream Man 2, De Martin Morazzo. Editorial Moztros Producciones Sl, Tapa Dura En Español","","",,"false","true","","false","MLA31467462","MLA1411343665","MLA31467462","MLAU167364290","MLA31467462","ORGANIC","false","false","libros de terror","","","416","+9.999 resultados","https://articulo.mercadolibre.com.ar/MLA-1411343665","","","","","","MLA412445","MLA-BOOKS","","CORE","CORE","","2026-09-26T20:38:48.174Z",
"https://http2.mlstatic.com/D_NQ_NP_863930-MLA109903306488_042026-O.webp","ARS","22500","25000","10% OFF",,,,,"Terror Y Seducción (nuevo) - Jérémy Rubenstein","","",,"false","true","Eterna Cadencia Tienda oficial","true","MLA68507752","MLA3379569168","MLA68507752","MLAU4009752129","MLA68507752","ORGANIC","false","false","libros de terror","","","417","+9.999 resultados","https://articulo.mercadolibre.com.ar/MLA-3379569168","","","","","","MLA412445","MLA-BOOKS","","CORE","CORE","","2026-09-26T20:38:48.174Z",
"https://http2.mlstatic.com/D_NQ_NP_781648-MLA52943013979_122022-O.webp","ARS","25000","","",,,,,"La Temporada De Las Apariciones - Aa Vv","Mismo precio 3 cuotas de 8333","",,"true","true","","false","MLA21182155","MLA1514135969","MLA21182155","MLAU3345956177","MLA21182155","ORGANIC","false","false","libros de terror","","2","418","+9.999 resultados","https://articulo.mercadolibre.com.ar/MLA-1514135969","Llega gratis el lunes","","","","","MLA412445","MLA-BOOKS","","CORE","CORE","","2026-09-26T20:38:48.174Z",
"https://http2.mlstatic.com/D_NQ_NP_695746-MLA79450370103_092024-O.webp","ARS","19500","","",,,,,"Terror En El Viaje De Egresados -ultracalavera","","","25","true","true","","false","MLA21499970","MLA1523609504","MLA21499970","MLAU130946108","MLA21499970","ORGANIC","false","false","libros de terror","4.7","","419","+9.999 resultados","https://articulo.mercadolibre.com.ar/MLA-1523609504","Llega gratis el lunes","","","","","MLA412445","MLA-BOOKS","","CORE","CORE","","2026-09-26T20:38:48.174Z",
"https://http2.mlstatic.com/D_NQ_NP_672725-MLA81798152255_012025-O.webp","ARS","26778","29106","7% OFF",,,,,"Clasicos Cuentos De Terror, De Medina, Carlos. Editorial Lu Libreria Universitaria Llibreria, Tapa Dura En Español, 2024","","",,"false","true","Yenny El Ateneo Tienda oficial","true","MLA45324397","MLA2210350670","MLA45324397","MLAU3333231715","MLA45324397","ORGANIC","false","false","libros de terror","","","420","+9.999 resultados","https://articulo.mercadolibre.com.ar/MLA-2210350670","","","","","","MLA412445","MLA-BOOKS","","CORE","CORE","","2026-09-26T20:38:48.174Z",
"https://http2.mlstatic.com/D_NQ_NP_743532-MLU78692159649_082024-O.webp","ARS","17600","","",,,,,"Libro La Sombra Sobre Innsmouth - H. P. Lovecraft, de Lovecraft, Howard Phillips. Editorial Gargola, tapa blanda en español, 2016","","","25","true","true","","false","MLA22110303","MLA2199963782","MLA22110303","MLAU3324670040","MLA22110303","ORGANIC","false","false","libros de terror","4.8","","421","+9.999 resultados","https://articulo.mercadolibre.com.ar/MLA-2199963782","Llega gratis el lunes","","","","","MLA412445","MLA-BOOKS","","CORE","CORE","","2026-09-26T20:38:48.174Z",
"https://http2.mlstatic.com/D_NQ_NP_763280-MLA82819972335_032025-O.webp","ARS","23500","","",,,,,"Noches De Pesadilla, De Antología De Cuentos De Terror. Editorial Santillana, Tapa Blanda En Español","","",,"false","true","","false","MLA46641214","MLA1536247181","MLA46641214","MLAU3423531419","MLA46641214","ORGANIC","false","false","libros de terror","","","422","+9.999 resultados","https://articulo.mercadolibre.com.ar/MLA-1536247181","Llega el lunes","","","","","MLA412445","MLA-BOOKS","","CORE","CORE","","2026-09-26T20:38:48.174Z",
"https://http2.mlstatic.com/D_NQ_NP_670272-MLA82149334488_022025-O.webp","ARS","53014","59499","10% OFF",,,,,"Gran Libro De Satan, El, De Vv.aa. Editorial Blackie Books, Tapa Blanda, Edición 1 En Español","6 cuotas de 11927","",,"true","true","LIBRENTA Tienda oficial","true","MLA37846211","MLA2078109542","MLA37846211","MLAU376902740","MLA37846211","ORGANIC","false","false","libros de terror","","","423","+9.999 resultados","https://articulo.mercadolibre.com.ar/MLA-2078109542","Llega gratis el lunes","OFERTA IMPERDIBLE","","","","MLA412445","MLA-BOOKS","","CORE","CORE","","2026-09-26T20:38:48.174Z",
"https://http2.mlstatic.com/D_NQ_NP_884018-MLA79775361967_102024-O.webp","ARS","31994","34000","5% OFF",,,,,"Adonde Voy Siempre Es De Noche, De Bernardo Esquinca. Editorial Almadia, Edición 1 En Español, 2024","","","25","true","true","SBS Librerias Tienda oficial","true","MLA41612629","MLA1929880534","MLA41612629","MLAU1916552438","MLA41612629","ORGANIC","false","false","libros de terror","4.7","","424","+9.999 resultados","https://articulo.mercadolibre.com.ar/MLA-1929880534","Llega gratis el lunes","","","","","MLA412445","MLA-BOOKS","","CORE","CORE","","2026-09-26T20:38:48.174Z",
"https://http2.mlstatic.com/D_NQ_NP_995226-MLU75135858389_032024-O.webp","ARS","24700","","",,,,,"Los Terroristas - Serie Martin Beck X, de Wahloo, Per. Editorial RBA, tapa blanda en español, 2019","","","50","false","true","","false","MLA19901943","MLA1474173845","MLA19901943","MLAU420707153","MLA19901943","ORGANIC","false","false","libros de terror","5.0","","425","+9.999 resultados","https://articulo.mercadolibre.com.ar/MLA-1474173845","","","","","","MLA412445","MLA-BOOKS","","CORE","CORE","","2026-09-26T20:38:48.174Z",
"https://http2.mlstatic.com/D_NQ_NP_734304-MLA111555431040_062026-O.webp","ARS","32999","","",,,,,"El Retrato De Dorian Gray - Oscar Wilde - Tapa Dura","","",,"true","true","","false","MLA71444110","MLA3835146180","MLA71444110","MLAU4437474374","MLA71444110","ORGANIC","false","false","libros de terror","","","426","+9.999 resultados","https://articulo.mercadolibre.com.ar/MLA-3835146180","Llega gratis el lunes","","","","","MLA412445","MLA-BOOKS","","CORE","CORE","","2026-09-26T20:38:48.174Z",
"https://http2.mlstatic.com/D_NQ_NP_838029-MLU73543847218_122023-O.webp","ARS","12340","","",,,,,"Rincones Tenebrosos - Fabian Sevilla","","","50","false","true","","false","MLA21217697","MLA3862740890","MLA21217697","MLAU4957383118","MLA21217697","ORGANIC","false","false","libros de terror","5.0","","427","+9.999 resultados","https://articulo.mercadolibre.com.ar/MLA-3862740890","Llega el lunes","","","","","MLA412445","MLA-BOOKS","","CORE","CORE","","2026-09-26T20:38:48.174Z",
"https://http2.mlstatic.com/D_NQ_NP_722490-MLU77278448624_072024-O.webp","ARS","7990","","",,,,,"Una Ciudad Asediada - Oliphant Margaret - Terror Y Misterio","","","50","false","true","","false","MLA21976745","MLA1900357795","MLA21976745","MLAU4346037368","MLA21976745","ORGANIC","false","false","libros de terror","4.5","","428","+9.999 resultados","https://articulo.mercadolibre.com.ar/MLA-1900357795","Llega el lunes","","","","","MLA412445","MLA-BOOKS","","CORE","CORE","","2026-09-26T20:38:48.174Z",
"https://http2.mlstatic.com/D_NQ_NP_725435-MLU79040558690_092024-O.webp","ARS","61680","","",,,,,"Eco, De Olde Heuvelt, Thomas. Editorial Nocturna Ediciones, S.l En Español","6 cuotas de 13876","",,"true","true","REFUGIO DEL LECTOR Tienda oficial","true","MLA30393702","MLA2013977317","MLA30393702","MLAU4604334051","MLA30393702","ORGANIC","false","false","libros de terror","","","429","+9.999 resultados","https://articulo.mercadolibre.com.ar/MLA-2013977317","Envío gratis","","","","","MLA412445","MLA-BOOKS","","CORE","CORE","","2026-09-26T20:38:48.174Z",
"https://http2.mlstatic.com/D_NQ_NP_742191-MLU77825617046_072024-O.webp","ARS","17600","","",,,,,"El Horror De Dunwich - H P Lovecraft, De Lovecraft, H. P.. Editorial Gargola, Tapa Blanda En Español, 2017","","","25","true","true","","false","MLA22066425","MLA2206407456","MLA22066425","MLAU3331551472","MLA22066425","ORGANIC","false","false","libros de terror","5.0","","430","+9.999 resultados","https://articulo.mercadolibre.com.ar/MLA-2206407456","Llega gratis el lunes","","","","","MLA412445","MLA-BOOKS","","CORE","CORE","","2026-09-26T20:38:48.174Z",
"https://http2.mlstatic.com/D_NQ_NP_615401-MLA80300286916_112024-O.webp","ARS","42900","","",,,,,"Los Nombres Muertos - Jesus Cañadas, De Cañadas, Jesus. Editorial Ediciones T&t, Tapa Blanda En Español, 2023","","",,"true","true","","false","MLA42933248","MLA1788996043","MLA42933248","MLAU2873000057","MLA42933248","ORGANIC","false","false","libros de terror","","","431","+9.999 resultados","https://articulo.mercadolibre.com.ar/MLA-1788996043","Llega gratis el lunes","","","","","MLA412445","MLA-BOOKS","","CORE","CORE","","2026-09-26T20:38:48.174Z",
"https://http2.mlstatic.com/D_NQ_NP_647307-MLA41780422788_052020-O.webp","ARS","51200","","",,,,,"Zar Saltan Y Otros Cuentos Populares Rusos,el - Afanasiev...","6 cuotas de 11519","",,"true","true","Libreria Hernandez Tienda oficial","true","MLA21179297","MLA3407146786","MLA21179297","MLAU4045636168","MLA21179297","ORGANIC","false","false","libros de terror","","","432","+9.999 resultados","https://articulo.mercadolibre.com.ar/MLA-3407146786","Llega gratis el lunes","","","","","MLA412445","MLA-BOOKS","","CORE","CORE","","2026-09-26T20:38:48.174Z",
"https://http2.mlstatic.com/D_NQ_NP_939452-MLA112649557263_062026-O.webp","ARS","30140","","",,,,,"La Novia Gitana (inspectora Elena Blanco, 1) - Carmen Mola","","",,"false","true","LIBRENTA Tienda oficial","true","MLA71648955","MLA1823768625","MLA71648955","MLAU3973664053","MLA71648955","ORGANIC","false","false","libros de terror","","1","433","+9.999 resultados","https://articulo.mercadolibre.com.ar/MLA-1823768625","","","","","","MLA412445","MLA-BOOKS","","CORE","CORE","","2026-09-26T20:39:20.661Z",
"https://http2.mlstatic.com/D_NQ_NP_841937-MLM51107049945_082022-O.webp","ARS","39109","","",,,,,"Soy Leyenda","","",,"true","true","MASLIBROS Tienda oficial","true","MLA21998661","MLA1381150287","MLA21998661","MLAU143254746","MLA21998661","ORGANIC","false","false","libros de terror","","1","434","+9.999 resultados","https://articulo.mercadolibre.com.ar/MLA-1381150287","Envío gratis","","","","","MLA412445","MLA-BOOKS","","CORE","CORE","","2026-09-26T20:39:20.661Z",
"https://http2.mlstatic.com/D_NQ_NP_856848-MLA69536664402_052023-O.webp","ARS","35860","","",,,,,"Mientras Escribo","","",,"true",,"Galantos Tienda oficial","true","MLA1421803554","MLA1421803554","","MLAU233505266","MLAU233505266","ORGANIC","false","false","libros de terror","","2","435","+9.999 resultados","https://articulo.mercadolibre.com.ar/MLA-1421803554","Envío gratis","","","","","MLA412445","MLA-BOOKS","","CORE","CORE","","2026-09-26T20:39:20.662Z",
"https://http2.mlstatic.com/D_NQ_NP_662129-MLU70303671315_072023-O.webp","ARS","28376","","",,,,,"Maleficio, De Stephen King - El Seudónimo De Richard Bachman -. Editorial Debolsillo En Español","","",,"false","true","MASLIBROS Tienda oficial","true","MLA23648443","MLA1380405901","MLA23648443","MLAU140968753","MLA23648443","ORGANIC","false","false","libros de terror","","2","436","+9.999 resultados","https://articulo.mercadolibre.com.ar/MLA-1380405901","","","","","","MLA412445","MLA-BOOKS","","CORE","CORE","","2026-09-26T20:39:20.662Z",
"https://http2.mlstatic.com/D_NQ_NP_874381-MLM44756372554_012021-O.webp","ARS","48190","","",,,,,"Libro Drácula - Bram Stoker [ Valdemar ] Pasta Dura","6 cuotas de 10841","","25","true","true","MASLIBROS Tienda oficial","true","MLA19988843","MLA1459871368","MLA19988843","MLAU140883791","MLA19988843","ORGANIC","false","false","libros de terror","4.9","4","437","+9.999 resultados","https://articulo.mercadolibre.com.ar/MLA-1459871368","Envío gratis","","","","","MLA412445","MLA-BOOKS","","CORE","CORE","","2026-09-26T20:39:20.662Z",
"https://http2.mlstatic.com/D_NQ_NP_929527-MLU70683830867_072023-O.webp","ARS","50588","","",,,,,"El Psicoanalista, De Katzenbach, John. Editorial B (ediciones B), Tapa Dura En Español","6 cuotas de 11381","",,"true","true","LIBRENTA Tienda oficial","true","MLA25017285","MLA1514417123","MLA25017285","MLAU3357999922","MLA25017285","ORGANIC","false","false","libros de terror","","1","438","+9.999 resultados","https://articulo.mercadolibre.com.ar/MLA-1514417123","Envío gratis","","","","","MLA412445","MLA-BOOKS","","CORE","CORE","","2026-09-26T20:39:20.662Z",
"https://http2.mlstatic.com/D_NQ_NP_758619-MLA81005795280_122024-O.webp","ARS","35160","","",,,,,"Libro Apocalipsis Z [ La Ira De Los Justos ] Original: La Ira De Los Justos, De Manel Loureiro., Vol. 3. Editorial Booket, Tapa Blanda En Español, 2024","","",,"true","true","Galantos Tienda oficial","true","MLA41570517","MLA1800365291","MLA41570517","MLAU2392392099","MLA41570517","ORGANIC","false","false","libros de terror","","","439","+9.999 resultados","https://articulo.mercadolibre.com.ar/MLA-1800365291","Envío gratis","","","","","MLA412445","MLA-BOOKS","","CORE","CORE","","2026-09-26T20:39:20.662Z",
"https://http2.mlstatic.com/D_NQ_NP_946109-MLU72972260911_112023-O.webp","ARS","16951","","",,,,,"Mejores Cuentos De Terror Latinoamericano,los, De Vários Autores. Editorial Mestas, Tapa Blanda, Edición 1 En Español","","",,"false","true","LIBRENTA Tienda oficial","true","MLA24107793","MLA2282118618","MLA24107793","MLAU3378906276","MLA24107793","ORGANIC","false","false","libros de terror","","3","440","+9.999 resultados","https://articulo.mercadolibre.com.ar/MLA-2282118618","","","","","","MLA412445","MLA-BOOKS","","CORE","CORE","","2026-09-26T20:39:20.662Z",
"https://http2.mlstatic.com/D_NQ_NP_697426-MLU70653136185_072023-O.webp","ARS","46182","","",,,,,"Libro El Culto A La Reina Araña S.A. Sidor Editorial Minotauro Tapa Blanda","6 cuotas de 10390","",,"true","true","MASLIBROS Tienda oficial","true","MLA24759677","MLA1381155463","MLA24759677","MLAU143368001","MLA24759677","ORGANIC","false","false","libros de terror","","","441","+9.999 resultados","https://articulo.mercadolibre.com.ar/MLA-1381155463","Envío gratis","","","","","MLA412445","MLA-BOOKS","","CORE","CORE","","2026-09-26T20:39:20.662Z",
"https://http2.mlstatic.com/D_NQ_NP_653268-MLA99550992444_122025-O.webp","ARS","47300","","",,,,,"Libro: Carcoma. Martínez, Layla. Amor de Madre Editoras","6 cuotas de 10641","","25","true","true","LIBRENTA Tienda oficial","true","MLA21242232","MLA2616715952","MLA21242232","MLAU3639157995","MLA21242232","ORGANIC","false","false","libros de terror","5.0","3","442","+9.999 resultados","https://articulo.mercadolibre.com.ar/MLA-2616715952","Envío gratis","","","","","MLA412445","MLA-BOOKS","","CORE","CORE","","2026-09-26T20:39:20.662Z",
"https://http2.mlstatic.com/D_NQ_NP_978403-MLU77622938751_072024-O.webp","ARS","51225","","",,,,,"Libro Marina [ Edición 25 Aniversario ] Original, De Carlos Ruiz Zafón. Editorial Editorial Planeta, Tapa Dura En Español, 2024","6 cuotas de 11524","","50","true","true","LIBRENTA Tienda oficial","true","MLA35451768","MLA1684669011","MLA35451768","MLAU3354391851","MLA35451768","ORGANIC","false","false","libros de terror","4.9","27","443","+9.999 resultados","https://articulo.mercadolibre.com.ar/MLA-1684669011","Envío gratis","","","","","MLA412445","MLA-BOOKS","","CORE","CORE","","2026-09-26T20:39:20.662Z",
"https://http2.mlstatic.com/D_NQ_NP_703943-MLU71291642265_082023-O.webp","ARS","53802","","",,,,,"Terror Rural Y Paganismo, De Javier J Valencia. Editorial Dilatando Mentes Editorial, Tapa Blanda En Español, 2021","6 cuotas de 12104","",,"true","true","MASLIBROS Tienda oficial","true","MLA26556246","MLA1396294675","MLA26556246","MLAU181728005","MLA26556246","ORGANIC","false","false","libros de terror","","","444","+9.999 resultados","https://articulo.mercadolibre.com.ar/MLA-1396294675","Envío gratis","","","","","MLA412445","MLA-BOOKS","","CORE","CORE","","2026-09-26T20:39:20.662Z",
"https://http2.mlstatic.com/D_NQ_NP_752831-MLU79142163700_092024-O.webp","ARS","25326","","",,,,,"Axel: Solo Los Muertos No Tienen Secretos, De García-rey, Luis., Vol. 1. Editorial Booket, Tapa Blanda En Español, 2024","","",,"false","true","LIBRENTA Tienda oficial","true","MLA40601567","MLA1514495587","MLA40601567","MLAU3352024797","MLA40601567","ORGANIC","false","false","libros de terror","","","445","+9.999 resultados","https://articulo.mercadolibre.com.ar/MLA-1514495587","","","","","","MLA412445","MLA-BOOKS","","CORE","CORE","","2026-09-26T20:39:20.662Z",
"https://http2.mlstatic.com/D_NQ_NP_666849-MLU70845125986_082023-O.webp","ARS","94969","","",,,,,"Soy Leyenda - Matheson, Richard, De Matheson, Rich. Editorial Pla Publishing En Español","6 cuotas de 21366","",,"true","true","EL BAZAR DIGITAL Tienda oficial","true","MLA21061228","MLA3215887826","MLA21061228","MLAU142424707","MLA21061228","ORGANIC","false","false","libros de terror","","","446","+9.999 resultados","https://articulo.mercadolibre.com.ar/MLA-3215887826","Envío gratis","","","","","MLA412445","MLA-BOOKS","","CORE","CORE","","2026-09-26T20:39:20.662Z",
"https://http2.mlstatic.com/D_NQ_NP_997306-MLA110548956969_042026-O.webp","ARS","28481","","",,,,,"El Terror De Los Orcos. Aurora Y El Orco 3","","",,"false","true","LIBRENTA Tienda oficial","true","MLA68201749","MLA3213974848","MLA68201749","MLAU3452091026","MLA68201749","ORGANIC","false","false","libros de terror","","","447","+9.999 resultados","https://articulo.mercadolibre.com.ar/MLA-3213974848","","","","","","MLA412445","MLA-BOOKS","","CORE","CORE","","2026-09-26T20:39:20.662Z",
"https://http2.mlstatic.com/D_NQ_NP_740012-MLA80187567115_102024-O.webp","ARS","28012","","",,,,,"El Misterio De Salem's Lot, De King, Stephen. Editorial Debolsillo, Tapa Blanda En Español, 2022","","","25","false","true","LIBERATE Tienda oficial","true","MLA35131653","MLA1907544376","MLA35131653","MLAU144046578","MLA35131653","ORGANIC","false","false","libros de terror","4.8","84","448","+9.999 resultados","https://articulo.mercadolibre.com.ar/MLA-1907544376","","","","","","MLA412445","MLA-BOOKS","","CORE","CORE","","2026-09-26T20:39:20.662Z",
"https://http2.mlstatic.com/D_NQ_NP_751947-MLA99933965079_112025-O.webp","ARS","55464","","",,,,,"El Visitante Stephen King Editorial Plaza & Janes","6 cuotas de 12478","",,"true","true","LIBRENTA Tienda oficial","true","MLA24051830","MLA1512446277","MLA24051830","MLAU3329537519","MLA24051830","ORGANIC","false","false","libros de terror","","","449","+9.999 resultados","https://articulo.mercadolibre.com.ar/MLA-1512446277","Envío gratis","","","","","MLA412445","MLA-BOOKS","","CORE","CORE","","2026-09-26T20:39:20.662Z",
"https://http2.mlstatic.com/D_NQ_NP_811577-MLA111553825178_062026-O.webp","ARS","18602","","",,,,,"No Te Despiertes - Liz Lawler","","",,"false","true","LIBRENTA Tienda oficial","true","MLA71391453","MLA1820616015","MLA71391453","MLAU3741033865","MLA71391453","ORGANIC","false","false","libros de terror","","2","450","+9.999 resultados","https://articulo.mercadolibre.com.ar/MLA-1820616015","","","","","","MLA412445","MLA-BOOKS","","CORE","CORE","","2026-09-26T20:39:20.662Z",
"https://http2.mlstatic.com/D_NQ_NP_846142-MLA111532269058_062026-O.webp","ARS","28816","","",,,,,"La Red Púrpura (inspectora Elena Blanco, 2) - Carmen Mola","","",,"false","true","LIBRENTA Tienda oficial","true","MLA70874386","MLA1823680085","MLA70874386","MLAU3973664413","MLA70874386","ORGANIC","false","false","libros de terror","","","451","+9.999 resultados","https://articulo.mercadolibre.com.ar/MLA-1823680085","","","","","","MLA412445","MLA-BOOKS","","CORE","CORE","","2026-09-26T20:39:20.662Z",
"https://http2.mlstatic.com/D_NQ_NP_956813-MLU71139828681_082023-O.webp","ARS","40619","","",,,,,"El Juego De Westing, De Ellen Raskin. Editorial Planeta, Tapa Dura En Español, 2022","","",,"true","true","LIBRENTA Tienda oficial","true","MLA26188613","MLA2208617898","MLA26188613","MLAU3329834197","MLA26188613","ORGANIC","false","false","libros de terror","","","452","+9.999 resultados","https://articulo.mercadolibre.com.ar/MLA-2208617898","Envío gratis","","","","","MLA412445","MLA-BOOKS","","CORE","CORE","","2026-09-26T20:39:20.662Z",
"https://http2.mlstatic.com/D_NQ_NP_928734-MLA111537775084_062026-O.webp","ARS","40672","","",,,,,"Libro DRACULA EDICION CANTOS TINTADOS, de Bram Stoker, vol. 1. Editorial Penguin Clásicos, tapa dura (2026)","","",,"true","true","LIBRENTA Tienda oficial","true","MLA71000624","MLA3941852144","MLA71000624","MLAU3741106527","MLA71000624","ORGANIC","false","false","libros de terror","","","453","+9.999 resultados","https://articulo.mercadolibre.com.ar/MLA-3941852144","Envío gratis","","","","","MLA412445","MLA-BOOKS","","CORE","CORE","","2026-09-26T20:39:20.662Z",
"https://http2.mlstatic.com/D_NQ_NP_946811-MLU70527493913_072023-O.webp","ARS","29034","","",,,,,"Antología De Cuentos De Terror, 2, De Aa. Vv.. Alianza Editorial, Tapa Dura En Español","","",,"false","true","LIBRENTA Tienda oficial","true","MLA24566842","MLA2220143678","MLA24566842","MLAU3343113105","MLA24566842","ORGANIC","false","false","libros de terror","","","454","+9.999 resultados","https://articulo.mercadolibre.com.ar/MLA-2220143678","","","","","","MLA412445","MLA-BOOKS","","CORE","CORE","","2026-09-26T20:39:20.662Z",
"https://http2.mlstatic.com/D_NQ_NP_823225-MLU53306460655_012023-O.webp","ARS","69569","","",,,,,"ENTREVISTA CON EL VAMPIRO (CRONICAS VAMPIRICAS 1), de Rice, Anne. Serie B de Bolsillo Editorial B de Bolsillo, tapa pasta blanda, edición 1 en español, 2021","6 cuotas de 15651","",,"true","true","EL BAZAR DIGITAL Tienda oficial","true","MLA21136972","MLA1535200025","MLA21136972","MLAU155108744","MLA21136972","ORGANIC","false","false","libros de terror","","","455","+9.999 resultados","https://articulo.mercadolibre.com.ar/MLA-1535200025","Envío gratis","","","","","MLA412445","MLA-BOOKS","","CORE","CORE","","2026-09-26T20:39:20.662Z",
"https://http2.mlstatic.com/D_NQ_NP_687837-MLA89743665612_082025-O.webp","ARS","25326","","",,,,,"Como Vender Una Casa Encantada, De Grady Hendrix. 3083, Vol. 1. Editorial Booket, Tapa Blanda, Edición 1 En Español, 2025","","",,"false","true","LIBRENTA Tienda oficial","true","MLA53886780","MLA2416046922","MLA53886780","MLAU3360566304","MLA53886780","ORGANIC","false","false","libros de terror","","2","456","+9.999 resultados","https://articulo.mercadolibre.com.ar/MLA-2416046922","","","","","","MLA412445","MLA-BOOKS","","CORE","CORE","","2026-09-26T20:39:20.662Z",
"https://http2.mlstatic.com/D_NQ_NP_981355-MLA46219853219_052021-O.webp","ARS","75074","","",,,,,"Las Furias, Violencia Y Terror En Las Revoluciones France...","6 cuotas de 16890","","25","true","true","LIBRENTA Tienda oficial","true","MLA21225809","MLA1518787123","MLA21225809","MLAU3399397540","MLA21225809","ORGANIC","false","false","libros de terror","","","457","+9.999 resultados","https://articulo.mercadolibre.com.ar/MLA-1518787123","Envío gratis","","","","","MLA412445","MLA-BOOKS","","CORE","CORE","","2026-09-26T20:39:20.663Z",
"https://http2.mlstatic.com/D_NQ_NP_651409-MLU78563188962_082024-O.webp","ARS","52989","57820,5","8% OFF",,,,,"Acercate, De Gran, Sara. Editorial La Biblioteca De Carfax En Español","6 cuotas de 11921","","50","true","true","MASLIBROS Tienda oficial","true","MLA30209987","MLA1961719770","MLA30209987","MLAU2819680401","MLA30209987","ORGANIC","false","false","libros de terror","4.8","14","458","+9.999 resultados","https://articulo.mercadolibre.com.ar/MLA-1961719770","Llega gratis mañana Enviado por FULL","ÚLTIMAS 2 | ÚLTIMAS UNIDADES","","","","MLA412445","MLA-BOOKS","","CORE","CORE","","2026-09-26T20:39:20.663Z",
"https://http2.mlstatic.com/D_NQ_NP_835400-MLA74087656661_012024-O.webp","ARS","53446","","",,,,,"El Terror Rojo","6 cuotas de 12024","",,"true","true","MASLIBROS Tienda oficial","true","MLA21274744","MLA1460362478","MLA21274744","MLAU140837243","MLA21274744","ORGANIC","false","false","libros de terror","","","459","+9.999 resultados","https://articulo.mercadolibre.com.ar/MLA-1460362478","Envío gratis","","","","","MLA412445","MLA-BOOKS","","CORE","CORE","","2026-09-26T20:39:20.663Z",
"https://http2.mlstatic.com/D_NQ_NP_751311-MLU78310831532_082024-O.webp","ARS","22118","","",,,,,"Arthur Machen El gran dios Pan Editorial Valdemar","","","50","false","true","LIBRENTA Tienda oficial","true","MLA21539289","MLA1514497701","MLA21539289","MLAU3358196444","MLA21539289","ORGANIC","false","false","libros de terror","4.8","","460","+9.999 resultados","https://articulo.mercadolibre.com.ar/MLA-1514497701","","","","","","MLA412445","MLA-BOOKS","","CORE","CORE","","2026-09-26T20:39:20.663Z",
"https://http2.mlstatic.com/D_NQ_NP_912328-MLA83362818090_042025-O.webp","ARS","33792","","",,,,,"Holly (edición En Español), De King, Stephen., Vol. 1. Editorial Debolsillo, Tapa Blanda En Español, 2025","","","50","true","true","MASLIBROS Tienda oficial","true","MLA47827615","MLA2611396270","MLA47827615","MLAU3633292479","MLA47827615","ORGANIC","false","false","libros de terror","4.8","26","461","+9.999 resultados","https://articulo.mercadolibre.com.ar/MLA-2611396270","Llega gratis mañana Enviado por FULL","ÚLTIMAS 4 | ÚLTIMAS UNIDADES","","","","MLA412445","MLA-BOOKS","","CORE","CORE","","2026-09-26T20:39:20.663Z",
"https://http2.mlstatic.com/D_NQ_NP_979082-MLA95428583983_102025-O.webp","ARS","63402","","",,,,,"Libro Musivo, De Mc Carthy, Catherine, Vol. 1. Editorial Dilatando Mentes Editorial, Tapa Blanda","6 cuotas de 14264","",,"true","true","EL RINCON LIBROS Tienda oficial","true","MLA60285811","MLA1680406159","MLA60285811","MLAU3704954615","MLA60285811","ORGANIC","false","false","libros de terror","","","462","+9.999 resultados","https://articulo.mercadolibre.com.ar/MLA-1680406159","Envío gratis","","","","","MLA412445","MLA-BOOKS","","CORE","CORE","","2026-09-26T20:39:20.663Z",
"https://http2.mlstatic.com/D_NQ_NP_749911-MLA99862849385_112025-O.webp","ARS","24099","","",,,,,"Niña Desdichada, La - Edward Gorey","","",,"true","true","Libros del Camino Tienda oficial","true","MLA21454264","MLA1411986786","MLA21454264","MLAU169611482","MLA21454264","ORGANIC","false","false","libros de terror","","","463","+9.999 resultados","https://articulo.mercadolibre.com.ar/MLA-1411986786","Llega gratis el lunes","","","","","MLA412445","MLA-BOOKS","","CORE","CORE","","2026-09-26T20:39:20.663Z",
"https://http2.mlstatic.com/D_NQ_NP_724297-MLM51506887295_092022-O.webp","ARS","50862","","",,,,,"La Chica De Al Lado- Jack Ketchum- -","6 cuotas de 11443","","50","true","true","MASLIBROS Tienda oficial","true","MLA21458672","MLA1621691584","MLA21458672","MLAU143336362","MLA21458672","ORGANIC","false","false","libros de terror","4.7","12","464","+9.999 resultados","https://articulo.mercadolibre.com.ar/MLA-1621691584","Envío gratis","","","","","MLA412445","MLA-BOOKS","","CORE","CORE","","2026-09-26T20:39:20.663Z",
"https://http2.mlstatic.com/D_NQ_NP_875947-MLA110602605990_052026-O.webp","ARS","79000","","",,,,,"El Enemigo Interior - Ramon Mendez Gonzalez","6 cuotas de 17773","",,"true","true","ENTELEQUIA Tienda oficial","true","MLA69511290","MLA3326246570","MLA69511290","MLAU3840499712","MLA69511290","ORGANIC","false","false","libros de terror","","","465","+9.999 resultados","https://articulo.mercadolibre.com.ar/MLA-3326246570","Llega gratis el lunes","","","","","MLA412445","MLA-BOOKS","","CORE","CORE","","2026-09-26T20:39:20.663Z",
"https://http2.mlstatic.com/D_NQ_NP_840705-MLA117226846325_092026-O.webp","ARS","29797","","",,,,,"Crudely Drawn - Heather Ann Larson","","",,"false",,"MASLIBROS Tienda oficial","true","MLA2064012845","MLA2064012845","","MLAU5084398073","MLAU5084398073","ORGANIC","false","false","libros de terror","","","466","+9.999 resultados","https://articulo.mercadolibre.com.ar/MLA-2064012845","","","","","","MLA412445","MLA-BOOKS","","CORE","CORE","","2026-09-26T20:39:20.663Z",
"https://http2.mlstatic.com/D_NQ_NP_707123-MLA117340534225_092026-O.webp","ARS","50608","","",,,,,"Peliculas De Terror Basadas En Hechos Reales - Jose Manue...","6 cuotas de 11385","",,"true",,"MASLIBROS Tienda oficial","true","MLA3924376932","MLA3924376932","","MLAU5105215481","MLAU5105215481","ORGANIC","false","false","libros de terror","","","467","+9.999 resultados","https://articulo.mercadolibre.com.ar/MLA-3924376932","Envío gratis","","","","","MLA412445","MLA-BOOKS","","CORE","CORE","","2026-09-26T20:39:20.663Z",
"https://http2.mlstatic.com/D_NQ_NP_699857-MLA117974721729_092026-O.webp","ARS","127890","","",,,,,"The Terror Of Miracles - Nick Murphey","6 cuotas de 28773","",,"true",,"","false","MLA2110008251","MLA2110008251","","MLAU5259786590","MLAU5259786590","ORGANIC","false","false","libros de terror","","","468","+9.999 resultados","https://articulo.mercadolibre.com.ar/MLA-2110008251","Envío gratis","","","","","MLA412445","MLA-BOOKS","","CORE","CORE","","2026-09-26T20:39:20.663Z",
"https://http2.mlstatic.com/D_NQ_NP_949127-MLA115762366718_092026-O.webp","ARS","76980","","",,,,,"Turtle Terror Charlotte Gibson Mysteries - Jasmine Webb","6 cuotas de 17319","",,"true",,"","false","MLA2063721465","MLA2063721465","","MLAU5116948070","MLAU5116948070","ORGANIC","false","false","libros de terror","","","469","+9.999 resultados","https://articulo.mercadolibre.com.ar/MLA-2063721465","Envío gratis","","","","","MLA412445","MLA-BOOKS","","CORE","CORE","","2026-09-26T20:39:20.663Z",
"https://http2.mlstatic.com/D_NQ_NP_697409-MLU53303000478_012023-O.webp","ARS","48855","","",,,,,"Lestat el vampiro ( Crónicas Vampíricas 2 ), de Rice, Anne. Crónicas Vampíricas Editorial B de Bolsillo, tapa blanda en español, 2021","6 cuotas de 10991","",,"true","true","MASLIBROS Tienda oficial","true","MLA21109407","MLA2818012698","MLA21109407","MLAU3718063635","MLA21109407","ORGANIC","false","false","libros de terror","","","470","+9.999 resultados","https://articulo.mercadolibre.com.ar/MLA-2818012698","Envío gratis","","","","","MLA412445","MLA-BOOKS","","CORE","CORE","","2026-09-26T20:39:20.663Z",
"https://http2.mlstatic.com/D_NQ_NP_778025-MLU49168957862_022022-O.webp","ARS","37377","","",,,,,"Creepypastas : Historias De Terror 2.0 Manuel Jesús Palma Ro","","",,"true","true","MASLIBROS Tienda oficial","true","MLA21369027","MLA1380744237","MLA21369027","MLAU176668556","MLA21369027","ORGANIC","false","false","libros de terror","","","471","+9.999 resultados","https://articulo.mercadolibre.com.ar/MLA-1380744237","Envío gratis","","","","","MLA412445","MLA-BOOKS","","CORE","CORE","","2026-09-26T20:39:20.663Z",
"https://http2.mlstatic.com/D_NQ_NP_850670-MLA99990601647_112025-O.webp","ARS","45849","","",,,,,"Siempre Hemos Vivido En El Castillo de Shirley Jackson Editorial Minúscula","6 cuotas de 10315","","100","true","true","MASLIBROS Tienda oficial","true","MLA20953659","MLA1380393773","MLA20953659","MLAU141786490","MLA20953659","ORGANIC","false","false","libros de terror","4.8","","472","+9.999 resultados","https://articulo.mercadolibre.com.ar/MLA-1380393773","Envío gratis","","","","","MLA412445","MLA-BOOKS","","CORE","CORE","","2026-09-26T20:39:20.663Z",
"https://http2.mlstatic.com/D_NQ_NP_820539-MLA115762390844_092026-O.webp","ARS","76980","","",,,,,"In The Reign Of Terror - G. A. Henty","6 cuotas de 17319","",,"true",,"","false","MLA2063749347","MLA2063749347","","MLAU5116968434","MLAU5116968434","ORGANIC","false","false","libros de terror","","","473","+9.999 resultados","https://articulo.mercadolibre.com.ar/MLA-2063749347","Envío gratis","","","","","MLA412445","MLA-BOOKS","","CORE","CORE","","2026-09-26T20:39:20.663Z",
"https://http2.mlstatic.com/D_NQ_NP_644183-MLA116948726169_082026-O.webp","ARS","68900","","",,,,,"State Of Terror - Louise Penny","6 cuotas de 15501","",,"true",,"","false","MLA2049635415","MLA2049635415","","MLAU5055071394","MLAU5055071394","ORGANIC","false","false","libros de terror","","","474","+9.999 resultados","https://articulo.mercadolibre.com.ar/MLA-2049635415","Envío gratis","","","","","MLA412445","MLA-BOOKS","","CORE","CORE","","2026-09-26T20:39:20.663Z",
"https://http2.mlstatic.com/D_NQ_NP_837999-MLA83564795795_042025-O.webp","ARS","97909","","",,,,,"The walking dead Libro Uno de Robert Kirkman editorial Planeta cómic tapa dura en español 2025","6 cuotas de 22027","","25","true","true","LIBRENTA Tienda oficial","true","MLA47727541","MLA2057269002","MLA47727541","MLAU3130691729","MLA47727541","ORGANIC","false","false","libros de terror","4.9","13","475","+9.999 resultados","https://articulo.mercadolibre.com.ar/MLA-2057269002","Llega gratis mañana Enviado por FULL","ÚLTIMAS 3 | ÚLTIMAS UNIDADES","","","","MLA412445","MLA-BOOKS","","CORE","CORE","","2026-09-26T20:39:20.663Z",
"https://http2.mlstatic.com/D_NQ_NP_858258-MLA115967107004_092026-O.webp","ARS","303699","","",,,,,"Libro: A Protecção Das Vítimas Do Terrorismo Na África","Mismo precio 6 cuotas de 50616","",,"true",,"","false","MLA2077063699","MLA2077063699","","MLAU5158974642","MLAU5158974642","ORGANIC","false","false","libros de terror","","","476","+9.999 resultados","https://articulo.mercadolibre.com.ar/MLA-2077063699","Envío gratis","","","","","MLA412445","MLA-BOOKS","","CORE","CORE","","2026-09-26T20:39:20.664Z",
"https://http2.mlstatic.com/D_NQ_NP_646045-MLA117145732317_092026-O.webp","ARS","265299","","",,,,,"Libro: Fundamentalismo Islâmico E O Terrorismo: Das Origens","Mismo precio 6 cuotas de 44216","",,"true",,"","false","MLA2060813683","MLA2060813683","","MLAU5106415920","MLAU5106415920","ORGANIC","false","false","libros de terror","","","477","+9.999 resultados","https://articulo.mercadolibre.com.ar/MLA-2060813683","Envío gratis","","","","","MLA412445","MLA-BOOKS","","CORE","CORE","","2026-09-26T20:39:20.664Z",
"https://http2.mlstatic.com/D_NQ_NP_723229-MLA117515304477_092026-O.webp","ARS","237199","","",,,,,"Libro: Combate Ao Terrorismo Através Da Diplomacia De Contra","Mismo precio 6 cuotas de 39533","",,"true",,"","false","MLA2081071751","MLA2081071751","","MLAU5172250904","MLAU5172250904","ORGANIC","false","false","libros de terror","","","478","+9.999 resultados","https://articulo.mercadolibre.com.ar/MLA-2081071751","Envío gratis","","","","","MLA412445","MLA-BOOKS","","CORE","CORE","","2026-09-26T20:39:20.664Z",
"https://http2.mlstatic.com/D_NQ_NP_650714-MLA117472456213_092026-O.webp","ARS","194999","","",,,,,"Libro: Terrorismo Suicida Na Nigéria: Uma Análise Quem São","Mismo precio 6 cuotas de 32499","",,"true",,"","false","MLA2079315313","MLA2079315313","","MLAU5164776354","MLAU5164776354","ORGANIC","false","false","libros de terror","","","479","+9.999 resultados","https://articulo.mercadolibre.com.ar/MLA-2079315313","Envío gratis","","","","","MLA412445","MLA-BOOKS","","CORE","CORE","","2026-09-26T20:39:20.664Z",
"https://http2.mlstatic.com/D_NQ_NP_802645-MLA117471792021_092026-O.webp","ARS","192799","","",,,,,"Libro: Intervenção Internacional Contra O Terrorismo No A E","Mismo precio 6 cuotas de 32133","",,"true",,"","false","MLA2079311555","MLA2079311555","","MLAU5164629480","MLAU5164629480","ORGANIC","false","false","libros de terror","","","480","+9.999 resultados","https://articulo.mercadolibre.com.ar/MLA-2079311555","Envío gratis","","","","","MLA412445","MLA-BOOKS","","CORE","CORE","","2026-09-26T20:39:20.664Z",
"https://http2.mlstatic.com/D_NQ_NP_902379-MLA115947675766_092026-O.webp","ARS","176999","","",,,,,"Libro: Agentes De Terror Como Agentes De Segurança: Do Ira","Mismo precio 6 cuotas de 29499","",,"true",,"","false","MLA2076270775","MLA2076270775","","MLAU5155428944","MLAU5155428944","ORGANIC","false","false","libros de terror","","","481","+9.999 resultados","https://articulo.mercadolibre.com.ar/MLA-2076270775","Envío gratis","","","","","MLA412445","MLA-BOOKS","","CORE","CORE","","2026-09-26T20:39:50.862Z",
"https://http2.mlstatic.com/D_NQ_NP_797228-MLA115987999210_092026-O.webp","ARS","123899","","",,,,,"Libro: Subgenres Of Terror, 2nd Edition: Musical Films Of","Mismo precio 6 cuotas de 20649","",,"true",,"","false","MLA2078606869","MLA2078606869","","MLAU5162969346","MLAU5162969346","ORGANIC","false","false","libros de terror","","","482","+9.999 resultados","https://articulo.mercadolibre.com.ar/MLA-2078606869","Envío gratis","","","","","MLA412445","MLA-BOOKS","","CORE","CORE","","2026-09-26T20:39:50.863Z",
"https://http2.mlstatic.com/D_NQ_NP_861741-MLA117445181021_092026-O.webp","ARS","86499","","",,,,,"Libro:  Broken Chains: His Stairway To Terror ","Mismo precio 6 cuotas de 14416","",,"true",,"","false","MLA2077198293","MLA2077198293","","MLAU5124663237","MLAU5124663237","ORGANIC","false","false","libros de terror","","","483","+9.999 resultados","https://articulo.mercadolibre.com.ar/MLA-2077198293","Envío gratis","","","","","MLA412445","MLA-BOOKS","","CORE","CORE","","2026-09-26T20:39:50.863Z",
"https://http2.mlstatic.com/D_NQ_NP_612262-MLA117444209447_092026-O.webp","ARS","74299","","",,,,,"Libro: Fifty Shades Of Terror 2019: 50 Reviews Of Black And","Mismo precio 6 cuotas de 12383","",,"true",,"","false","MLA2077197231","MLA2077197231","","MLAU5124554157","MLAU5124554157","ORGANIC","false","false","libros de terror","","","484","+9.999 resultados","https://articulo.mercadolibre.com.ar/MLA-2077197231","Envío gratis","","","","","MLA412445","MLA-BOOKS","","CORE","CORE","","2026-09-26T20:39:50.863Z",
"https://http2.mlstatic.com/D_NQ_NP_869988-MLA116047300008_092026-O.webp","ARS","74299","","",,,,,"Libro: Fifty Shades Of Terror: 50 Reviews Of Black And White","Mismo precio 6 cuotas de 12383","",,"true",,"","false","MLA2082620569","MLA2082620569","","MLAU5138821611","MLAU5138821611","ORGANIC","false","false","libros de terror","","","485","+9.999 resultados","https://articulo.mercadolibre.com.ar/MLA-2082620569","Envío gratis","","","","","MLA412445","MLA-BOOKS","","CORE","CORE","","2026-09-26T20:39:50.863Z",
"https://http2.mlstatic.com/D_NQ_NP_884567-MLA116006753640_092026-O.webp","ARS","73799","","",,,,,"Libro: School Of Terror 2019: 49 Gateways To Horror (school","Mismo precio 6 cuotas de 12299","",,"true",,"","false","MLA2080080491","MLA2080080491","","MLAU5131935227","MLAU5131935227","ORGANIC","false","false","libros de terror","","","486","+9.999 resultados","https://articulo.mercadolibre.com.ar/MLA-2080080491","Envío gratis","","","","","MLA412445","MLA-BOOKS","","CORE","CORE","","2026-09-26T20:39:50.863Z",
"https://http2.mlstatic.com/D_NQ_NP_917105-MLA115694077984_092026-O.webp","ARS","72999","","",,,,,"Libro: Checklist Of Terror: Vampire & Werewolf Movies Of","Mismo precio 6 cuotas de 12166","",,"true",,"","false","MLA2060769401","MLA2060769401","","MLAU5072731893","MLAU5072731893","ORGANIC","false","false","libros de terror","","","487","+9.999 resultados","https://articulo.mercadolibre.com.ar/MLA-2060769401","Envío gratis","","","","","MLA412445","MLA-BOOKS","","CORE","CORE","","2026-09-26T20:39:50.863Z",
"https://http2.mlstatic.com/D_NQ_NP_726154-MLA117462047903_092026-O.webp","ARS","72899","","",,,,,"Libro: Subgenres Of Terror: 30 Best Invasion Films Of 1st","Mismo precio 6 cuotas de 12149","",,"true",,"","false","MLA2078437935","MLA2078437935","","MLAU5162687736","MLAU5162687736","ORGANIC","false","false","libros de terror","","","488","+9.999 resultados","https://articulo.mercadolibre.com.ar/MLA-2078437935","Envío gratis","","","","","MLA412445","MLA-BOOKS","","CORE","CORE","","2026-09-26T20:39:50.863Z",
"https://http2.mlstatic.com/D_NQ_NP_916567-MLA117453388021_092026-O.webp","ARS","72099","","",,,,,"Libro: Deconstructing Terror: Strategies To Reduce For","Mismo precio 6 cuotas de 12016","",,"true",,"","false","MLA2077752997","MLA2077752997","","MLAU5160957840","MLAU5160957840","ORGANIC","false","false","libros de terror","","","489","+9.999 resultados","https://articulo.mercadolibre.com.ar/MLA-2077752997","Envío gratis","","","","","MLA412445","MLA-BOOKS","","CORE","CORE","","2026-09-26T20:39:50.863Z",
"https://http2.mlstatic.com/D_NQ_NP_780472-MLA116292968702_092026-O.webp","ARS","283599","","",,,,,"Call Of Cthulhu: Chaosiums 50th Anniversary Slipcase Set","6 cuotas de 63805","",,"true",,"DEL MUNDO A TUS MANOS Tienda oficial","true","MLA2098759717","MLA2098759717","","MLAU5225063694","MLAU5225063694","ORGANIC","false","false","libros de terror","","","490","+9.999 resultados","https://articulo.mercadolibre.com.ar/MLA-2098759717","Envío gratis","","","","","MLA412445","MLA-BOOKS","","CORE","CORE","","2026-09-26T20:39:50.863Z",
"https://http2.mlstatic.com/D_NQ_NP_799180-MLA116612554696_092026-O.webp","ARS","166299","","",,,,,"Libro: Kristallnacht: The Nazi Terror That Began The (the","Mismo precio 6 cuotas de 27716","",,"true",,"","false","MLA2120699333","MLA2120699333","","MLAU5251932739","MLAU5251932739","ORGANIC","false","false","libros de terror","","","491","+9.999 resultados","https://articulo.mercadolibre.com.ar/MLA-2120699333","Envío gratis","","","","","MLA412445","MLA-BOOKS","","CORE","CORE","","2026-09-26T20:39:50.863Z",
"https://http2.mlstatic.com/D_NQ_NP_863607-MLA116626531776_092026-O.webp","ARS","97430","","",,,,,"A Pilot's Tale: Terror, Luck, Africa, And Angels - Andy Walk","6 cuotas de 21920","",,"true",,"","false","MLA2121164195","MLA2121164195","","MLAU5292432556","MLAU5292432556","ORGANIC","false","false","libros de terror","","","492","+9.999 resultados","https://articulo.mercadolibre.com.ar/MLA-2121164195","Envío gratis","","","","","MLA412445","MLA-BOOKS","","CORE","CORE","","2026-09-26T20:39:50.863Z",
"https://http2.mlstatic.com/D_NQ_NP_673229-MLA54294370710_032023-O.webp","ARS","16999","","",,,,,"Sanctify 01 - Godsstation","","","50","true","true","ENTELEQUIA Tienda oficial","true","MLA22214961","MLA1366789031","MLA22214961","MLAU224763143","MLA22214961","ORGANIC","false","false","libros de terror","5.0","15","493","+9.999 resultados","https://articulo.mercadolibre.com.ar/MLA-1366789031","Llega gratis el lunes","","","","","MLA412445","MLA-BOOKS","","CORE","CORE","","2026-09-26T20:39:50.863Z",
"https://http2.mlstatic.com/D_NQ_NP_692776-MLA107485196301_022026-O.webp","ARS","26080","","",,,,,"Libro Los Relojes - Agatha Christie, De Agatha Christie. Editorial Booket, Tapa Blanda, En Castellano","","",,"false","true","LIBRENTA Tienda oficial","true","MLA65892232","MLA2898154420","MLA65892232","MLAU3647616322","MLA65892232","ORGANIC","false","false","libros de terror","","","494","+9.999 resultados","https://articulo.mercadolibre.com.ar/MLA-2898154420","","","","","","MLA412445","MLA-BOOKS","","CORE","CORE","","2026-09-26T20:39:50.863Z",
"https://http2.mlstatic.com/D_NQ_NP_937790-MLA85075727923_052025-O.webp","ARS","22381","","",,,,,"Terror En El Titanic: Elige Tu Propia Aventura, De Wallace, Jim., Vol. 1. Editorial Molino, Tapa Blanda En Español, 2025","","",,"false","true","LIBRENTA Tienda oficial","true","MLA50294181","MLA1514304203","MLA50294181","MLAU3355711834","MLA50294181","ORGANIC","false","false","libros de terror","","","495","+9.999 resultados","https://articulo.mercadolibre.com.ar/MLA-1514304203","","","","","","MLA412445","MLA-BOOKS","","CORE","CORE","","2026-09-26T20:39:50.864Z",
"https://http2.mlstatic.com/D_NQ_NP_802518-MLA79465373916_102024-O.webp","ARS","27140","29500","8% OFF",,,,,"El Retrato De Dorian Gray, De Oscar Wilde. Editorial Del Fondo Editorial, Tapa Blanda En Español, 2023","","","25","false","true","Yenny El Ateneo Tienda oficial","true","MLA41386452","MLA1958591186","MLA41386452","MLAU244303187","MLA41386452","ORGANIC","false","false","libros de terror","5.0","4","496","+9.999 resultados","https://articulo.mercadolibre.com.ar/MLA-1958591186","","ÚLTIMAS 3 | ÚLTIMAS UNIDADES","","","","MLA412445","MLA-BOOKS","","CORE","CORE","","2026-09-26T20:39:50.864Z",
"https://http2.mlstatic.com/D_NQ_NP_922043-MLA29748565989_032019-O.webp","ARS","21850","","",,,,,"Black Paradox - Junji Ito - Ivrea","","",,"false",,"","false","MLA778014003","MLA778014003","","MLAU278786591","MLAU278786591","ORGANIC","false","false","libros de terror","","1","497","+9.999 resultados","https://articulo.mercadolibre.com.ar/MLA-778014003","","ÚLTIMAS 2 | ÚLTIMAS UNIDADES","","","","MLA412445","MLA-BOOKS","","CORE","CORE","","2026-09-26T20:39:50.864Z",
"https://http2.mlstatic.com/D_NQ_NP_975869-MLM46927077326_072021-O.webp","ARS","28761","","",,,,,"Libro El Rey De Amarillo [ Relatos Macabros Y Terroríficos ]","","",,"false","true","MASLIBROS Tienda oficial","true","MLA19959845","MLA1459226340","MLA19959845","MLAU140894953","MLA19959845","ORGANIC","false","false","libros de terror","","","498","+9.999 resultados","https://articulo.mercadolibre.com.ar/MLA-1459226340","","","","","","MLA412445","MLA-BOOKS","","CORE","CORE","","2026-09-26T20:40:58.960Z",
"https://http2.mlstatic.com/D_NQ_NP_626645-MLA109401860650_042026-O.webp","ARS","43900","","",,,,,"Frankenstein O El Moderno Prometeo (edición Cantos Tintados)","","",,"true","true","","false","MLA67801440","MLA1841368939","MLA67801440","MLAU4116262696","MLA67801440","ORGANIC","false","false","libros de terror","","","499","+9.999 resultados","https://articulo.mercadolibre.com.ar/MLA-1841368939","Envío gratis","","","","","MLA412445","MLA-BOOKS","","CORE","CORE","","2026-09-26T20:40:58.960Z",
"https://http2.mlstatic.com/D_NQ_NP_909450-MLA98079533676_112025-O.webp","ARS","9499","","",,,,,"Tokyo Underworld, De Kenji Sakaki, Vol. 3. Editorial Ivrea Argentina (2025)","","",,"false","true","","false","MLA62236998","MLA1651696219","MLA62236998","MLAU3559491801","MLA62236998","ORGANIC","false","false","libros de terror","","","500","+9.999 resultados","https://articulo.mercadolibre.com.ar/MLA-1651696219","Llega el lunes","","","","","MLA412445","MLA-BOOKS","","CORE","CORE","","2026-09-26T20:40:58.960Z",
"https://http2.mlstatic.com/D_NQ_NP_990969-MLA32706557610_102019-O.webp","ARS","8930","","",,,,,"La Trama Del Miedo - Serie Negra, de Drennen, Olga Noemi. Editorial Quipu, tapa blanda en español","","","25","false","true","","false","MLA22224088","MLA1561241269","MLA22224088","MLAU3505645794","MLA22224088","ORGANIC","false","false","libros de terror","4.5","","501","+9.999 resultados","https://articulo.mercadolibre.com.ar/MLA-1561241269","Llega el lunes","","","","","MLA412445","MLA-BOOKS","","CORE","CORE","","2026-09-26T20:40:58.960Z",
"https://http2.mlstatic.com/D_NQ_NP_933047-MLU74001560206_012024-O.webp","ARS","4390","","",,,,,"El Fantasma Malvado (letra Mayuscula) - Col. Terrible Terror","","","50","false","true","","false","MLA22066707","MLA1488070090","MLA22066707","MLAU203351434","MLA22066707","ORGANIC","false","false","libros de terror","5.0","2","502","+9.999 resultados","https://articulo.mercadolibre.com.ar/MLA-1488070090","Llega el lunes","","","","","MLA412445","MLA-BOOKS","","CORE","CORE","","2026-09-26T20:40:58.960Z",
"https://http2.mlstatic.com/D_NQ_NP_750037-MLA71277054273_082023-O.webp","ARS","58702","","",,,,,"En Las Montañas De La Locura Vol 1, De H.p. Lovecraft. Editorial Minotauro En Español","6 cuotas de 13206","","25","true","true","MASLIBROS Tienda oficial","true","MLA26490143","MLA1388526839","MLA26490143","MLAU143268888","MLA26490143","ORGANIC","false","false","libros de terror","4.8","8","503","+9.999 resultados","https://articulo.mercadolibre.com.ar/MLA-1388526839","Envío gratis","","","","","MLA412445","MLA-BOOKS","","CORE","CORE","","2026-09-26T20:40:58.960Z",
"https://http2.mlstatic.com/D_NQ_NP_989998-MLA102452004631_122025-O.webp","ARS","46900","","",,,,,"Libro Drácula, De Bram Stoker, Vol. 1. Editorial Penguin Clásicos, Tapa Dura","6 cuotas de 10551","",,"true","true","","false","MLA63486813","MLA1778123995","MLA63486813","MLAU3951977076","MLA63486813","ORGANIC","false","false","libros de terror","","","504","+9.999 resultados","https://articulo.mercadolibre.com.ar/MLA-1778123995","Envío gratis","ÚLTIMAS 3 | ÚLTIMAS UNIDADES","","","","MLA412445","MLA-BOOKS","","CORE","CORE","","2026-09-26T20:40:58.960Z",
"https://http2.mlstatic.com/D_NQ_NP_656477-MLA114666979629_072026-O.webp","ARS","33000","","",,,,,"Libros De Terror Y Misterio Pack Oferta Por 5 Libros","","",,"true",,"","false","MLA1900460381","MLA1900460381","","MLAU4324580925","MLAU4324580925","ORGANIC","false","false","libros de terror","","","505","+9.999 resultados","https://articulo.mercadolibre.com.ar/MLA-1900460381","Llega gratis el lunes","","","","","MLA412445","MLA-BOOKS","","CORE","CORE","","2026-09-26T20:40:58.960Z",
"https://http2.mlstatic.com/D_NQ_NP_995392-MLA25827417770_082017-O.webp","ARS","5200","","",,,,,"El Abismo En El Tiempo - Lovecraft Howard P.","","",,"false","true","","false","MLA22067878","MLA2803224058","MLA22067878","MLAU3745285561","MLA22067878","ORGANIC","false","false","libros de terror","","","506","+9.999 resultados","https://articulo.mercadolibre.com.ar/MLA-2803224058","Llega el lunes","","","","","MLA412445","MLA-BOOKS","","CORE","CORE","","2026-09-26T20:40:58.960Z",
"https://http2.mlstatic.com/D_NQ_NP_726839-MLA80822054000_122024-O.webp","ARS","61270","","",,,,,"Pack Blackwater - La Riada + El Dique: La Riada; El Dique, De Michael Mcdowell. Blackwater Editorial Blackie Books, Tapa Blanda, Edición 1 En Español, 2024","6 cuotas de 13784","","50","true","true","Librería Palito Tienda oficial","true","MLA44323682","MLA3539947060","MLA44323682","MLAU2863413851","MLA44323682","ORGANIC","false","false","libros de terror","4.9","","507","+9.999 resultados","https://articulo.mercadolibre.com.ar/MLA-3539947060","Envío gratis","","","","","MLA412445","MLA-BOOKS","","CORE","CORE","","2026-09-26T20:40:58.960Z",
"https://http2.mlstatic.com/D_NQ_NP_653788-MLU74114089470_012024-O.webp","ARS","41895","","",,,,,"Los Inamovibles Y Otros Relatos De Atrocidad, Deformidad, Horrror Y Depresion, De Shipley, Gary J.. Editorial Holobionte En Español","","",,"true","true","","false","MLA30195080","MLA1571640175","MLA30195080","MLAU3344513113","MLA30195080","ORGANIC","false","false","libros de terror","","","508","+9.999 resultados","https://articulo.mercadolibre.com.ar/MLA-1571640175","Llega gratis el lunes","","","","","MLA412445","MLA-BOOKS","","CORE","CORE","","2026-09-26T20:40:58.960Z",
"https://http2.mlstatic.com/D_NQ_NP_765447-MLA80600808071_112024-O.webp","ARS","16110","","",,,,,"Siete Grandes Cuentos De Terror - Autores Varios","","",,"true","true","Ribera Libros Tienda oficial","true","MLA21128755","MLA2209581502","MLA21128755","MLAU3336348990","MLA21128755","ORGANIC","false","false","libros de terror","","","509","+9.999 resultados","https://articulo.mercadolibre.com.ar/MLA-2209581502","Llega gratis el lunes","","","","","MLA412445","MLA-BOOKS","","CORE","CORE","","2026-09-26T20:40:58.960Z",
"https://http2.mlstatic.com/D_NQ_NP_848000-MLU69940231356_062023-O.webp","ARS","18889","","",,,,,"Howard Phillips Lovecraft Hongos de Yuggoth y otros poemas fantásticos Editorial Valdemar","","",,"false","true","LIBRENTA Tienda oficial","true","MLA23979088","MLA3131071594","MLA23979088","MLAU3881768506","MLA23979088","ORGANIC","false","false","libros de terror","","2","510","+9.999 resultados","https://articulo.mercadolibre.com.ar/MLA-3131071594","Llega mañana Enviado por FULL","","","","","MLA412445","MLA-BOOKS","","CORE","CORE","","2026-09-26T20:40:58.961Z",
"https://http2.mlstatic.com/D_NQ_NP_845991-MLA28097513432_092018-O.webp","ARS","43190","","",,,,,"Fuerzas especiales en la guerra contra el terror, de Leigh Neville. Editorial LIBSA, tapa dura en español, 2016","Mismo precio 3 cuotas de 14396","",,"true","true","","false","MLA22184162","MLA1968984352","MLA22184162","MLAU132617124","MLA22184162","ORGANIC","false","false","libros de terror","","","511","+9.999 resultados","https://articulo.mercadolibre.com.ar/MLA-1968984352","Llega gratis el lunes","","","","","MLA412445","MLA-BOOKS","","CORE","CORE","","2026-09-26T20:40:58.961Z",
"https://http2.mlstatic.com/D_NQ_NP_789765-MLA112662246901_062026-O.webp","ARS","25000","","",,,,,"Betwixt: Una Antología De Manga De Terror - Shima Shinya","","",,"false","true","","false","MLA71703886","MLA1869376095","MLA71703886","MLAU4213078030","MLA71703886","ORGANIC","false","false","libros de terror","","","512","+9.999 resultados","https://articulo.mercadolibre.com.ar/MLA-1869376095","","","","","","MLA412445","MLA-BOOKS","","CORE","CORE","","2026-09-26T20:40:58.961Z",
"https://http2.mlstatic.com/D_NQ_NP_958091-MLU52836606276_122022-O.webp","ARS","49800","","",,,,,"Los Aviones Del Terror Historia De Los Bombarderos","6 cuotas de 11204","",,"true","true","Zivals Tienda oficial","true","MLA21547367","MLA1465359654","MLA21547367","MLAU153181645","MLA21547367","ORGANIC","false","false","libros de terror","","1","513","+9.999 resultados","https://articulo.mercadolibre.com.ar/MLA-1465359654","Llega gratis el lunes","","","","","MLA412445","MLA-BOOKS","","CORE","CORE","","2026-09-26T20:40:58.961Z",
"https://http2.mlstatic.com/D_NQ_NP_697999-MLA111998478126_062026-O.webp","ARS","18900","","",,,,,"Libro Maleficio - Stephen King","","",,"false","true","","false","MLA73382006","MLA3876535286","MLA73382006","MLAU4996615780","MLA73382006","ORGANIC","false","false","libros de terror","","","514","+9.999 resultados","https://articulo.mercadolibre.com.ar/MLA-3876535286","","","","","","MLA412445","MLA-BOOKS","","CORE","CORE","","2026-09-26T20:40:58.961Z",
"https://http2.mlstatic.com/D_NQ_NP_737081-MLU70670401904_072023-O.webp","ARS","26000","","",,,,,"Libro Una Educación Mortal - Naomi Novik","","","500","true","true","","false","MLA19880453","MLA3700067462","MLA19880453","MLAU4522780832","MLA19880453","ORGANIC","false","false","libros de terror","4.8","","515","+9.999 resultados","https://articulo.mercadolibre.com.ar/MLA-3700067462","Llega gratis el lunes","","","","","MLA412445","MLA-BOOKS","","CORE","CORE","","2026-09-26T20:40:58.961Z",
"https://http2.mlstatic.com/D_NQ_NP_750008-MLA83038144947_032025-O.webp","ARS","23830","25324,65","5% OFF",,,,,"War The - Blackwater Iv, De Mcdowell, Michael., Tapa Blanda En Inglés","","",,"true","true","SBS Librerias Tienda oficial","true","MLA47089369","MLA2034209276","MLA47089369","MLAU3060273018","MLA47089369","ORGANIC","false","false","libros de terror","","1","516","+9.999 resultados","https://articulo.mercadolibre.com.ar/MLA-2034209276","Llega gratis el lunes","","","","","MLA412445","MLA-BOOKS","","CORE","CORE","","2026-09-26T20:40:58.961Z",
"https://http2.mlstatic.com/D_NQ_NP_966214-MLA108572753970_032026-O.webp","ARS","14000","","",,,,,"Libro Cuentos De Terror Antologia, De Lovecraft Stoker Chejov Etc, Vol. No. Editorial Andres Bello, Tapa Blanda ( 1995)","","",,"false","true","","false","MLA67095594","MLA1846024741","MLA67095594","MLAU4133517696","MLA67095594","ORGANIC","false","false","libros de terror","","","517","+9.999 resultados","https://articulo.mercadolibre.com.ar/MLA-1846024741","","","","","","MLA412445","MLA-BOOKS","","CORE","CORE","","2026-09-26T20:40:58.961Z",
"https://http2.mlstatic.com/D_NQ_NP_944859-MLA112586753463_062026-O.webp","ARS","39150","","",,,,,"Camp Damascus - Tingle, Chuck","","",,"true","true","Bookear Tienda oficial","true","MLA70686699","MLA1825176097","MLA70686699","MLAU3900826378","MLA70686699","ORGANIC","false","false","libros de terror","","1","518","+9.999 resultados","https://articulo.mercadolibre.com.ar/MLA-1825176097","Envío gratis","","","","","MLA412445","MLA-BOOKS","","CORE","CORE","","2026-09-26T20:40:58.961Z",
"https://http2.mlstatic.com/D_NQ_NP_913248-MLU70653137661_072023-O.webp","ARS","82366","","",,,,,"El Terror Bolivariano, De Victoria Wilches, Pablo. Editorial La Esfera De Los Libros, S.l., Tapa Dura En Español","6 cuotas de 18530","",,"true","true","LIBRENTA Tienda oficial","true","MLA24759911","MLA2224936090","MLA24759911","MLAU3351783350","MLA24759911","ORGANIC","false","false","libros de terror","","","519","+9.999 resultados","https://articulo.mercadolibre.com.ar/MLA-2224936090","Envío gratis","","","","","MLA412445","MLA-BOOKS","","CORE","CORE","","2026-09-26T20:40:58.961Z",
"https://http2.mlstatic.com/D_NQ_NP_988186-MLA112686015663_062026-O.webp","ARS","27160","","",,,,,"Libro Mujer De La Habitacion 11,la, De Ware, Ruth, Vol. 1. Editorial Newton Compton Editores, Tapa Blanda (2026)","","",,"false","true","MASLIBROS Tienda oficial","true","MLA71893306","MLA3995198802","MLA71893306","MLAU3932886796","MLA71893306","ORGANIC","false","false","libros de terror","","","520","+9.999 resultados","https://articulo.mercadolibre.com.ar/MLA-3995198802","","","","","","MLA412445","MLA-BOOKS","","CORE","CORE","","2026-09-26T20:40:58.961Z",
"https://http2.mlstatic.com/D_NQ_NP_784608-MLU74067464494_012024-O.webp","ARS","41399","45999","10% OFF",,,,,"La casa de la noche, de Jo Nesbø. Editorial Reservoir Books, tapa blanda en español, 2024","","","25","true","true","NADIR LIBROS Tienda oficial","true","MLA29805851","MLA1437933625","MLA29805851","MLAU262726623","MLA29805851","ORGANIC","false","false","libros de terror","5.0","","521","+9.999 resultados","https://articulo.mercadolibre.com.ar/MLA-1437933625","Envío gratis","","","","","MLA412445","MLA-BOOKS","","CORE","CORE","","2026-09-26T20:40:58.961Z",
"https://http2.mlstatic.com/D_NQ_NP_798445-MLA73667522709_122023-O.webp","ARS","50348","","",,,,,"Un Vecino Anormal  -  Ladron Del Chocolate + Casa Del Terror","6 cuotas de 11327","",,"true",,"VENTADELIBROSCOMAR PALERMO Tienda oficial","true","MLA1612044072","MLA1612044072","","MLAU246375627","MLAU246375627","ORGANIC","false","false","libros de terror","","2","522","+9.999 resultados","https://articulo.mercadolibre.com.ar/MLA-1612044072","Llega gratis el lunes","ÚLTIMAS 2 | ÚLTIMAS UNIDADES","","","","MLA412445","MLA-BOOKS","","CORE","CORE","","2026-09-26T20:40:58.961Z",
"https://http2.mlstatic.com/D_NQ_NP_996045-MLA45996240479_052021-O.webp","ARS","44000","","",,,,,"Ivrea - Tomie #1 Y #2 Historia Completa - Junji Ito - Nuevo!","","","100","true",,"","false","MLA920569374","MLA920569374","","MLAU203346821","MLAU203346821","ORGANIC","false","false","libros de terror","5.0","17","523","+9.999 resultados","https://articulo.mercadolibre.com.ar/MLA-920569374","Llega gratis el lunes","","","","","MLA412445","MLA-BOOKS","","CORE","CORE","","2026-09-26T20:40:58.961Z",
"https://http2.mlstatic.com/D_NQ_NP_791691-MLA110523670181_042026-O.webp","ARS","23594","25073,69","5% OFF",,,,,"Outsider, The","","",,"true","true","SBS Librerias Tienda oficial","true","MLA68170246","MLA3923324460","MLA68170246","MLAU3811989766","MLA68170246","ORGANIC","false","false","libros de terror","","","524","+9.999 resultados","https://articulo.mercadolibre.com.ar/MLA-3923324460","Llega gratis el lunes","","","","","MLA412445","MLA-BOOKS","","CORE","CORE","","2026-09-26T20:40:58.961Z",
"https://http2.mlstatic.com/D_NQ_NP_920824-MLA75497165651_032024-O.webp","ARS","71797","76299","5% OFF",,,,,"El Terror","Mismo precio 3 cuotas de 23932","",,"true",,"SBS Librerias Tienda oficial","true","MLA788215048","MLA788215048","","MLAU280299645","MLAU280299645","ORGANIC","false","false","libros de terror","","1","525","+9.999 resultados","https://articulo.mercadolibre.com.ar/MLA-788215048","Envío gratis","ÚLTIMAS 2 | ÚLTIMAS UNIDADES","","","","MLA412445","MLA-BOOKS","","CORE","CORE","","2026-09-26T20:40:58.965Z",
"https://http2.mlstatic.com/D_NQ_NP_768810-MLC47436181830_092021-O.webp","ARS","11850","","",,,,,"Antología De Relatos De Terror H. P. Lovecraft","","",,"false","true","MIARCADE ARGENTINA Tienda oficial","true","MLA21084978","MLA1455978327","MLA21084978","MLAU2420813280","MLA21084978","ORGANIC","false","false","libros de terror","","","526","+9.999 resultados","https://articulo.mercadolibre.com.ar/MLA-1455978327","Llega el lunes","","","","","MLA412445","MLA-BOOKS","","CORE","CORE","","2026-09-26T20:40:58.965Z",
"https://http2.mlstatic.com/D_NQ_NP_703567-MLA85434015782_062025-O.webp","ARS","47040","","",,,,,"Hogar, Dulce Hogar, De Hino, Hideshi. 1560, Vol. 1. Editorial La Cupula, Tapa Blanda En Castellano, 2025","6 cuotas de 10583","",,"true","true","UBIK Libros Comics Tienda oficial","true","MLA51025546","MLA2145932330","MLA51025546","MLAU3266210672","MLA51025546","ORGANIC","false","false","libros de terror","","","527","+9.999 resultados","https://articulo.mercadolibre.com.ar/MLA-2145932330","Llega gratis el lunes","","","","","MLA412445","MLA-BOOKS","","CORE","CORE","","2026-09-26T20:40:58.965Z",
"https://http2.mlstatic.com/D_NQ_NP_737808-MLA111531578520_062026-O.webp","ARS","10351","11000","5% OFF",,,,,"Tokyo Underworld 05 - Kenji Sakaki - Ivrea Argentina","","",,"false","true","SBS Librerias Tienda oficial","true","MLA70842227","MLA3756571864","MLA70842227","MLAU3962554391","MLA70842227","ORGANIC","false","false","libros de terror","","","528","+9.999 resultados","https://articulo.mercadolibre.com.ar/MLA-3756571864","Llega el lunes","","","","","MLA412445","MLA-BOOKS","","CORE","CORE","","2026-09-26T20:40:58.965Z",
"https://http2.mlstatic.com/D_NQ_NP_676569-MLA87782849050_072025-O.webp","ARS","30510","33900","10% OFF",,,,,"Microcentro. 9 Cuentos De Terror, De Varios Autores., Vol. 1. Editorial Emecé, Tapa Blanda En Español, 2025","","",,"false","true","NADIR LIBROS Tienda oficial","true","MLA52681379","MLA3540810682","MLA52681379","MLAU3913636132","MLA52681379","ORGANIC","false","false","libros de terror","","","529","+9.999 resultados","https://articulo.mercadolibre.com.ar/MLA-3540810682","","","","","","MLA412445","MLA-BOOKS","","CORE","CORE","","2026-09-26T20:40:58.965Z",
"https://http2.mlstatic.com/D_NQ_NP_901784-MLA112670991441_062026-O.webp","ARS","55611","","",,,,,"El Exorcista - William Peter Blatty","6 cuotas de 12511","",,"true","true","","false","MLA71769744","MLA3714491578","MLA71769744","MLAU4538541083","MLA71769744","ORGANIC","false","false","libros de terror","","","530","+9.999 resultados","https://articulo.mercadolibre.com.ar/MLA-3714491578","Envío gratis","","","","","MLA412445","MLA-BOOKS","","CORE","CORE","","2026-09-26T20:40:58.965Z",
"https://http2.mlstatic.com/D_NQ_NP_605570-MLA43023581130_082020-O.webp","ARS","27290","29663","7% OFF",,,,,"Vathek William Beckford Alianza Editorial","","",,"false","true","Yenny El Ateneo Tienda oficial","true","MLA20925022","MLA1929728737","MLA20925022","MLAU4445874697","MLA20925022","ORGANIC","false","false","libros de terror","","2","531","+9.999 resultados","https://articulo.mercadolibre.com.ar/MLA-1929728737","","","","","","MLA412445","MLA-BOOKS","","CORE","CORE","","2026-09-26T20:40:58.965Z",
"https://http2.mlstatic.com/D_NQ_NP_826607-MLU73253131804_122023-O.webp","ARS","47999","","",,,,,"Libro Misery, de King, Stephen. Editorial Debolsillo en español, 2007","6 cuotas de 10798","","100","false","true","Cúspide Tienda oficial","true","MLA20593127","MLA1882748473","MLA20593127","MLAU4264306672","MLA20593127","ORGANIC","false","false","libros de terror","4.8","","532","+9.999 resultados","https://articulo.mercadolibre.com.ar/MLA-1882748473","","","","","","MLA412445","MLA-BOOKS","","CORE","CORE","","2026-09-26T20:40:58.965Z",
"https://http2.mlstatic.com/D_NQ_NP_678711-MLA82142551096_022025-O.webp","ARS","31505","","",,,,,"Libro Instituto, El /stephen King","","",,"false","true","MASLIBROS Tienda oficial","true","MLA22106913","MLA1381316109","MLA22106913","MLAU143520370","MLA22106913","ORGANIC","false","false","libros de terror","","1","533","+9.999 resultados","https://articulo.mercadolibre.com.ar/MLA-1381316109","","","","","","MLA412445","MLA-BOOKS","","CORE","CORE","","2026-09-26T20:40:58.965Z",
"https://http2.mlstatic.com/D_NQ_NP_846792-MLA109376109529_032026-O.webp","ARS","26999","","",,,,,"All Of Us Are Dead 1, De Joo Dong-geun, Vol. 1. Editorial Panini España (2025)","","",,"true","true","ENTELEQUIA Tienda oficial","true","MLA67088587","MLA3611229374","MLA67088587","MLAU3692334242","MLA67088587","ORGANIC","false","false","libros de terror","","","534","+9.999 resultados","https://articulo.mercadolibre.com.ar/MLA-3611229374","Llega gratis el lunes","","","","","MLA412445","MLA-BOOKS","","CORE","CORE","","2026-09-26T20:40:58.965Z",
"https://http2.mlstatic.com/D_NQ_NP_751062-MLA29963950030_042019-O.webp","ARS","22800","","",,,,,"Gyo Completa 2 Tomos - Junji Ito - Ivrea","","",,"false",,"","false","MLA781815427","MLA781815427","","MLAU280329282","MLAU280329282","ORGANIC","false","false","libros de terror","","5","535","+9.999 resultados","https://articulo.mercadolibre.com.ar/MLA-781815427","","¡ÚLTIMA! | ÚLTIMA UNIDAD","","","","MLA412445","MLA-BOOKS","","CORE","CORE","","2026-09-26T20:40:58.965Z",
"https://http2.mlstatic.com/D_NQ_NP_847727-MLA42829164232_072020-O.webp","ARS","6500","","",,,,,"En La Noche De Los Tiempos - H . P . Lovecraft","","","100","false","true","PYQ Tienda oficial","true","MLA21081027","MLA1869369897","MLA21081027","MLAU4192081195","MLA21081027","ORGANIC","false","false","libros de terror","4.7","","536","+9.999 resultados","https://articulo.mercadolibre.com.ar/MLA-1869369897","Llega el lunes","","","","","MLA412445","MLA-BOOKS","","CORE","CORE","","2026-09-26T20:40:58.965Z",
"https://http2.mlstatic.com/D_NQ_NP_687457-MLC45758460120_042021-O.webp","ARS","32900","","",,,,,"Cuentos De Terror - Alberto Laiseca","","",,"true","true","Libros del Camino Tienda oficial","true","MLA22093620","MLA3013070388","MLA22093620","MLAU193596441","MLA22093620","ORGANIC","false","false","libros de terror","","","537","+9.999 resultados","https://articulo.mercadolibre.com.ar/MLA-3013070388","Llega gratis el lunes","","","","","MLA412445","MLA-BOOKS","","CORE","CORE","","2026-09-26T20:40:58.965Z",
"https://http2.mlstatic.com/D_NQ_NP_934952-MLA25972298401_092017-O.webp","ARS","19924","","",,,,,"Libro Relatos Fantasticos De Howard Phillip Lovecraft","","2000 ARS OFF con Cupón",,"true","true","","false","MLA21200280","MLA1741098209","MLA21200280","MLAU3897374662","MLA21200280","ORGANIC","false","false","libros de terror","","","538","+9.999 resultados","https://articulo.mercadolibre.com.ar/MLA-1741098209","Llega gratis hoy","","","","","MLA412445","MLA-BOOKS","","CORE","CORE","","2026-09-26T20:40:58.965Z",
"https://http2.mlstatic.com/D_NQ_NP_862221-MLA95474541799_102025-O.webp","ARS","87029","","",,,,,"Libro Prevencion De Lavado De Activos Y Financiamiento Del Terrorismo, De Farrés Pablo. Editorial Nova Tesis, Tapa Blanda (2025)","6 cuotas de 19580","",,"true","true","","false","MLA60372449","MLA1566971925","MLA60372449","MLAU3467151812","MLA60372449","ORGANIC","false","false","libros de terror","","","539","+9.999 resultados","https://articulo.mercadolibre.com.ar/MLA-1566971925","Llega gratis el lunes","","","","","MLA412445","MLA-BOOKS","","CORE","CORE","","2026-09-26T20:40:58.966Z",
"https://http2.mlstatic.com/D_NQ_NP_893887-MLM49074199502_022022-O.webp","ARS","33300","","",,,,,"Libro Verano Negro","","",,"true","true","Zivals Tienda oficial","true","MLA22142297","MLA1983875818","MLA22142297","MLAU2908441595","MLA22142297","ORGANIC","false","false","libros de terror","","2","540","+9.999 resultados","https://articulo.mercadolibre.com.ar/MLA-1983875818","Llega gratis el lunes","ÚLTIMAS 2 | ÚLTIMAS UNIDADES","","","","MLA412445","MLA-BOOKS","","CORE","CORE","","2026-09-26T20:40:58.966Z",
"https://http2.mlstatic.com/D_NQ_NP_821900-MLU74138742774_012024-O.webp","ARS","54782","","",,,,,"Mi Corazón Es Una Motosierra, De Jones, Stephen Graham. Editorial Carfax, Tapa Blanda, Edición 1 En Castellano, 2023","6 cuotas de 12325","",,"true","true","LIBERATE Tienda oficial","true","MLA30421548","MLA1701665608","MLA30421548","MLAU144550862","MLA30421548","ORGANIC","false","false","libros de terror","","2","541","+9.999 resultados","https://articulo.mercadolibre.com.ar/MLA-1701665608","Envío gratis","","","","","MLA412445","MLA-BOOKS","","CORE","CORE","","2026-09-26T20:40:58.966Z",
"https://http2.mlstatic.com/D_NQ_NP_696183-MLA111541757308_062026-O.webp","ARS","39522","42000","5% OFF",,,,,"Flash Vol. 3: Conflicto Elemental - William M. - Ovni Press","Mismo precio 3 cuotas de 13174","","25","true","true","SBS Librerias Tienda oficial","true","MLA71111978","MLA1891025195","MLA71111978","MLAU4206309014","MLA71111978","ORGANIC","false","false","libros de terror","4.6","","542","+9.999 resultados","https://articulo.mercadolibre.com.ar/MLA-1891025195","Llega gratis el lunes","","","","","MLA412445","MLA-BOOKS","","CORE","CORE","","2026-09-26T20:40:58.966Z",
"https://http2.mlstatic.com/D_NQ_NP_790305-MLU32169087580_092019-O.webp","ARS","7000","","",,,,,"Libro: La Guarida Del Gusano Blanco / Bram Stoker","","",,"false","true","","false","MLA21171989","MLA1504422980","MLA21171989","MLAU260377268","MLA21171989","ORGANIC","false","false","libros de terror","","","543","+9.999 resultados","https://articulo.mercadolibre.com.ar/MLA-1504422980","Llega el lunes","","","","","MLA412445","MLA-BOOKS","","CORE","CORE","","2026-09-26T20:40:58.966Z",
"https://http2.mlstatic.com/D_NQ_NP_966519-MLA99558123448_122025-O.webp","ARS","8000","","",,,,,"El Terror De Los Maridos, De Ana Rosenfeld. Editorial Planeta En Español","","","25","false","true","Libros del Camino Tienda oficial","true","MLA23636407","MLA2097867443","MLA23636407","MLAU3517616034","MLA23636407","ORGANIC","false","false","libros de terror","5.0","","544","+9.999 resultados","https://articulo.mercadolibre.com.ar/MLA-2097867443","Llega el lunes","","","","","MLA412445","MLA-BOOKS","","CORE","CORE","","2026-09-26T20:40:58.966Z",
"https://http2.mlstatic.com/D_NQ_NP_784054-MLA99522100286_122025-O.webp","ARS","30360","33000","8% OFF",,,,,"Las Cronicas De Harris Burdick - 14 Maravillosos Autores Cue","","","25","true","true","La Revistería Comics Tienda oficial","true","MLA21082570","MLA1394138165","MLA21082570","MLAU255450982","MLA21082570","ORGANIC","false","false","libros de terror","5.0","","545","+9.999 resultados","https://articulo.mercadolibre.com.ar/MLA-1394138165","Llega gratis mañana","","","","","MLA412445","MLA-BOOKS","","CORE","CORE","","2026-09-26T20:40:58.966Z",
"https://http2.mlstatic.com/D_NQ_NP_945978-MLA79711235645_102024-O.webp","ARS","28336","30800","8% OFF",,,,,"El Que Susurra En La Oscuridad Y Otras Crónicas Tenebrosas / Pd.: Y Otras Crónicas Tenebrosas, De Lovecraft, Howard Phillips., Vol. 1. Editorial Mirlo, Tapa Dura, Edición 01 En Español, 2012","","",,"false","true","Yenny El Ateneo Tienda oficial","true","MLA41380969","MLA1531451377","MLA41380969","MLAU3412421429","MLA41380969","ORGANIC","false","false","libros de terror","","","546","+9.999 resultados","https://articulo.mercadolibre.com.ar/MLA-1531451377","","","","","","MLA412445","MLA-BOOKS","","CORE","CORE","","2026-09-26T20:41:27.587Z",
"https://http2.mlstatic.com/D_NQ_NP_954776-MLA109324662849_032026-O.webp","ARS","22000","","",,,,,"Libro Colorado Kid, De Stephen King. Editorial Sudamericana, Tapa Blanda","","",,"false","true","","false","MLA67051803","MLA3112879904","MLA67051803","MLAU3063828615","MLA67051803","ORGANIC","false","false","libros de terror","","","547","+9.999 resultados","https://articulo.mercadolibre.com.ar/MLA-3112879904","","","","","","MLA412445","MLA-BOOKS","","CORE","CORE","","2026-09-26T20:41:27.587Z",
"https://http2.mlstatic.com/D_NQ_NP_961327-MLU70461512328_072023-O.webp","ARS","39600","","",,,,,"Narraciones Extraordinarias, De Edgar Allan Poe. Editorial Valdemar En Español","","",,"true","true","Libreria Hernandez Tienda oficial","true","MLA24528479","MLA1363897381","MLA24528479","MLAU137050262","MLA24528479","ORGANIC","false","false","libros de terror","","1","548","+9.999 resultados","https://articulo.mercadolibre.com.ar/MLA-1363897381","Llega gratis el lunes","","","","","MLA412445","MLA-BOOKS","","CORE","CORE","","2026-09-26T20:41:27.587Z",
"https://http2.mlstatic.com/D_NQ_NP_670778-MLA44012492202_112020-O.webp","ARS","32652","34700","5% OFF",,,,,"Historias De Terror - Liz Phair - Editorial Contra","","",,"true","true","SBS Librerias Tienda oficial","true","MLA22092370","MLA1496216892","MLA22092370","MLAU263500139","MLA22092370","ORGANIC","false","false","libros de terror","","","549","+9.999 resultados","https://articulo.mercadolibre.com.ar/MLA-1496216892","Llega gratis el lunes","","","","","MLA412445","MLA-BOOKS","","CORE","CORE","","2026-09-26T20:41:27.587Z",
"https://http2.mlstatic.com/D_NQ_NP_968999-MLA99562815194_122025-O.webp","ARS","41110","","",,,,,"Nuevos Cuentos De Los Mitos De Cthulhu, De Vv. Aa.. Editorial Valdemar, Tapa Blanda En Español, 2021","","",,"true","true","MASLIBROS Tienda oficial","true","MLA23664169","MLA1381342985","MLA23664169","MLAU145570129","MLA23664169","ORGANIC","false","false","libros de terror","","1","550","+9.999 resultados","https://articulo.mercadolibre.com.ar/MLA-1381342985","Envío gratis","","","","","MLA412445","MLA-BOOKS","","CORE","CORE","","2026-09-26T20:41:27.587Z",
"https://http2.mlstatic.com/D_NQ_NP_710196-MLA49002436402_022022-O.webp","ARS","33000","","",,,,,"The Monsters Of Men - Caos Walking Trilogy 3, De Ness, Patrick. Editorial Walker, Tapa Blanda En Inglés Internacional, 2018","","",,"true","true","","false","MLA23840364","MLA1874860625","MLA23840364","MLAU4230892480","MLA23840364","ORGANIC","false","false","libros de terror","","","551","+9.999 resultados","https://articulo.mercadolibre.com.ar/MLA-1874860625","Llega gratis el lunes","","","","","MLA412445","MLA-BOOKS","","CORE","CORE","","2026-09-26T20:41:27.587Z",
"https://http2.mlstatic.com/D_NQ_NP_932732-MLA111605938604_062026-O.webp","ARS","39900","","",,,,,"Libro Frankenstein, De Mauy Shelley, Vol. 1. Editorial Napoleón Hill, Tapa Dura","","",,"true","true","Temanun Tienda oficial","true","MLA71812207","MLA3620284712","MLA71812207","MLAU3760625847","MLA71812207","ORGANIC","false","false","libros de terror","","","552","+9.999 resultados","https://articulo.mercadolibre.com.ar/MLA-3620284712","Llega gratis el lunes","","","","","MLA412445","MLA-BOOKS","","CORE","CORE","","2026-09-26T20:41:27.587Z",
"https://http2.mlstatic.com/D_NQ_NP_880677-MLU74302909096_022024-O.webp","ARS","11762","12500","5% OFF",,,,,"Terror En Wunderding, de Drennen, Olga Noemi. Editorial Quipu, tapa blanda en español, 2019","","","25","false","true","SBS Librerias Tienda oficial","true","MLA21424701","MLA1471292102","MLA21424701","MLAU235982301","MLA21424701","ORGANIC","false","false","libros de terror","5.0","1","553","+9.999 resultados","https://articulo.mercadolibre.com.ar/MLA-1471292102","Llega el lunes","","","","","MLA412445","MLA-BOOKS","","CORE","CORE","","2026-09-26T20:41:27.587Z",
"https://http2.mlstatic.com/D_NQ_NP_762318-MLU69797984601_062023-O.webp","ARS","47030","","",,,,,"Casa Infernal, La, De Richard Matheson. Editorial Minotauro, Tapa Blanda En Español, 2019","6 cuotas de 10580","",,"true","true","","false","MLA23714631","MLA3364750674","MLA23714631","MLAU4003312122","MLA23714631","ORGANIC","false","false","libros de terror","","","554","+9.999 resultados","https://articulo.mercadolibre.com.ar/MLA-3364750674","Envío gratis","","","","","MLA412445","MLA-BOOKS","","CORE","CORE","","2026-09-26T20:41:27.587Z",
"https://http2.mlstatic.com/D_NQ_NP_767441-MLA53158686402_012023-O.webp","ARS","31200","","",,,,,"Cuentos De Terror Para Franco Vii - Hugo Daniel Mitoire","","",,"true","true","","false","MLA21197545","MLA1507501007","MLA21197545","MLAU3263021432","MLA21197545","ORGANIC","false","false","libros de terror","","","555","+9.999 resultados","https://articulo.mercadolibre.com.ar/MLA-1507501007","Llega gratis el lunes","","","","","MLA412445","MLA-BOOKS","","CORE","CORE","","2026-09-26T20:41:27.587Z",
"https://http2.mlstatic.com/D_NQ_NP_834810-MLA99538600650_122025-O.webp","ARS","24300","27000","10% OFF",,,,,"La Misa De Los Suicidas 4, De Pablo Forcinito. Editorial Metalúcida, Tapa Blanda En Español","","",,"true","true","Equis Libros Tienda oficial","true","MLA53268995","MLA1549756107","MLA53268995","MLAU3392438143","MLA53268995","ORGANIC","false","false","libros de terror","","","556","+9.999 resultados","https://articulo.mercadolibre.com.ar/MLA-1549756107","Llega gratis el lunes","OFERTA IMPERDIBLE","","","","MLA412445","MLA-BOOKS","","CORE","CORE","","2026-09-26T20:41:27.587Z",
"https://http2.mlstatic.com/D_NQ_NP_941097-MLA79352395982_092024-O.webp","ARS","28810","","",,,,,"Libro GOTICO (PREMIO GOODREADS Y PREMIO LOCUS DE TERROR 2021), de Silvia Moreno-García. Editorial Booket","","",,"false","true","MASLIBROS Tienda oficial","true","MLA25671751","MLA1388728703","MLA25671751","MLAU143244193","MLA25671751","ORGANIC","false","false","libros de terror","","","557","+9.999 resultados","https://articulo.mercadolibre.com.ar/MLA-1388728703","","","","","","MLA412445","MLA-BOOKS","","CORE","CORE","","2026-09-26T20:41:27.587Z",
"https://http2.mlstatic.com/D_NQ_NP_624235-MLA90067512958_082025-O.webp","ARS","75430","80160","5% OFF",,,,,"A Tumba Abierta - Joe Hill","Mismo precio 3 cuotas de 25143","",,"true",,"SBS Librerias Tienda oficial","true","MLA2269891330","MLA2269891330","","MLAU3374862266","MLAU3374862266","ORGANIC","false","false","libros de terror","","","558","+9.999 resultados","https://articulo.mercadolibre.com.ar/MLA-2269891330","Llega gratis el lunes","","","","","MLA412445","MLA-BOOKS","","CORE","CORE","","2026-09-26T20:41:27.587Z",
"https://http2.mlstatic.com/D_NQ_NP_674852-MLA92690869449_092025-O.webp","ARS","55000","","",,,,,"Queridos Monstruos + ¡socorro!","6 cuotas de 12374","",,"true",,"","false","MLA1536221103","MLA1536221103","","MLAU3423519721","MLAU3423519721","ORGANIC","false","false","libros de terror","","53","559","+9.999 resultados","https://articulo.mercadolibre.com.ar/MLA-1536221103","Envío gratis","","","","","MLA412445","MLA-BOOKS","","CORE","CORE","","2026-09-26T20:41:27.588Z",
"https://http2.mlstatic.com/D_NQ_NP_868152-MLA115632991310_092026-O.webp","ARS","23800","","",,,,,"Maestros Del Fantastico - N 22 El Último Hombre","","",,"false",,"","false","MLA2057548685","MLA2057548685","","MLAU5062944853","MLAU5062944853","ORGANIC","false","false","libros de terror","","","560","+9.999 resultados","https://articulo.mercadolibre.com.ar/MLA-2057548685","","","","","","MLA412445","MLA-BOOKS","","CORE","CORE","","2026-09-26T20:41:27.588Z",
"https://http2.mlstatic.com/D_NQ_NP_980872-MLA27128548416_042018-O.webp","ARS","56296","62900","10% OFF",,,,,"El Observador Y Su Mundo. Volumen Ii","Mismo precio 3 cuotas de 18765","","100","true","true","Yenny El Ateneo Tienda oficial","true","MLA19798838","MLA1248082899","MLA19798838","MLAU266234212","MLA19798838","ORGANIC","false","false","libros de terror","4.8","","561","+9.999 resultados","https://articulo.mercadolibre.com.ar/MLA-1248082899","Envío gratis","","","","","MLA412445","MLA-BOOKS","","CORE","CORE","","2026-09-26T20:41:27.588Z",
"https://http2.mlstatic.com/D_NQ_NP_963124-MLA49297274376_032022-O.webp","ARS","9804","","",,,,,"Microrrelatos I - Babas De Caracol","","",,"false","true","","false","MLA21243584","MLA1793760799","MLA21243584","MLAU3971249319","MLA21243584","ORGANIC","false","false","libros de terror","","","562","+9.999 resultados","https://articulo.mercadolibre.com.ar/MLA-1793760799","Llega el lunes","","","","","MLA412445","MLA-BOOKS","","CORE","CORE","","2026-09-26T20:41:27.588Z",
"https://http2.mlstatic.com/D_NQ_NP_726028-MLA95374363226_102025-O.webp","ARS","11000","","",,,,,"To Your Eternity 22 Ivrea Manga","","",,"false","true","CASASSA Y LORENZO LIBREROS Tienda oficial","true","MLA60720483","MLA3646547328","MLA60720483","MLAU4027192177","MLA60720483","ORGANIC","false","false","libros de terror","","","563","+9.999 resultados","https://articulo.mercadolibre.com.ar/MLA-3646547328","","","","","","MLA412445","MLA-BOOKS","","CORE","CORE","","2026-09-26T20:41:27.588Z",
"https://http2.mlstatic.com/D_NQ_NP_614281-MLU70852275330_082023-O.webp","ARS","31410","34900","10% OFF",,,,,"Misterio Del Reloj, El, De Jorn Lier Horst. Editorial Duomo Ediciones, Tapa Blanda, Edición 1 En Español","","",,"false","true","NADIR LIBROS Tienda oficial","true","MLA25798726","MLA1425221333","MLA25798726","MLAU353758886","MLA25798726","ORGANIC","false","false","libros de terror","","","564","+9.999 resultados","https://articulo.mercadolibre.com.ar/MLA-1425221333","","","","","","MLA412445","MLA-BOOKS","","CORE","CORE","","2026-09-26T20:41:27.588Z",
"https://http2.mlstatic.com/D_NQ_NP_764623-MLA81280370617_122024-O.webp","ARS","35084","39200","10% OFF",,,,,"En La Noche De Los Tiempos Y Otras Narraciones Tenebrosas / Pd., De Lovecraft, Howard Phillips. Editorial Mirlo, Tapa Dura, Edición 01 En Español, 2012","Mismo precio 3 cuotas de 11694","",,"true","true","Yenny El Ateneo Tienda oficial","true","MLA44658181","MLA1531476691","MLA44658181","MLAU3412419729","MLA44658181","ORGANIC","false","false","libros de terror","","1","565","+9.999 resultados","https://articulo.mercadolibre.com.ar/MLA-1531476691","Envío gratis","","","","","MLA412445","MLA-BOOKS","","CORE","CORE","","2026-09-26T20:41:27.588Z",
"https://http2.mlstatic.com/D_NQ_NP_961146-MLA81228374974_122024-O.webp","ARS","9900","","",,,,,"Los Mellizos Tuttle Y La Criatura De La Isla Jekyll, De Boyack, Nor., Vol. 1. Editorial Libertas Institute, Tapa Blanda En Español, 2017","","",,"false","true","Zivals Tienda oficial","true","MLA44914534","MLA2036863012","MLA44914534","MLAU384412557","MLA44914534","ORGANIC","false","false","libros de terror","","","566","+9.999 resultados","https://articulo.mercadolibre.com.ar/MLA-2036863012","Llega el lunes","","","","","MLA412445","MLA-BOOKS","","CORE","CORE","","2026-09-26T20:41:27.588Z",
"https://http2.mlstatic.com/D_NQ_NP_761982-MLA43638136859_092020-O.webp","ARS","27900","","",,,,,"La Organización Del Terror - Sofsky, Wolfgang","Mismo precio 3 cuotas de 9300","",,"true","true","","false","MLA21246201","MLA1546317094","MLA21246201","MLAU266120484","MLA21246201","ORGANIC","false","false","libros de terror","","3","567","+9.999 resultados","https://articulo.mercadolibre.com.ar/MLA-1546317094","Llega gratis el lunes","","","","","MLA412445","MLA-BOOKS","","CORE","CORE","","2026-09-26T20:41:27.588Z",
"https://http2.mlstatic.com/D_NQ_NP_644733-MLA49091781430_022022-O.webp","ARS","25500","","",,,,,"Los Ejércitos Secretos De La Otan. Op. Gladio Y Terrorismo","","",,"false",,"","false","MLA1123267698","MLA1123267698","","MLAU212721239","MLAU212721239","ORGANIC","false","false","libros de terror","","4","568","+9.999 resultados","https://articulo.mercadolibre.com.ar/MLA-1123267698","","ÚLTIMAS 2 | ÚLTIMAS UNIDADES","","","","MLA412445","MLA-BOOKS","","CORE","CORE","","2026-09-26T20:41:27.588Z",
"https://http2.mlstatic.com/D_NQ_NP_983881-MLA49526054881_032022-O.webp","ARS","24000","","",,,,,"Cuentos De Terror Carlos Trillo Eduardo Risso","","","25","true","true","","false","MLA21130944","MLA1383700253","MLA21130944","MLAU144716320","MLA21130944","ORGANIC","false","false","libros de terror","4.6","1","569","+9.999 resultados","https://articulo.mercadolibre.com.ar/MLA-1383700253","Llega gratis el lunes","","","","","MLA412445","MLA-BOOKS","","CORE","CORE","","2026-09-26T20:41:27.588Z",
"https://http2.mlstatic.com/D_NQ_NP_623295-MLA112728173345_062026-O.webp","ARS","99234","105456","5% OFF",,,,,"Stalking Jack The Ripper - Kerri Maniscalco","Mismo precio 3 cuotas de 33078","",,"true","true","SBS Librerias Tienda oficial","true","MLA72169163","MLA1817095115","MLA72169163","MLAU3668208369","MLA72169163","ORGANIC","false","false","libros de terror","","","570","+9.999 resultados","https://articulo.mercadolibre.com.ar/MLA-1817095115","Envío gratis","","","","","MLA412445","MLA-BOOKS","","CORE","CORE","","2026-09-26T20:41:27.588Z",
"https://http2.mlstatic.com/D_NQ_NP_648432-MLA46668583756_072021-O.webp","ARS","10500","","",,,,,"Libro Ruina Y Putrefaccion - Jonathan Maberry","","",,"false","true","","false","MLA21614933","MLA2700302840","MLA21614933","MLAU181178704","MLA21614933","ORGANIC","false","false","libros de terror","","","571","+9.999 resultados","https://articulo.mercadolibre.com.ar/MLA-2700302840","Llega el lunes","","","","","MLA412445","MLA-BOOKS","","CORE","CORE","","2026-09-26T20:41:27.588Z",
"https://http2.mlstatic.com/D_NQ_NP_634354-MLU79166221563_092024-O.webp","ARS","47702","","",,,,,"Baxter - Greenhall, Ken","6 cuotas de 10732","",,"true","true","LIBRENTA Tienda oficial","true","MLA22009809","MLA1596060941","MLA22009809","MLAU3642118648","MLA22009809","ORGANIC","false","false","libros de terror","","","572","+9.999 resultados","https://articulo.mercadolibre.com.ar/MLA-1596060941","Envío gratis","","","","","MLA412445","MLA-BOOKS","","CORE","CORE","","2026-09-26T20:41:27.588Z",
"https://http2.mlstatic.com/D_NQ_NP_837365-MLU74151268748_012024-O.webp","ARS","18000","","",,,,,"Los Monos Fantasma, De Bayona-chavetta. Editorial Gerbera, Tapa Blanda En Español, 2023","","","50","true","true","","false","MLA30528110","MLA1545539347","MLA30528110","MLAU3451289770","MLA30528110","ORGANIC","false","false","libros de terror","5.0","8","573","+9.999 resultados","https://articulo.mercadolibre.com.ar/MLA-1545539347","Llega gratis el lunes","","","","","MLA412445","MLA-BOOKS","","CORE","CORE","","2026-09-26T20:41:27.588Z",
"https://http2.mlstatic.com/D_NQ_NP_805088-MLA84809391363_052025-O.webp","ARS","47405","49900","5% OFF",,,,,"Tiburon, De Peter Benchley. Editorial Editorial Planeta S.a En Español, 2025","o 49900 en 3x 16633 sin interés","","25","true","true","Planeta de Libros Argentina Tienda oficial","true","MLA50119669","MLA2576982302","MLA50119669","MLAU3561068978","MLA50119669","ORGANIC","false","false","libros de terror","4.9","12","574","+9.999 resultados","https://articulo.mercadolibre.com.ar/MLA-2576982302","Llega gratis el lunes","","","","","MLA412445","MLA-BOOKS","","CORE","CORE","","2026-09-26T20:41:27.588Z",
"https://http2.mlstatic.com/D_NQ_NP_634921-MLA112688895115_062026-O.webp","ARS","28405","29900","5% OFF",,,,,"Socorro! - 12 Cuentos Para Caerse De Miedo - 10/10","","",,"false","true","NADIR LIBROS Tienda oficial","true","MLA71938795","MLA3417379764","MLA71938795","MLAU3971855356","MLA71938795","ORGANIC","false","false","libros de terror","","","575","+9.999 resultados","https://articulo.mercadolibre.com.ar/MLA-3417379764","","","","","","MLA412445","MLA-BOOKS","","CORE","CORE","","2026-09-26T20:41:27.588Z",
"https://http2.mlstatic.com/D_NQ_NP_748800-MLA105086214943_012026-O.webp","ARS","48400","","",,,,,"Libro La Sombra Dark Verse 5 - Runyx, De Runyx. Editorial B, Editorial, Tapa Blanda, En Castellano","6 cuotas de 10889","",,"true","true","LIBRENTA Tienda oficial","true","MLA64395549","MLA3199300540","MLA64395549","MLAU3911238054","MLA64395549","ORGANIC","false","false","libros de terror","","","576","+9.999 resultados","https://articulo.mercadolibre.com.ar/MLA-3199300540","Llega gratis mañana Enviado por FULL","","","","","MLA412445","MLA-BOOKS","","CORE","CORE","","2026-09-26T20:41:27.588Z",
"https://http2.mlstatic.com/D_NQ_NP_737863-MLA112650549311_062026-O.webp","ARS","49999","","",,,,,"La Milla Verde De Stephen King","6 cuotas de 11249","",,"true","true","","false","MLA71655071","MLA1817031473","MLA71655071","MLAU3526079792","MLA71655071","ORGANIC","false","false","libros de terror","","","577","+9.999 resultados","https://articulo.mercadolibre.com.ar/MLA-1817031473","Envío gratis","","","","","MLA412445","MLA-BOOKS","","CORE","CORE","","2026-09-26T20:41:27.659Z",
"https://http2.mlstatic.com/D_NQ_NP_698883-MLA26655050978_012018-O.webp","ARS","24900","","",,,,,"Ruperto De Terror. Serie Morada","","","50","true","true","","false","MLA21377538","MLA1396464007","MLA21377538","MLAU290375544","MLA21377538","ORGANIC","false","false","libros de terror","5.0","2","578","+9.999 resultados","https://articulo.mercadolibre.com.ar/MLA-1396464007","Llega gratis el lunes","","","","","MLA412445","MLA-BOOKS","","CORE","CORE","","2026-09-26T20:41:27.659Z",
"https://http2.mlstatic.com/D_NQ_NP_775515-MLA27526517109_062018-O.webp","ARS","24990","","",,,,,"Cuentos De Terror","Mismo precio 3 cuotas de 8330","",,"false",,"EDICIONES CONTINENTE Tienda oficial","true","MLA694214292","MLA694214292","","MLAU162153626","MLAU162153626","ORGANIC","false","false","libros de terror","","","579","+9.999 resultados","https://articulo.mercadolibre.com.ar/MLA-694214292","","","","","","MLA412445","MLA-BOOKS","","CORE","CORE","","2026-09-26T20:41:27.659Z",
"https://http2.mlstatic.com/D_NQ_NP_906333-MLA81835601832_012025-O.webp","ARS","104999","","",,,,,"Voodoo 1954 1955 Biblioteca Cómics Terror Años 50 Vol 12 Diabolo Ediciones","6 cuotas de 23623","",,"true","true","ENTELEQUIA Tienda oficial","true","MLA45703835","MLA2545927796","MLA45703835","MLAU3538616271","MLA45703835","ORGANIC","false","false","libros de terror","","","580","+9.999 resultados","https://articulo.mercadolibre.com.ar/MLA-2545927796","Llega gratis el lunes","","","","","MLA412445","MLA-BOOKS","","CORE","CORE","","2026-09-26T20:41:27.659Z",
"https://http2.mlstatic.com/D_NQ_NP_740997-MLA80726742424_112024-O.webp","ARS","66600","74000","10% OFF",,,,,"Los Mitos De Cthulhu: Estuche Con Dos Libros, De Howard Phillip Lovecraft. Editorial Ediciones Lea, Tapa Blanda, Edición 1 En Español, 2024","6 cuotas de 14983","","25","true","true","NADIR LIBROS Tienda oficial","true","MLA43454125","MLA2699042572","MLA43454125","MLAU3692776022","MLA43454125","ORGANIC","false","false","libros de terror","4.9","","581","+9.999 resultados","https://articulo.mercadolibre.com.ar/MLA-2699042572","Envío gratis","","","","","MLA412445","MLA-BOOKS","","CORE","CORE","","2026-09-26T20:41:27.659Z",
"https://http2.mlstatic.com/D_NQ_NP_820565-MLA99368787060_112025-O.webp","ARS","118500","","",,,,,"Aidp Integral Vol.1, De Mignola, Mike. Editorial Norma Editorial, S.a., Tapa Dura En Español","6 cuotas de 26660","","25","true","true","","false","MLA24014905","MLA1458301925","MLA24014905","MLAU146002586","MLA24014905","ORGANIC","false","false","libros de terror","5.0","","582","+9.999 resultados","https://articulo.mercadolibre.com.ar/MLA-1458301925","Llega gratis el lunes","","","","","MLA412445","MLA-BOOKS","","CORE","CORE","","2026-09-26T20:41:27.659Z",
"https://http2.mlstatic.com/D_NQ_NP_744017-MLA112555915358_062026-O.webp","ARS","17000","","",,,,,"Lovecraft + Poe Terror Horror Suspenso Pack X3 Libros","","",,"false",,"","false","MLA3511730944","MLA3511730944","","MLAU4144140635","MLAU4144140635","ORGANIC","false","false","libros de terror","","","583","+9.999 resultados","https://articulo.mercadolibre.com.ar/MLA-3511730944","Llega el lunes","","","","","MLA412445","MLA-BOOKS","","CORE","CORE","","2026-09-26T20:41:27.659Z",
"https://http2.mlstatic.com/D_NQ_NP_913778-MLA46957282895_082021-O.webp","ARS","6000","","",,,,,"Wunderding - Drennen - Quipu","","",,"false","true","","false","MLA22075465","MLA3534607028","MLA22075465","MLAU4171455747","MLA22075465","ORGANIC","false","false","libros de terror","","","584","+9.999 resultados","https://articulo.mercadolibre.com.ar/MLA-3534607028","Llega el lunes","","","","","MLA412445","MLA-BOOKS","","CORE","CORE","","2026-09-26T20:41:27.659Z",
"https://http2.mlstatic.com/D_NQ_NP_876496-MLA92568144770_092025-O.webp","ARS","47900","","",,,,,"Libro Libro Las Redes Del Terror - Reclasificar, De Reclasificar. Editorial Penguin Random House, Tapa Blanda (2024)","6 cuotas de 10776","",,"true","true","Libreria Hernandez Tienda oficial","true","MLA57164309","MLA1549907217","MLA57164309","MLAU3048644947","MLA57164309","ORGANIC","false","false","libros de terror","","3","585","+9.999 resultados","https://articulo.mercadolibre.com.ar/MLA-1549907217","Llega gratis el lunes","","","","","MLA412445","MLA-BOOKS","","CORE","CORE","","2026-09-26T20:41:27.659Z",
"https://http2.mlstatic.com/D_NQ_NP_615448-MLA100007775677_122025-O.webp","ARS","38000","","",,,,,"Araña, De Bilbao, Jon. Editorial Impedimenta, Tapa Blanda, Edición 1 En Español, 2023","","",,"true","true","","false","MLA25530341","MLA1932862281","MLA25530341","MLAU4478221883","MLA25530341","ORGANIC","false","false","libros de terror","","","586","+9.999 resultados","https://articulo.mercadolibre.com.ar/MLA-1932862281","Envío gratis","","","","","MLA412445","MLA-BOOKS","","CORE","CORE","","2026-09-26T20:41:27.659Z",
"https://http2.mlstatic.com/D_NQ_NP_943500-MLA85211131057_052025-O.webp","ARS","58702","","",,,,,"La Ensenada Del Diablo, De Keisling, Todd. Editorial Dilatando Mentes Editorial, Edición 0 En Español","6 cuotas de 13206","",,"true","true","MASLIBROS Tienda oficial","true","MLA50496857","MLA2817960056","MLA50496857","MLAU3399705464","MLA50496857","ORGANIC","false","false","libros de terror","","","587","+9.999 resultados","https://articulo.mercadolibre.com.ar/MLA-2817960056","Envío gratis","","","","","MLA412445","MLA-BOOKS","","CORE","CORE","","2026-09-26T20:41:27.659Z",
"https://http2.mlstatic.com/D_NQ_NP_874196-MLA82208171121_022025-O.webp","ARS","12000","","",,,,,"Bram Stoker - Drácula","","",,"false",,"","false","MLA1929026444","MLA1929026444","","MLAU1998418672","MLAU1998418672","ORGANIC","false","false","libros de terror","","1","588","+9.999 resultados","https://articulo.mercadolibre.com.ar/MLA-1929026444","Llega el lunes","","","","","MLA412445","MLA-BOOKS","","CORE","CORE","","2026-09-26T20:41:27.659Z",
"https://http2.mlstatic.com/D_NQ_NP_972832-MLA93349745965_092025-O.webp","ARS","40499","","",,,,,"Libro La Larga Marcha - Stephen King, De King, Stephen. Editorial Debolsillo, Tapa Blanda (2025)","","","25","true","true","","false","MLA57803080","MLA2040739069","MLA57803080","MLAU3573587024","MLA57803080","ORGANIC","false","false","libros de terror","5.0","","589","+9.999 resultados","https://articulo.mercadolibre.com.ar/MLA-2040739069","Llega gratis el lunes","","","","","MLA412445","MLA-BOOKS","","CORE","CORE","","2026-09-26T20:41:27.659Z",
"https://http2.mlstatic.com/D_NQ_NP_611883-MLC53169599623_012023-O.webp","ARS","51452","56900","9% OFF",,,,,"Pack Historias De Vampiros","Mismo precio 3 cuotas de 17150","",,"true","true","EDICIONES CONTINENTE Tienda oficial","true","MLA21433981","MLA1951849110","MLA21433981","MLAU2703079685","MLA21433981","ORGANIC","false","false","libros de terror","","2","590","+9.999 resultados","https://articulo.mercadolibre.com.ar/MLA-1951849110","Envío gratis","","","","","MLA412445","MLA-BOOKS","","CORE","CORE","","2026-09-26T20:41:27.659Z",
"https://http2.mlstatic.com/D_NQ_NP_975678-MLA111529528458_062026-O.webp","ARS","54578","58000,8","5% OFF",,,,,"Witchcraft For Wayward Girls - Grady Hendrix","Mismo precio 3 cuotas de 18192","",,"true","true","SBS Librerias Tienda oficial","true","MLA70785665","MLA3773425878","MLA70785665","MLAU3422122007","MLA70785665","ORGANIC","false","false","libros de terror","","","591","+9.999 resultados","https://articulo.mercadolibre.com.ar/MLA-3773425878","Llega gratis el lunes","","","","","MLA412445","MLA-BOOKS","","CORE","CORE","","2026-09-26T20:41:27.659Z",
"https://http2.mlstatic.com/D_NQ_NP_706991-MLA87981515766_072025-O.webp","ARS","19999","","",,,,,"Las Emocionantes Aventuras De Filippa Nox: Similar Al Titulo, De Alcatena & Oyanedel. Editorial Black Cat, Tapa Blanda En Español, 1","","",,"true","true","ENTELEQUIA Tienda oficial","true","MLA53034655","MLA2191574260","MLA53034655","MLAU3117648772","MLA53034655","ORGANIC","false","false","libros de terror","","","592","+9.999 resultados","https://articulo.mercadolibre.com.ar/MLA-2191574260","Llega gratis el lunes","","","","","MLA412445","MLA-BOOKS","","CORE","CORE","","2026-09-26T20:41:27.659Z",
"https://http2.mlstatic.com/D_NQ_NP_702120-MLA112596703591_062026-O.webp","ARS","27700","","",,,,,"Abuela Nos Espera Y Otros Cuentos De Terror - Vaccarini","","",,"true","true","Planeta de Libros Argentina Tienda oficial","true","MLA70913819","MLA3412646406","MLA70913819","MLAU2979783992","MLA70913819","ORGANIC","false","false","libros de terror","","","593","+9.999 resultados","https://articulo.mercadolibre.com.ar/MLA-3412646406","Llega gratis el lunes","","","","","MLA412445","MLA-BOOKS","","CORE","CORE","","2026-09-26T20:41:27.659Z",
"https://http2.mlstatic.com/D_NQ_NP_767441-MLA53158686402_012023-O.webp","ARS","31200","","",,,,,"Cuentos De Terror Para Franco Vii - Hugo Daniel Mitoire","","",,"true","true","","false","MLA21197545","MLA2803262566","MLA21197545","MLAU3745225425","MLA21197545","ORGANIC","false","false","libros de terror","","","594","+9.999 resultados","https://articulo.mercadolibre.com.ar/MLA-2803262566","Llega gratis el lunes","","","","","MLA412445","MLA-BOOKS","","CORE","CORE","","2026-09-26T20:41:53.067Z",
"https://http2.mlstatic.com/D_NQ_NP_834810-MLA99538600650_122025-O.webp","ARS","24300","27000","10% OFF",,,,,"La Misa De Los Suicidas 4, De Pablo Forcinito. Editorial Metalúcida, Tapa Blanda En Español","","",,"false","true","Eterna Cadencia Tienda oficial","true","MLA53268995","MLA2242754726","MLA53268995","MLAU3352319183","MLA53268995","ORGANIC","false","false","libros de terror","","","595","+9.999 resultados","https://articulo.mercadolibre.com.ar/MLA-2242754726","","","","","","MLA412445","MLA-BOOKS","","CORE","CORE","","2026-09-26T20:41:53.067Z",
"https://http2.mlstatic.com/D_NQ_NP_726028-MLA95374363226_102025-O.webp","ARS","10999","","",,,,,"To Your Eternity 22 Ivrea Manga","","",,"false","true","ENTELEQUIA Tienda oficial","true","MLA60720483","MLA2778830142","MLA60720483","MLAU3501081476","MLA60720483","ORGANIC","false","false","libros de terror","","","596","+9.999 resultados","https://articulo.mercadolibre.com.ar/MLA-2778830142","Llega el lunes","","","","","MLA412445","MLA-BOOKS","","CORE","CORE","","2026-09-26T20:41:53.067Z",
"https://http2.mlstatic.com/D_NQ_NP_702120-MLA112596703591_062026-O.webp","ARS","27650","","",,,,,"Abuela Nos Espera Y Otros Cuentos De Terror - Vaccarini","","",,"false","true","","false","MLA70913819","MLA3863651912","MLA70913819","MLAU4955641084","MLA70913819","ORGANIC","false","false","libros de terror","","","597","+9.999 resultados","https://articulo.mercadolibre.com.ar/MLA-3863651912","","","","","","MLA412445","MLA-BOOKS","","CORE","CORE","","2026-09-26T20:41:53.068Z",
"https://http2.mlstatic.com/D_NQ_NP_905165-MLA92348396731_092025-O.webp","ARS","13498","","",,,,,"Adabana, De Non, Vol. 3. Editorial Ivrea Argentina (2025)","","","25","false","true","","false","MLA55944431","MLA1690855737","MLA55944431","MLAU3403278173","MLA55944431","ORGANIC","false","false","libros de terror","5.0","","598","+9.999 resultados","https://articulo.mercadolibre.com.ar/MLA-1690855737","Llega el lunes","","","","","MLA412445","MLA-BOOKS","","CORE","CORE","","2026-09-26T20:41:53.068Z",
"https://http2.mlstatic.com/D_NQ_NP_995658-MLA83284572278_042025-O.webp","ARS","55600","","",,,,,"Esa Maldita Voz Y Otros Relatos Fantasmagoricos, De Lee Vernon. Editorial Ediciones Catedra, Tapa Blanda En Español, 2025","6 cuotas de 12509","",,"true","true","Libreria Hernandez Tienda oficial","true","MLA47760966","MLA2925086272","MLA47760966","MLAU3794382760","MLA47760966","ORGANIC","false","false","libros de terror","","","599","+9.999 resultados","https://articulo.mercadolibre.com.ar/MLA-2925086272","Llega gratis el lunes","","","","","MLA412445","MLA-BOOKS","","CORE","CORE","","2026-09-26T20:41:53.068Z",
"https://http2.mlstatic.com/D_NQ_NP_977071-MLU70682996831_072023-O.webp","ARS","4900","","",,,,,"El Hombre Lobo, De Manuela Villa. Editorial Brainy Kids, Tapa Dura En Español, 2022","","",,"false","true","","false","MLA24906907","MLA1734215012","MLA24906907","MLAU232043746","MLA24906907","ORGANIC","false","false","libros de terror","","1","600","+9.999 resultados","https://articulo.mercadolibre.com.ar/MLA-1734215012","Llega el lunes","","","","","MLA412445","MLA-BOOKS","","CORE","CORE","","2026-09-26T20:42:15.765Z",
"https://http2.mlstatic.com/D_NQ_NP_715835-MLA43635529386_092020-O.webp","ARS","8500","","",,,,,"El Relato Del Monstruo - Shaun Hamill","","","25","false","true","","false","MLA21202845","MLA3297589436","MLA21202845","MLAU3951390083","MLA21202845","ORGANIC","false","false","libros de terror","5.0","","601","+9.999 resultados","https://articulo.mercadolibre.com.ar/MLA-3297589436","Llega el lunes","","","","","MLA412445","MLA-BOOKS","","CORE","CORE","","2026-09-26T20:42:15.765Z",
"https://http2.mlstatic.com/D_NQ_NP_868842-MLA31335157853_072019-O.webp","ARS","27010","","",,,,,"Cumple Zombi - Roberto Cubillas / Alberto Pez","","","25","false","true","","false","MLA21201998","MLA3969957082","MLA21201998","MLAU5174399366","MLA21201998","ORGANIC","false","false","libros de terror","5.0","","602","+9.999 resultados","https://articulo.mercadolibre.com.ar/MLA-3969957082","","","","","","MLA412445","MLA-BOOKS","","CORE","CORE","","2026-09-26T20:42:15.765Z",
"https://http2.mlstatic.com/D_NQ_NP_651434-MLU74255907203_012024-O.webp","ARS","15000","","",,,,,"Mega - 2º Edicion - Salvador Sanz, De Sanz, Salvador. Editorial Ovni Press, Tapa Blanda En Español, 2023","","","25","false","true","SBS Librerias Tienda oficial","true","MLA30471428","MLA1651021054","MLA30471428","MLAU256570534","MLA30471428","ORGANIC","false","false","libros de terror","5.0","1","603","+9.999 resultados","https://articulo.mercadolibre.com.ar/MLA-1651021054","Llega el lunes","","","","","MLA412445","MLA-BOOKS","","CORE","CORE","","2026-09-26T20:42:15.765Z",
"https://http2.mlstatic.com/D_NQ_NP_859138-MLA53145815751_012023-O.webp","ARS","27440","","",,,,,"Saga De Swamp Thing Libro 05 (2ª Ed.) - Moore Alan","","","25","true","true","UBIK Libros Comics Tienda oficial","true","MLA21380049","MLA2830479218","MLA21380049","MLAU202244463","MLA21380049","ORGANIC","false","false","libros de terror","4.8","3","604","+9.999 resultados","https://articulo.mercadolibre.com.ar/MLA-2830479218","Llega gratis el lunes","","","","","MLA412445","MLA-BOOKS","","CORE","CORE","","2026-09-26T20:42:15.765Z",
"https://http2.mlstatic.com/D_NQ_NP_927350-MLA83563815711_042025-O.webp","ARS","29984","","",,,,,"Misterio En El Castillo Del Terror (los Tres Investigadores 1), De Arthur Robert. Editorial Molino, Tapa Blanda En Español, 2025","","",,"false","true","LIBERATE Tienda oficial","true","MLA47720601","MLA2045512360","MLA47720601","MLAU3102180638","MLA47720601","ORGANIC","false","false","libros de terror","","1","605","+9.999 resultados","https://articulo.mercadolibre.com.ar/MLA-2045512360","","","","","","MLA412445","MLA-BOOKS","","CORE","CORE","","2026-09-26T20:42:15.765Z",
"https://http2.mlstatic.com/D_NQ_NP_640566-MLA49704276462_042022-O.webp","ARS","17820","","",,,,,"Cuentos De Terror Contados Para Niños Y Niñas - Edgar A. Poe","","","100","false","true","","false","MLA22066461","MLA3881397724","MLA22066461","MLAU4981210180","MLA22066461","ORGANIC","false","false","libros de terror","4.7","","606","+9.999 resultados","https://articulo.mercadolibre.com.ar/MLA-3881397724","","","","","","MLA412445","MLA-BOOKS","","CORE","CORE","","2026-09-26T20:42:15.765Z",
"https://http2.mlstatic.com/D_NQ_NP_793635-MLA82384371350_022025-O.webp","ARS","19761","21000","5% OFF",,,,,"Knight Terrors: Pesadillas Oscuras, De Joshua Williamson. Editorial Ovni Press, Tapa Blanda, Edición 1 En Español, 2025","","","25","true","true","SBS Librerias Tienda oficial","true","MLA46399253","MLA1502706709","MLA46399253","MLAU3206665390","MLA46399253","ORGANIC","false","false","libros de terror","4.8","13","607","+9.999 resultados","https://articulo.mercadolibre.com.ar/MLA-1502706709","Llega gratis el lunes","","","","","MLA412445","MLA-BOOKS","","CORE","CORE","","2026-09-26T20:42:15.765Z",
"https://http2.mlstatic.com/D_NQ_NP_925964-MLU73193260765_122023-O.webp","ARS","50719","53900","5% OFF",,,,,"Libro Gotico - Silvia Moreno Garcia, De Moreno Garcia, Silvia. Editorial Minotauro, Tapa Blanda En Español, 2021","Mismo precio 3 cuotas de 16906","","100","true","true","SBS Librerias Tienda oficial","true","MLA22124322","MLA1458003056","MLA22124322","MLAU302919455","MLA22124322","ORGANIC","false","false","libros de terror","4.5","19","608","+9.999 resultados","https://articulo.mercadolibre.com.ar/MLA-1458003056","Llega gratis el lunes","ÚLTIMAS 5 | ÚLTIMAS UNIDADES","","","","MLA412445","MLA-BOOKS","","CORE","CORE","","2026-09-26T20:42:15.765Z",
"https://http2.mlstatic.com/D_NQ_NP_973852-MLU70360498261_072023-O.webp","ARS","9000","","",,,,,"Los Mil Y Un Fantasmas, De Dumas, Alexandre. Editorial Sudamericana En Español","","","50","false","true","","false","MLA24313738","MLA3672591452","MLA24313738","MLAU4435535905","MLA24313738","ORGANIC","false","false","libros de terror","5.0","","609","+9.999 resultados","https://articulo.mercadolibre.com.ar/MLA-3672591452","Llega el lunes","","","","","MLA412445","MLA-BOOKS","","CORE","CORE","","2026-09-26T20:42:15.765Z",
"https://http2.mlstatic.com/D_NQ_NP_628436-MLU69728632620_052023-O.webp","ARS","25950","","",,,,,"Antologia De Cuentos De Terror, De Poe, Lovecraft, Sheridan, Stoker, Crawford, Quirog, James, Hope, Meyrink., Vol. 1. Editorial Plutón Ediciones, Tapa Blanda En Español, 2020","","",,"true","true","Libreria Hernandez Tienda oficial","true","MLA23588626","MLA2545936954","MLA23588626","MLAU3542368134","MLA23588626","ORGANIC","false","false","libros de terror","","","610","+9.999 resultados","https://articulo.mercadolibre.com.ar/MLA-2545936954","Llega gratis el lunes","","","","","MLA412445","MLA-BOOKS","","CORE","CORE","","2026-09-26T20:42:15.766Z",
"https://http2.mlstatic.com/D_NQ_NP_681689-MLA79704170089_102024-O.webp","ARS","11900","","",,,,,"Una Noche Terrible - Serie Negra, De Deledda, Grazia. Editorial Quipu, Tapa Blanda En Español, 2013","","",,"false","true","","false","MLA24091006","MLA2005968492","MLA24091006","MLAU175144346","MLA24091006","ORGANIC","false","false","libros de terror","","","611","+9.999 resultados","https://articulo.mercadolibre.com.ar/MLA-2005968492","","","","","","MLA412445","MLA-BOOKS","","CORE","CORE","","2026-09-26T20:42:15.766Z",
"https://http2.mlstatic.com/D_NQ_NP_641206-MLU77818835885_072024-O.webp","ARS","6950","","",,,,,"El Caso De Charles Dexter Ward -H.P. Lovecraft - GRADIFCO","","","25","false","true","","false","MLA21229552","MLA1528744010","MLA21229552","MLAU182228814","MLA21229552","ORGANIC","false","false","libros de terror","5.0","2","612","+9.999 resultados","https://articulo.mercadolibre.com.ar/MLA-1528744010","Llega el lunes","ÚLTIMAS 5 | ÚLTIMAS UNIDADES","","","","MLA412445","MLA-BOOKS","","CORE","CORE","","2026-09-26T20:42:15.766Z",
"https://http2.mlstatic.com/D_NQ_NP_783599-MLA83256244837_032025-O.webp","ARS","23594","25073,69","5% OFF",,,,,"Fairy Tale - A Novel - Stephen King, De King, Stephen. Editorial Scribner, Tapa Blanda En Inglés Internacional, 2023","","",,"true","true","SBS Librerias Tienda oficial","true","MLA47365845","MLA1484770123","MLA47365845","MLAU237284355","MLA47365845","ORGANIC","false","false","libros de terror","","","613","+9.999 resultados","https://articulo.mercadolibre.com.ar/MLA-1484770123","Llega gratis el lunes","","","","","MLA412445","MLA-BOOKS","","CORE","CORE","","2026-09-26T20:42:15.766Z",
"https://http2.mlstatic.com/D_NQ_NP_736645-MLA106535251457_022026-O.webp","ARS","9450","","",,,,,"Tokyo Underworld, De Kenji Sakaki, Vol. 4. Editorial Ivrea Argentina (2026)","","",,"false","true","Urza Comics Tienda oficial","true","MLA65257700","MLA2843212238","MLA65257700","MLAU3784365696","MLA65257700","ORGANIC","false","false","libros de terror","","","614","+9.999 resultados","https://articulo.mercadolibre.com.ar/MLA-2843212238","Llega el lunes","","","","","MLA412445","MLA-BOOKS","","CORE","CORE","","2026-09-26T20:42:15.766Z",
"https://http2.mlstatic.com/D_NQ_NP_888510-MLA111534247688_062026-O.webp","ARS","40696","45470","10% OFF",,,,,"El Triangulo Del Terror . King , Poe Y Lovecraft","Mismo precio 3 cuotas de 13565","",,"true","true","Yenny El Ateneo Tienda oficial","true","MLA70943312","MLA3420040418","MLA70943312","MLAU4042810438","MLA70943312","ORGANIC","false","false","libros de terror","","","615","+9.999 resultados","https://articulo.mercadolibre.com.ar/MLA-3420040418","Envío gratis","","","","","MLA412445","MLA-BOOKS","","CORE","CORE","","2026-09-26T20:42:15.766Z",
"https://http2.mlstatic.com/D_NQ_NP_742315-MLA79399634948_092024-O.webp","ARS","17812","","",,,,,"Locke & Key: Cielo Y Tierra - Panini","","","25","true","true","UBIK Libros Comics Tienda oficial","true","MLA21199557","MLA1501222048","MLA21199557","MLAU151495103","MLA21199557","ORGANIC","false","false","libros de terror","4.9","","616","+9.999 resultados","https://articulo.mercadolibre.com.ar/MLA-1501222048","Llega gratis el lunes","","","","","MLA412445","MLA-BOOKS","","CORE","CORE","","2026-09-26T20:42:15.766Z",
"https://http2.mlstatic.com/D_NQ_NP_797735-MLU70082082050_062023-O.webp","ARS","4900","","",,,,,"Mi Primera Colección De Terror, De Vários Autores. Editorial Brainy Kids, Tapa Blanda En Castellano, 2021","","","25","false","true","","false","MLA24109171","MLA2063037947","MLA24109171","MLAU237683363","MLA24109171","ORGANIC","false","false","libros de terror","4.6","","617","+9.999 resultados","https://articulo.mercadolibre.com.ar/MLA-2063037947","Llega el lunes","","","","","MLA412445","MLA-BOOKS","","CORE","CORE","","2026-09-26T20:42:15.766Z",
"https://http2.mlstatic.com/D_NQ_NP_746116-MLA99972932197_112025-O.webp","ARS","6400","","",,,,,"Libro TERROR Y SUSPENSO, de Arthur Conan Doyle. Editorial Gradifco, tapa blanda (2022)","","",,"false","true","","false","MLA25311835","MLA1532357422","MLA25311835","MLAU166055467","MLA25311835","ORGANIC","false","false","libros de terror","","","618","+9.999 resultados","https://articulo.mercadolibre.com.ar/MLA-1532357422","Llega el lunes","","","","","MLA412445","MLA-BOOKS","","CORE","CORE","","2026-09-26T20:42:15.766Z",
"https://http2.mlstatic.com/D_NQ_NP_897499-MLA84579421681_052025-O.webp","ARS","11760","","",,,,,"MIERUKO CHAN SLICE OF HORROR VOL. 11, de Tomoki Izumi. Mieruko-Chan, vol. 11. Editorial Ivrea, tapa blanda, edición 1 en español, 2025","","","25","false","true","UBIK Libros Comics Tienda oficial","true","MLA49568774","MLA1498430485","MLA49568774","MLAU3147360291","MLA49568774","ORGANIC","false","false","libros de terror","4.9","","619","+9.999 resultados","https://articulo.mercadolibre.com.ar/MLA-1498430485","Llega el lunes","","","","","MLA412445","MLA-BOOKS","","CORE","CORE","","2026-09-26T20:42:15.766Z",
"https://http2.mlstatic.com/D_NQ_NP_674264-MLU70776959014_072023-O.webp","ARS","11970","","",,,,,"Libro Horror En Escena - Ultracalavera, de Fabián Sevilla","","",,"false","true","NAVEBOOKS Tienda oficial","true","MLA25467251","MLA1650238619","MLA25467251","MLAU3573923102","MLA25467251","ORGANIC","false","false","libros de terror","","","620","+9.999 resultados","https://articulo.mercadolibre.com.ar/MLA-1650238619","Llega el lunes","","","","","MLA412445","MLA-BOOKS","","CORE","CORE","","2026-09-26T20:42:15.766Z",
"https://http2.mlstatic.com/D_NQ_NP_932595-MLA104845566792_012026-O.webp","ARS","53427","","",,,,,"Historia De La Literatura Gotica Y De Terror - Tizon,rocio","6 cuotas de 12020","",,"true",,"LIBERATE Tienda oficial","true","MLA2798700030","MLA2798700030","","MLAU3749576654","MLAU3749576654","ORGANIC","false","false","libros de terror","","","621","+9.999 resultados","https://articulo.mercadolibre.com.ar/MLA-2798700030","Envío gratis","","","","","MLA412445","MLA-BOOKS","","CORE","CORE","","2026-09-26T20:42:15.766Z",
"https://http2.mlstatic.com/D_NQ_NP_887541-MLU74906367618_032024-O.webp","ARS","15000","","",,,,,"Libro El Hombre Sin Cabeza De Ricardo Mari¤o","","","100","false","true","","false","MLA21200848","MLA1395893359","MLA21200848","MLAU236847851","MLA21200848","ORGANIC","false","false","libros de terror","4.9","7","622","+9.999 resultados","https://articulo.mercadolibre.com.ar/MLA-1395893359","Llega el lunes","","","","","MLA412445","MLA-BOOKS","","CORE","CORE","","2026-09-26T20:42:15.766Z",
"https://http2.mlstatic.com/D_NQ_NP_812756-MLA82198577806_022025-O.webp","ARS","27264","28974,03","5% OFF",,,,,"What Feasts At Night - Sworn Soldier 2, De Kingfisher, T.. Editorial Titan Books, Tapa Blanda En Inglés Internacional","","",,"false","true","SBS Librerias Tienda oficial","true","MLA41728854","MLA1934403342","MLA41728854","MLAU1813500345","MLA41728854","ORGANIC","false","false","libros de terror","","2","623","+9.999 resultados","https://articulo.mercadolibre.com.ar/MLA-1934403342","","","","","","MLA412445","MLA-BOOKS","","CORE","CORE","","2026-09-26T20:42:15.766Z",
"https://http2.mlstatic.com/D_NQ_NP_729949-MLA46639400169_072021-O.webp","ARS","14457","","",,,,,"Lote X 2 Lovecraft Montaña - Cthulhu - Gradifco","","",,"false",,"","false","MLA928519940","MLA928519940","","MLAU203833640","MLAU203833640","ORGANIC","false","false","libros de terror","","4","624","+9.999 resultados","https://articulo.mercadolibre.com.ar/MLA-928519940","","","","","","MLA412445","MLA-BOOKS","","CORE","CORE","","2026-09-26T20:42:15.766Z",
"https://http2.mlstatic.com/D_NQ_NP_743531-MLA111546756593_052026-O.webp","ARS","30200","","",,,,,"Al Otro Lado Del Bosque - Madeleine Roux","","",,"true","true","Libreria Hernandez Tienda oficial","true","MLA69463353","MLA3360481176","MLA69463353","MLAU3942469010","MLA69463353","ORGANIC","false","false","libros de terror","","","625","+9.999 resultados","https://articulo.mercadolibre.com.ar/MLA-3360481176","Llega gratis el lunes","","","","","MLA412445","MLA-BOOKS","","CORE","CORE","","2026-09-26T20:42:15.766Z",
"https://http2.mlstatic.com/D_NQ_NP_891820-MLA116584910145_082026-O.webp","ARS","25999","","",,,,,"Creepshow 02 ¡¡¡historietas Macabras Y Aterradoras!","","",,"true",,"","false","MLA2026793307","MLA2026793307","","MLAU4880491383","MLAU4880491383","ORGANIC","false","false","libros de terror","","","626","+9.999 resultados","https://articulo.mercadolibre.com.ar/MLA-2026793307","Llega gratis el lunes","","","","","MLA412445","MLA-BOOKS","","CORE","CORE","","2026-09-26T20:42:15.766Z",
"https://http2.mlstatic.com/D_NQ_NP_942794-MLA111997991454_062026-O.webp","ARS","32999","","",,,,,"Libro Posesion - Stephen King - Tapa Dura","","",,"false","true","","false","MLA73388124","MLA3724543024","MLA73388124","MLAU3710551375","MLA73388124","ORGANIC","false","false","libros de terror","","","627","+9.999 resultados","https://articulo.mercadolibre.com.ar/MLA-3724543024","","","","","","MLA412445","MLA-BOOKS","","CORE","CORE","","2026-09-26T20:42:15.766Z",
"https://http2.mlstatic.com/D_NQ_NP_782001-MLA99989996183_112025-O.webp","ARS","50151","","",,,,,"El Fin De Los Días, De Adam Nevill. Editorial Ediciones Minotauro S.a, Tapa Blanda En Español, 2023","6 cuotas de 11283","","50","true","true","","false","MLA25717032","MLA1572341807","MLA25717032","MLAU3155449863","MLA25717032","ORGANIC","false","false","libros de terror","4.6","","628","+9.999 resultados","https://articulo.mercadolibre.com.ar/MLA-1572341807","Envío gratis","","","","","MLA412445","MLA-BOOKS","","CORE","CORE","","2026-09-26T20:42:15.766Z",
"https://http2.mlstatic.com/D_NQ_NP_838577-MLA52064929395_102022-O.webp","ARS","14730","","",,,,,"El Tour De Jack El Destripador - G. Portantier","","",,"false","true","","false","MLA21243883","MLA2045557003","MLA21243883","MLAU4941036351","MLA21243883","ORGANIC","false","false","libros de terror","","","629","+9.999 resultados","https://articulo.mercadolibre.com.ar/MLA-2045557003","","","","","","MLA412445","MLA-BOOKS","","CORE","CORE","","2026-09-26T20:42:15.766Z",
"https://http2.mlstatic.com/D_NQ_NP_841932-MLA112704165859_062026-O.webp","ARS","69558","","",,,,,"Libro La Planta De La Atropina, De Read, Sarah, Vol. 1. Editorial Dilatando Mentes Editorial, Tapa Blanda","6 cuotas de 15649","",,"true","true","EL RINCON LIBROS Tienda oficial","true","MLA72123450","MLA3421456398","MLA72123450","MLAU3940867484","MLA72123450","ORGANIC","false","false","libros de terror","","","630","+9.999 resultados","https://articulo.mercadolibre.com.ar/MLA-3421456398","Envío gratis","","","","","MLA412445","MLA-BOOKS","","CORE","CORE","","2026-09-26T20:42:15.766Z",
"https://http2.mlstatic.com/D_NQ_NP_884512-MLU74994562578_032024-O.webp","ARS","47199","","",,,,,"Holly (Edición en español), de Stephen King. Editorial Plaza & Janes, tapa blanda en español, 2023","6 cuotas de 10618","","100","true","true","","false","MLA29848493","MLA1921474091","MLA29848493","MLAU4419694097","MLA29848493","ORGANIC","false","false","libros de terror","4.9","","631","+9.999 resultados","https://articulo.mercadolibre.com.ar/MLA-1921474091","Llega gratis el lunes","","","","","MLA412445","MLA-BOOKS","","CORE","CORE","","2026-09-26T20:42:15.766Z",
"https://http2.mlstatic.com/D_NQ_NP_685712-MLA99937002885_112025-O.webp","ARS","18000","","",,,,,"Libro Alguien Llama A La Ventana De Cristina Bajo","","","25","false","true","","false","MLA22216619","MLA1492343353","MLA22216619","MLAU3143923705","MLA22216619","ORGANIC","false","false","libros de terror","5.0","","632","+9.999 resultados","https://articulo.mercadolibre.com.ar/MLA-1492343353","","","","","","MLA412445","MLA-BOOKS","","CORE","CORE","","2026-09-26T20:42:15.766Z",
"https://http2.mlstatic.com/D_NQ_NP_731320-MLA109041823369_032026-O.webp","ARS","70000","","",,,,,"El Misterio De Salems Lot - Stephen King - Plaza Y Janes","6 cuotas de 15748","",,"true",,"","false","MLA1711805355","MLA1711805355","","MLAU3858869768","MLAU3858869768","ORGANIC","false","false","libros de terror","","","633","+9.999 resultados","https://articulo.mercadolibre.com.ar/MLA-1711805355","Llega gratis el lunes","","","","","MLA412445","MLA-BOOKS","","CORE","CORE","","2026-09-26T20:42:15.766Z",
"https://http2.mlstatic.com/D_NQ_NP_792148-MLA109640079072_042026-O.webp","ARS","55999","","",,,,,"Oni-goroshi 2 - Arechi","6 cuotas de 12598","",,"true","true","ENTELEQUIA Tienda oficial","true","MLA68159180","MLA1780672243","MLA68159180","MLAU3957424142","MLA68159180","ORGANIC","false","false","libros de terror","","","634","+9.999 resultados","https://articulo.mercadolibre.com.ar/MLA-1780672243","Llega gratis el lunes","","","","","MLA412445","MLA-BOOKS","","CORE","CORE","","2026-09-26T20:42:15.767Z",
"https://http2.mlstatic.com/D_NQ_NP_788038-MLU79040557612_092024-O.webp","ARS","16500","","",,,,,"Cuentos De Mucho Terror, De Marina Rodriguez Felder., Vol. 1. Editorial Grupo Imaginador, Tapa Blanda En Español, 2024","","",,"false","true","Estacion Libro Tienda oficial","true","MLA40810678","MLA1952399794","MLA40810678","MLAU376341082","MLA40810678","ORGANIC","false","false","libros de terror","","","635","+9.999 resultados","https://articulo.mercadolibre.com.ar/MLA-1952399794","","","","","","MLA412445","MLA-BOOKS","","CORE","CORE","","2026-09-26T20:42:15.767Z",
"https://http2.mlstatic.com/D_NQ_NP_654527-MLA95651486511_102025-O.webp","ARS","42750","45000","5% OFF",,,,,"Libro Relatos De Terror Escritos Por Mujeres, De Gaskell, Elizabeth Braddon, Mary Elizabeth Aa.vv.. Editorial Akal","Mismo precio 3 cuotas de 14250","2000 ARS OFF con Cupón",,"true","true","","false","MLA60654799","MLA3227997416","MLA60654799","MLAU3921998588","MLA60654799","ORGANIC","false","false","libros de terror","","","636","+9.999 resultados","https://articulo.mercadolibre.com.ar/MLA-3227997416","Llega gratis hoy","OFERTA IMPERDIBLE","","","","MLA412445","MLA-BOOKS","","CORE","CORE","","2026-09-26T20:42:15.767Z",
"https://http2.mlstatic.com/D_NQ_NP_669660-MLA74828683465_022024-O.webp","ARS","137800","","",,,,,"Libro Clasicos Del Terror - Varios","Mismo precio 3 cuotas de 45933","",,"true",,"","false","MLA1116251377","MLA1116251377","","MLAU144456932","MLAU144456932","ORGANIC","false","false","libros de terror","","","637","+9.999 resultados","https://articulo.mercadolibre.com.ar/MLA-1116251377","Envío gratis","","","","","MLA412445","MLA-BOOKS","","CORE","CORE","","2026-09-26T20:42:15.767Z",
"https://http2.mlstatic.com/D_NQ_NP_688033-MLA105100998168_012026-O.webp","ARS","22000","","",,,,,"Lovecraft + Poe Pack X 3 Libros  Nuevos Relatos De Horror","","",,"true",,"","false","MLA2805038364","MLA2805038364","","MLAU3746712373","MLAU3746712373","ORGANIC","false","false","libros de terror","","","638","+9.999 resultados","https://articulo.mercadolibre.com.ar/MLA-2805038364","Llega gratis el lunes","","","","","MLA412445","MLA-BOOKS","","CORE","CORE","","2026-09-26T20:42:15.767Z",
"https://http2.mlstatic.com/D_NQ_NP_611837-MLA105021957651_012026-O.webp","ARS","15000","","",,,,,"El Angel Del Terror - Edgar Wallace","","",,"false",,"","false","MLA1647093669","MLA1647093669","","MLAU3730854967","MLAU3730854967","ORGANIC","false","false","libros de terror","","","639","+9.999 resultados","https://articulo.mercadolibre.com.ar/MLA-1647093669","","","","","","MLA412445","MLA-BOOKS","","CORE","CORE","","2026-09-26T20:42:15.767Z",
"https://http2.mlstatic.com/D_NQ_NP_987096-MLU69798034481_062023-O.webp","ARS","151250","","",,,,,"Berserk Deluxe - Volumen 8 Tapas Duras Nuevo, De Kentaro Miura. Serie Berserk, Vol. 8. Editorial Dark Horse, Tapa Dura En Inglés, 2016","6 cuotas de 34028","",,"true","true","ENTELEQUIA Tienda oficial","true","MLA23714279","MLA1464319143","MLA23714279","MLAU2884746217","MLA23714279","ORGANIC","false","false","libros de terror","","","640","+9.999 resultados","https://articulo.mercadolibre.com.ar/MLA-1464319143","Llega gratis el lunes","","","","","MLA412445","MLA-BOOKS","","CORE","CORE","","2026-09-26T20:42:15.767Z",
"https://http2.mlstatic.com/D_NQ_NP_953927-MLA109420437438_042026-O.webp","ARS","21050","","",,,,,"30 Noites De Mistério, Suspense E Terror, De Sergio Kuns","","",,"false",,"Bookear Tienda oficial","true","MLA3174372666","MLA3174372666","","MLAU3900568342","MLAU3900568342","ORGANIC","false","false","libros de terror","","","641","+9.999 resultados","https://articulo.mercadolibre.com.ar/MLA-3174372666","","","","","","MLA412445","MLA-BOOKS","","CORE","CORE","","2026-09-26T20:42:15.767Z",
"https://http2.mlstatic.com/D_NQ_NP_777413-MLA42077650896_062020-O.webp","ARS","12000","","",,,,,"Libro: Cuentos De Terror / Sheridan Le Fanu","","",,"false","true","","false","MLA21999599","MLA1729509929","MLA21999599","MLAU3880159272","MLA21999599","ORGANIC","false","false","libros de terror","","4","642","+9.999 resultados","https://articulo.mercadolibre.com.ar/MLA-1729509929","Llega el lunes","","","","","MLA412445","MLA-BOOKS","","CORE","CORE","","2026-09-26T20:42:15.767Z",
"https://http2.mlstatic.com/D_NQ_NP_920460-MLU74486432480_022024-O.webp","ARS","47024","49499","5% OFF",,,,,"Libro El Talisman - Stephen King Y Peter Straub - Debols!llo","6 cuotas de 10579","",,"true","true","Zivals Tienda oficial","true","MLA33827403","MLA1687538808","MLA33827403","MLAU322509084","MLA33827403","ORGANIC","false","false","libros de terror","","4","643","+9.999 resultados","https://articulo.mercadolibre.com.ar/MLA-1687538808","Llega gratis el lunes","OFERTA IMPERDIBLE","","","","MLA412445","MLA-BOOKS","","CORE","CORE","","2026-09-26T20:42:15.767Z",
"https://http2.mlstatic.com/D_NQ_NP_812720-MLU72972408657_112023-O.webp","ARS","40499","","",,,,,"La Condesa Sangrienta (edicion Aniversario) - Pizarnik, Caru","","","25","true","true","ENTELEQUIA Tienda oficial","true","MLA21138170","MLA3659067052","MLA21138170","MLAU224936215","MLA21138170","ORGANIC","false","false","libros de terror","4.9","","644","+9.999 resultados","https://articulo.mercadolibre.com.ar/MLA-3659067052","Llega gratis el lunes","","","","","MLA412445","MLA-BOOKS","","CORE","CORE","","2026-09-26T20:42:15.767Z",
"https://http2.mlstatic.com/D_NQ_NP_614485-MLA85313713125_052025-O.webp","ARS","19000","","",,,,,"La Pantalla Ensangrentada - Historia Del Cine Gore, De Varios Es. Editorial Cuarto Menguante, Tapa Blanda En Español, 2025","","","25","false","true","","false","MLA50572380","MLA2013031273","MLA50572380","MLAU4038938769","MLA50572380","ORGANIC","false","false","libros de terror","5.0","","645","+9.999 resultados","https://articulo.mercadolibre.com.ar/MLA-2013031273","","","","","","MLA412445","MLA-BOOKS","","CORE","CORE","","2026-09-26T20:42:15.767Z",
"https://http2.mlstatic.com/D_NQ_NP_612419-MLU74224872057_012024-O.webp","ARS","50000","","",,,,,"Doctor Sueño - King Stephen","Mismo precio 3 cuotas de 16666","","100","true","true","","false","MLA19869075","MLA3726915996","MLA19869075","MLAU4587275770","MLA19869075","ORGANIC","false","false","libros de terror","5.0","","646","+9.999 resultados","https://articulo.mercadolibre.com.ar/MLA-3726915996","Envío gratis","","","","","MLA412445","MLA-BOOKS","","CORE","CORE","","2026-09-26T20:42:15.767Z",
"https://http2.mlstatic.com/D_NQ_NP_628882-MLA95970228201_102025-O.webp","ARS","24900","","",,,,,"Libro Terrorismo De Estado Efectos Psicológicos (dlc), De Varios Autores, Vol. No Tiene. Editorial De La Campana, Tapa Blanda (2020)","","",,"true","true","","false","MLA60861781","MLA2497503142","MLA60861781","MLAU266722047","MLA60861781","ORGANIC","false","false","libros de terror","","","647","+9.999 resultados","https://articulo.mercadolibre.com.ar/MLA-2497503142","Llega gratis el lunes","","","","","MLA412445","MLA-BOOKS","","CORE","CORE","","2026-09-26T20:42:26.362Z",
"https://http2.mlstatic.com/D_NQ_NP_662755-MLA108743757616_032026-O.webp","ARS","32999","","",,,,,"Todo Es Eventual - Stephen King","","",,"true","true","PYQ Tienda oficial","true","MLA67266174","MLA1981710157","MLA67266174","MLAU4680214049","MLA67266174","ORGANIC","false","false","libros de terror","","","648","+9.999 resultados","https://articulo.mercadolibre.com.ar/MLA-1981710157","Llega gratis el lunes","","","","","MLA412445","MLA-BOOKS","","CORE","CORE","","2026-09-26T20:42:26.362Z",
"https://http2.mlstatic.com/D_NQ_NP_876324-MLU77284086566_072024-O.webp","ARS","16899","","",,,,,"La Trompeta Del Terror - Elige Tu Propia Aventura 13","","","50","true","true","ENTELEQUIA Tienda oficial","true","MLA22106563","MLA1412520303","MLA22106563","MLAU328220247","MLA22106563","ORGANIC","false","false","libros de terror","5.0","","649","+9.999 resultados","https://articulo.mercadolibre.com.ar/MLA-1412520303","Llega gratis el lunes","","","","","MLA412445","MLA-BOOKS","","CORE","CORE","","2026-09-26T20:42:26.363Z",
"https://http2.mlstatic.com/D_NQ_NP_835854-MLA111696779362_062026-O.webp","ARS","50649","","",,,,,"Historias De Miedo Para Contar En La Oscuridad: Historias De Terror Cortas Para Adultos Y Adolescentes (spanish Edition)","6 cuotas de 11395","",,"true","true","EL BAZAR DIGITAL Tienda oficial","true","MLA72456740","MLA1948792155","MLA72456740","MLAU4228150369","MLA72456740","ORGANIC","false","false","libros de terror","","","650","+9.999 resultados","https://articulo.mercadolibre.com.ar/MLA-1948792155","Envío gratis","","","","","MLA412445","MLA-BOOKS","","CORE","CORE","","2026-09-26T20:42:26.363Z",
"https://http2.mlstatic.com/D_NQ_NP_929377-MLA79805678409_102024-O.webp","ARS","6500","","",,,,,"El Que Susurraba En La Oscuridad - Aire Frio - H P Lovecraft","","","25","false","true","","false","MLA21157414","MLA1391600297","MLA21157414","MLAU187008378","MLA21157414","ORGANIC","false","false","libros de terror","4.5","2","651","+9.999 resultados","https://articulo.mercadolibre.com.ar/MLA-1391600297","Llega el lunes","ÚLTIMAS 3 | ÚLTIMAS UNIDADES","","","","MLA412445","MLA-BOOKS","","CORE","CORE","","2026-09-26T20:42:26.363Z",
"https://http2.mlstatic.com/D_NQ_NP_644717-MLA104290809619_012026-O.webp","ARS","72999","","",,,,,"Mariana Enriquez Nuestra Parte De La Noche Como Desaparecer","6 cuotas de 16423","",,"true",,"","false","MLA2769650372","MLA2769650372","","MLAU3723062876","MLAU3723062876","ORGANIC","false","false","libros de terror","","","652","+9.999 resultados","https://articulo.mercadolibre.com.ar/MLA-2769650372","Llega gratis el lunes","ÚLTIMAS 3 | ÚLTIMAS UNIDADES","","","","MLA412445","MLA-BOOKS","","CORE","CORE","","2026-09-26T20:42:26.363Z",
"https://http2.mlstatic.com/D_NQ_NP_674840-MLA48063443041_102021-O.webp","ARS","90000","","",,,,,"Filosofia Del Terror O Paradojas Del Corazon - Noël Carroll","6 cuotas de 20248","","50","true","true","","false","MLA20933917","MLA1893240235","MLA20933917","MLAU4314301874","MLA20933917","ORGANIC","false","false","libros de terror","5.0","","653","+9.999 resultados","https://articulo.mercadolibre.com.ar/MLA-1893240235","Envío gratis","","","","","MLA412445","MLA-BOOKS","","CORE","CORE","","2026-09-26T20:42:26.363Z",
"https://http2.mlstatic.com/D_NQ_NP_888343-MLA94282273921_102025-O.webp","ARS","32935","35000","5% OFF",,,,,"The Great God Pan And Other Stories - Arthur Machen","","",,"true",,"SBS Librerias Tienda oficial","true","MLA2421350030","MLA2421350030","","MLAU3466266133","MLAU3466266133","ORGANIC","false","false","libros de terror","","","654","+9.999 resultados","https://articulo.mercadolibre.com.ar/MLA-2421350030","Llega gratis el lunes","","","","","MLA412445","MLA-BOOKS","","CORE","CORE","","2026-09-26T20:42:26.363Z",
"https://http2.mlstatic.com/D_NQ_NP_887742-MLA114829359972_082026-O.webp","ARS","10500","","",,,,,"Pequeñas Muertes- Manzxja- Pi Ediciones","","",,"false","true","","false","MLA77347397","MLA3835138540","MLA77347397","MLAU3326527612","MLA77347397","ORGANIC","false","false","libros de terror","","","655","+9.999 resultados","https://articulo.mercadolibre.com.ar/MLA-3835138540","Llega el lunes","","","","","MLA412445","MLA-BOOKS","","CORE","CORE","","2026-09-26T20:42:26.363Z",
"https://http2.mlstatic.com/D_NQ_NP_871136-MLA82478156607_022025-O.webp","ARS","89480","","",,,,,"Guy de Maupassant Cuentos completos de terror, locura y de muerte Editorial Valdemar","6 cuotas de 20131","","25","true","true","MASLIBROS Tienda oficial","true","MLA23320875","MLA1542244732","MLA23320875","MLAU142803684","MLA23320875","ORGANIC","false","false","libros de terror","4.8","","656","+9.999 resultados","https://articulo.mercadolibre.com.ar/MLA-1542244732","Envío gratis","","","","","MLA412445","MLA-BOOKS","","CORE","CORE","","2026-09-26T20:42:26.363Z",
"https://http2.mlstatic.com/D_NQ_NP_796988-MLM49015964500_022022-O.webp","ARS","112090","","",,,,,"Howard Phillips Lovecraft Cthulhu Una celebración de los mitos Editorial Valdemar","6 cuotas de 25218","",,"true","true","","false","MLA22063969","MLA2040183981","MLA22063969","MLAU4974672750","MLA22063969","ORGANIC","false","false","libros de terror","","","657","+9.999 resultados","https://articulo.mercadolibre.com.ar/MLA-2040183981","Envío gratis","","","","","MLA412445","MLA-BOOKS","","CORE","CORE","","2026-09-26T20:42:26.363Z",
"https://http2.mlstatic.com/D_NQ_NP_624728-MLA51330998525_082022-O.webp","ARS","6500","","",,,,,"Casas Embrujadas,devele Misterio De Recintos Sobrenaturales","","",,"false",,"","false","MLA1160202236","MLA1160202236","","MLAU250319313","MLAU250319313","ORGANIC","false","false","libros de terror","","","658","+9.999 resultados","https://articulo.mercadolibre.com.ar/MLA-1160202236","","¡ÚLTIMA! | ÚLTIMA UNIDAD","","","","MLA412445","MLA-BOOKS","","CORE","CORE","","2026-09-26T20:42:26.363Z",
"https://http2.mlstatic.com/D_NQ_NP_854423-MLU79295735147_092024-O.webp","ARS","80746","85900","6% OFF",,,,,"El Tribunal De Los Secretos Vol. 02, De Steven T Seagle., Vol. 1. Editorial Plan B Publicaciones, S.l., Tapa Dura En Español","Mismo precio 3 cuotas de 26915","",,"true","true","La Revistería Comics Tienda oficial","true","MLA40829819","MLA1764592521","MLA40829819","MLAU3914944225","MLA40829819","ORGANIC","false","false","libros de terror","","","659","+9.999 resultados","https://articulo.mercadolibre.com.ar/MLA-1764592521","Llega gratis mañana","","","","","MLA412445","MLA-BOOKS","","CORE","CORE","","2026-09-26T20:42:26.363Z",
"https://http2.mlstatic.com/D_NQ_NP_892041-MLU70713821640_072023-O.webp","ARS","68669","76299","10% OFF",,,,,"Terror, El, De Dan Simmons. Roca Editorial, Tapa Blanda En Español","6 cuotas de 15449","",,"true","true","NADIR LIBROS Tienda oficial","true","MLA25383299","MLA3373460706","MLA25383299","MLAU3414492022","MLA25383299","ORGANIC","false","false","libros de terror","","","660","+9.999 resultados","https://articulo.mercadolibre.com.ar/MLA-3373460706","Envío gratis","","","","","MLA412445","MLA-BOOKS","","CORE","CORE","","2026-09-26T20:42:26.363Z",
"https://http2.mlstatic.com/D_NQ_NP_689097-MLA41780443244_052020-O.webp","ARS","15842","","",,,,,"Wigetta Y Los Secretos Del Cuerpo Humano - Vegetta777","","",,"false","true","LIBRENTA Tienda oficial","true","MLA22078108","MLA2230333142","MLA22078108","MLAU3349669117","MLA22078108","ORGANIC","false","false","libros de terror","","","661","+9.999 resultados","https://articulo.mercadolibre.com.ar/MLA-2230333142","","","","","","MLA412445","MLA-BOOKS","","CORE","CORE","","2026-09-26T20:42:26.363Z",
"https://http2.mlstatic.com/D_NQ_NP_668859-MLC53070294867_122022-O.webp","ARS","7900","","",,,,,"Beyond The Bad Dream - Ivrea Argentina","","","50","false","true","","false","MLA22000606","MLA1964083430","MLA22000606","MLAU2842184225","MLA22000606","ORGANIC","false","false","libros de terror","4.8","1","662","+9.999 resultados","https://articulo.mercadolibre.com.ar/MLA-1964083430","","","","","","MLA412445","MLA-BOOKS","","CORE","CORE","","2026-09-26T20:42:26.363Z",
"https://http2.mlstatic.com/D_NQ_NP_941270-MLA42042988207_062020-O.webp","ARS","45000","","",,,,,"Filo De La Navaja,el - Maugham,somerset","","",,"true","true","","false","MLA21258631","MLA3785102206","MLA21258631","MLAU4698238885","MLA21258631","ORGANIC","false","false","libros de terror","","","663","+9.999 resultados","https://articulo.mercadolibre.com.ar/MLA-3785102206","Llega gratis el lunes","","","","","MLA412445","MLA-BOOKS","","CORE","CORE","","2026-09-26T20:42:26.363Z",
"https://http2.mlstatic.com/D_NQ_NP_935872-MLU77286578670_072024-O.webp","ARS","21850","","",,,,,"Frankenstein, de Mary Shelley. Editorial Ediciones Lea S.A., tapa blanda, edición 1 en español, 2017","","2000 ARS OFF con Cupón","25","true","true","","false","MLA22078759","MLA2840432680","MLA22078759","MLAU3771647783","MLA22078759","ORGANIC","false","false","libros de terror","4.8","","664","+9.999 resultados","https://articulo.mercadolibre.com.ar/MLA-2840432680","Llega gratis hoy","","","","","MLA412445","MLA-BOOKS","","CORE","CORE","","2026-09-26T20:42:26.363Z",
"https://http2.mlstatic.com/D_NQ_NP_969954-MLU74736048758_032024-O.webp","ARS","6500","","",,,,,"Clasicos De Terror Ii (clasicos Juveniles Sigmar), De Ambrose Bierce. Clasicos Juveniles Editorial Sigmar, Tapa Tapa Blanda En Español, 2024","","",,"false","true","","false","MLA34147378","MLA1472809463","MLA34147378","MLAU2954969283","MLA34147378","ORGANIC","false","false","libros de terror","","","665","+9.999 resultados","https://articulo.mercadolibre.com.ar/MLA-1472809463","Llega el lunes","","","","","MLA412445","MLA-BOOKS","","CORE","CORE","","2026-09-26T20:42:26.363Z",
"https://http2.mlstatic.com/D_NQ_NP_886307-MLU79169033719_092024-O.webp","ARS","53289","","",,,,,"Dr Cula / Dracula, De Bram Stoker. Editorial Penguin Clásicos, Tapa Blanda En Español","6 cuotas de 11989","",,"true","true","EL BAZAR DIGITAL Tienda oficial","true","MLA33685995","MLA1782085487","MLA33685995","MLAU3673556752","MLA33685995","ORGANIC","false","false","libros de terror","","","666","+9.999 resultados","https://articulo.mercadolibre.com.ar/MLA-1782085487","Envío gratis","","","","","MLA412445","MLA-BOOKS","","CORE","CORE","","2026-09-26T20:42:26.363Z",
"https://http2.mlstatic.com/D_NQ_NP_845341-MLA46493945075_062021-O.webp","ARS","19000","","",,,,,"Histrorias De Fantasmas De Un Anticuario - M.R. James, de James, M. R.. Editorial Gargola, tapa blanda en español","","2000 ARS OFF con Cupón",,"true","true","","false","MLA22117335","MLA1362850901","MLA22117335","MLAU142045559","MLA22117335","ORGANIC","false","false","libros de terror","","2","667","+9.999 resultados","https://articulo.mercadolibre.com.ar/MLA-1362850901","Llega gratis hoy","ÚLTIMAS 3 | ÚLTIMAS UNIDADES","","","","MLA412445","MLA-BOOKS","","CORE","CORE","","2026-09-26T20:42:26.363Z",
"https://http2.mlstatic.com/D_NQ_NP_627402-MLU79328044387_092024-O.webp","ARS","63826","67900","6% OFF",,,,,"Tribunal De Los Secretos, De Varios Autores., Vol. 1. Editorial Plan B Publicaciones, S.l., Tapa Dura En Español","Mismo precio 3 cuotas de 21275","",,"true","true","La Revistería Comics Tienda oficial","true","MLA40886012","MLA3136671664","MLA40886012","MLAU3872463625","MLA40886012","ORGANIC","false","false","libros de terror","","2","668","+9.999 resultados","https://articulo.mercadolibre.com.ar/MLA-3136671664","Llega gratis mañana","","","","","MLA412445","MLA-BOOKS","","CORE","CORE","","2026-09-26T20:42:26.363Z",
"https://http2.mlstatic.com/D_NQ_NP_746432-MLU74559072937_022024-O.webp","ARS","49869","","",,,,,"La Casa De Las Sombras: No Aplica, De Nevill, Adam. Editorial Minotauro Ediciones, Tapa Blanda En Español","6 cuotas de 11219","",,"true","true","MASLIBROS Tienda oficial","true","MLA25337465","MLA1388859733","MLA25337465","MLAU143384477","MLA25337465","ORGANIC","false","false","libros de terror","","2","669","+9.999 resultados","https://articulo.mercadolibre.com.ar/MLA-1388859733","Envío gratis","","","","","MLA412445","MLA-BOOKS","","CORE","CORE","","2026-09-26T20:42:26.363Z",
"https://http2.mlstatic.com/D_NQ_NP_663676-MLA81247098764_122024-O.webp","ARS","131926","","",,,,,"Simpson,los La Casa Arbol Del Terror 1: Historias De Terror Y Tentáculos, De Aa.vv. La Casa-árbol Del Terror, Vol. 1. Editorial Hidra,editorial, Tapa Dura En Español, 2024","6 cuotas de 29681","",,"true","true","MASLIBROS Tienda oficial","true","MLA44966188","MLA1983983000","MLA44966188","MLAU2895571072","MLA44966188","ORGANIC","false","false","libros de terror","","","670","+9.999 resultados","https://articulo.mercadolibre.com.ar/MLA-1983983000","Envío gratis","","","","","MLA412445","MLA-BOOKS","","CORE","CORE","","2026-09-26T20:42:26.363Z",
"https://http2.mlstatic.com/D_NQ_NP_757182-MLA86349875486_062025-O.webp","ARS","23310","25900","10% OFF",,,,,"La Chica Mas Rara Del Mundo - Mariano Cattaneo","","",,"false",,"NADIR LIBROS Tienda oficial","true","MLA1368551197","MLA1368551197","","MLAU252586697","MLAU252586697","ORGANIC","false","false","libros de terror","","","671","+9.999 resultados","https://articulo.mercadolibre.com.ar/MLA-1368551197","","","","","","MLA412445","MLA-BOOKS","","CORE","CORE","","2026-09-26T20:42:26.363Z",
"https://http2.mlstatic.com/D_NQ_NP_916988-MLA99990717697_112025-O.webp","ARS","28695","","",,,,,"Libro Obligaciones básicas para la prevención del blanqueo de capitales y financiación del terrorismo, de CARMONA RUIZ, ALMUDENA, tapa blanda (2021)","","",,"false","true","","false","MLA25290796","MLA2089587610","MLA25290796","MLAU3186051989","MLA25290796","ORGANIC","false","false","libros de terror","","","672","+9.999 resultados","https://articulo.mercadolibre.com.ar/MLA-2089587610","","","","","","MLA412445","MLA-BOOKS","","CORE","CORE","","2026-09-26T20:42:26.363Z",
"https://http2.mlstatic.com/D_NQ_NP_800352-MLU78953329822_092024-O.webp","ARS","41020","","",,,,,"Los Mitos De Cthulhu, De Lovecraft, H. P.., Vol. 1. Editorial Alianza Editorial, Tapa Blanda En Español, 2024","","",,"true","true","MASLIBROS Tienda oficial","true","MLA40644885","MLA1460155811","MLA40644885","MLAU366560240","MLA40644885","ORGANIC","false","false","libros de terror","","","673","+9.999 resultados","https://articulo.mercadolibre.com.ar/MLA-1460155811","Envío gratis","","","","","MLA412445","MLA-BOOKS","","CORE","CORE","","2026-09-26T20:42:26.363Z",
"https://http2.mlstatic.com/D_NQ_NP_620401-MLA94362924159_102025-O.webp","ARS","125798","","",,,,,"Libro LA ÚNICA APUESTA QUE REALMENTE GANÉ vs vicios, adicciones y otros terrores emocionales, de Manuel Salmun Wiernik. Editorial Epicbook","6 cuotas de 28302","",,"true","true","","false","MLA59149730","MLA1793698193","MLA59149730","MLAU3982453616","MLA59149730","ORGANIC","false","false","libros de terror","","","674","+9.999 resultados","https://articulo.mercadolibre.com.ar/MLA-1793698193","Envío gratis","","","","","MLA412445","MLA-BOOKS","","CORE","CORE","","2026-09-26T20:42:26.363Z",
"https://http2.mlstatic.com/D_NQ_NP_931559-MLU70884901764_082023-O.webp","ARS","26588","28900","8% OFF",,,,,"Libro RAVENHEART, de Andrés Belenguer, Sandra. Editorial del Nuevo Extremo, tapa blanda (2023)","","",,"true","true","La Revistería Comics Tienda oficial","true","MLA25607016","MLA2192934444","MLA25607016","MLAU3316368904","MLA25607016","ORGANIC","false","false","libros de terror","","","675","+9.999 resultados","https://articulo.mercadolibre.com.ar/MLA-2192934444","Llega gratis mañana","","","","","MLA412445","MLA-BOOKS","","CORE","CORE","","2026-09-26T20:42:26.363Z",
"https://http2.mlstatic.com/D_NQ_NP_706685-MLA40144482669_122019-O.webp","ARS","20000","","",,,,,"Cuentos De Terror Para Franco Ii - Mitoire Hugo Daniel","","","50",,,"","false","MLA22441713","POLYCARD","MLA22441713","","MLA22441713","ORGANIC","false","false","libros de terror","5.0","","676","+9.999 resultados","","","","","","","","MLA-BOOKS","","CORE","CORE","","2026-09-26T20:42:26.363Z",
"https://http2.mlstatic.com/D_NQ_NP_778223-MLU79072820774_092024-O.webp","ARS","60688","","",,,,,"Ramón Mayrata Fantasmagoría Magia, terror, mito y ciencia Editorial Felguera Ediciones","6 cuotas de 13653","",,"true","true","MASLIBROS Tienda oficial","true","MLA20928625","MLA1395038671","MLA20928625","MLAU194074637","MLA20928625","ORGANIC","false","false","libros de terror","","","677","+9.999 resultados","https://articulo.mercadolibre.com.ar/MLA-1395038671","Envío gratis","","","","","MLA412445","MLA-BOOKS","","CORE","CORE","","2026-09-26T20:42:26.363Z",
"https://http2.mlstatic.com/D_NQ_NP_971853-MLU76163629699_052024-O.webp","ARS","25220","","",,,,,"Libro El Asesino De Policías - Serie Martin Beck Ix","","","25","true","true","","false","MLA26047192","MLA1475610269","MLA26047192","MLAU2994404669","MLA26047192","ORGANIC","false","false","libros de terror","5.0","","678","+9.999 resultados","https://articulo.mercadolibre.com.ar/MLA-1475610269","Llega gratis el lunes","","","","","MLA412445","MLA-BOOKS","","CORE","CORE","","2026-09-26T20:42:26.363Z",
"https://http2.mlstatic.com/D_NQ_NP_942861-MLA93489001925_092025-O.webp","ARS","51298","","",,,,,"Libro El Negocio Del Terrorismo: Una Perspectiva Economica, De Presburger, Dr. Enrique. Editorial Shanti Nilaya, Tapa Blanda (2025)","6 cuotas de 11541","",,"true","true","","false","MLA58097557","MLA1796458443","MLA58097557","MLAU3990138104","MLA58097557","ORGANIC","false","false","libros de terror","","1","679","+9.999 resultados","https://articulo.mercadolibre.com.ar/MLA-1796458443","Envío gratis","","","","","MLA412445","MLA-BOOKS","","CORE","CORE","","2026-09-26T20:42:26.363Z",
"https://http2.mlstatic.com/D_NQ_NP_680523-MLA53543863452_012023-O.webp","ARS","13860","","",,,,,"Blood On The Tracks 04 Ivrea Manga","","","25","false","true","","false","MLA22091985","MLA1494182987","MLA22091985","MLAU158668156","MLA22091985","ORGANIC","false","false","libros de terror","5.0","","680","+9.999 resultados","https://articulo.mercadolibre.com.ar/MLA-1494182987","","","","","","MLA412445","MLA-BOOKS","","CORE","CORE","","2026-09-26T20:42:26.363Z",
"https://http2.mlstatic.com/D_NQ_NP_973939-MLA25824150335_072017-O.webp","ARS","26078","","",,,,,"Cuentos De Terror Para Franco I - Mitoire Hugo","Cuota promocionada en 6 cuotas de 5076","","50","false","true","","false","MLA21137796","MLA3519087770","MLA21137796","MLAU4147809385","MLA21137796","ORGANIC","false","false","libros de terror","5.0","","681","+9.999 resultados","https://articulo.mercadolibre.com.ar/MLA-3519087770","","","","","","MLA412445","MLA-BOOKS","","CORE","CORE","","2026-09-26T20:42:26.363Z",
"https://http2.mlstatic.com/D_NQ_NP_666702-MLA52402209487_112022-O.webp","ARS","30150","","",,,,,"Shining,the - Hodder **new Edition** Kel Ediciones","","","100","false","true","","false","MLA22164744","MLA3933477924","MLA22164744","MLAU5139309478","MLA22164744","ORGANIC","false","false","libros de terror","4.9","","682","+9.999 resultados","https://articulo.mercadolibre.com.ar/MLA-3933477924","","","","","","MLA412445","MLA-BOOKS","","CORE","CORE","","2026-09-26T20:42:26.363Z",
"https://http2.mlstatic.com/D_NQ_NP_679344-MLA84321963704_052025-O.webp","ARS","27569","","",,,,,"Castigo, De Carme Chaparro. 1, Vol. 1. Editorial Booket, Tapa Blanda, Edición 1 En Español, 2025","","",,"false","true","LIBERATE Tienda oficial","true","MLA49780512","MLA2278053610","MLA49780512","MLAU3377079534","MLA49780512","ORGANIC","false","false","libros de terror","","","683","+9.999 resultados","https://articulo.mercadolibre.com.ar/MLA-2278053610","","","","","","MLA412445","MLA-BOOKS","","CORE","CORE","","2026-09-26T20:42:26.364Z",
"https://http2.mlstatic.com/D_NQ_NP_740861-MLA97584850567_112025-O.webp","ARS","52266","","",,,,,"Libro Un Hombre Mejor, De Louise Penny, Vol. 1. Editorial Salamandra, Tapa Blanda (2025)","6 cuotas de 11758","",,"true","true","MASLIBROS Tienda oficial","true","MLA61866084","MLA2565892012","MLA61866084","MLAU3474645759","MLA61866084","ORGANIC","false","false","libros de terror","","","684","+9.999 resultados","https://articulo.mercadolibre.com.ar/MLA-2565892012","Envío gratis","","","","","MLA412445","MLA-BOOKS","","CORE","CORE","","2026-09-26T20:42:26.364Z",
"https://http2.mlstatic.com/D_NQ_NP_834641-MLU78068687865_072024-O.webp","ARS","27090","","",,,,,"Cuentos De Terror Para Franco 9, De Mitoire Hugo. N/a, Vol. IX. Editorial Libreria De La Paz, Tapa Blanda, Edición 1 En Español","","",,"false","true","","false","MLA38763549","MLA3912397104","MLA38763549","MLAU5001054764","MLA38763549","ORGANIC","false","false","libros de terror","","","685","+9.999 resultados","https://articulo.mercadolibre.com.ar/MLA-3912397104","","","","","","MLA412445","MLA-BOOKS","","CORE","CORE","","2026-09-26T20:42:26.364Z",
"https://http2.mlstatic.com/D_NQ_NP_743240-MLA47758111072_102021-O.webp","ARS","18000","","",,,,,"El Esqueleto 01 - Ovni Press - Salvador Sanz - Viducomics","","",,"true",,"","false","MLA1106620845","MLA1106620845","","MLAU223194376","MLAU223194376","ORGANIC","false","false","libros de terror","","","686","+9.999 resultados","https://articulo.mercadolibre.com.ar/MLA-1106620845","Llega gratis el lunes","","","","","MLA412445","MLA-BOOKS","","CORE","CORE","","2026-09-26T20:42:26.364Z",
"https://http2.mlstatic.com/D_NQ_NP_735436-MLU78597352774_082024-O.webp","ARS","16144","","",,,,,"H P Lovecraft - El Color Que Cayó Del Cielo - Libro","","","25","false","true","","false","MLA21137843","MLA1379688025","MLA21137843","MLAU177452233","MLA21137843","ORGANIC","false","false","libros de terror","4.8","","687","+9.999 resultados","https://articulo.mercadolibre.com.ar/MLA-1379688025","","","","","","MLA412445","MLA-BOOKS","","CORE","CORE","","2026-09-26T20:42:26.364Z",
"https://http2.mlstatic.com/D_NQ_NP_789915-MLA41563330587_042020-O.webp","ARS","55000","","",,,,,"Socorro + Queridos Monstruos ","6 cuotas de 12374","",,"true",,"","false","MLA851860137","MLA851860137","","MLAU177316330","MLAU177316330","ORGANIC","false","false","libros de terror","","5","688","+9.999 resultados","https://articulo.mercadolibre.com.ar/MLA-851860137","Envío gratis","¡ÚLTIMA! | ÚLTIMA UNIDAD","","","","MLA412445","MLA-BOOKS","","CORE","CORE","","2026-09-26T20:42:26.364Z",
"https://http2.mlstatic.com/D_NQ_NP_618760-MLU79211248155_092024-O.webp","ARS","27569","","",,,,,"Libro Apocalipsis Z [ Los Días Oscuros ] Original, De Manel Loureiro., Vol. 2. Editorial Booket, Tapa Blanda En Español, 2024","","",,"false","true","MASLIBROS Tienda oficial","true","MLA40668077","MLA2101138336","MLA40668077","MLAU2706528712","MLA40668077","ORGANIC","false","false","libros de terror","","8","689","+9.999 resultados","https://articulo.mercadolibre.com.ar/MLA-2101138336","","","","","","MLA412445","MLA-BOOKS","","CORE","CORE","","2026-09-26T20:42:26.364Z",
"https://http2.mlstatic.com/D_NQ_NP_756352-MLA82457990897_022025-O.webp","ARS","22400","","",,,,,"Carmilla Joseph Sheridan Le Fanu, De Joseph Sheridan Le Fanu. Editorial Editores Mexicanos Unidos, Tapa Blanda, Edición 01 En Español, 2012","","",,"false","true","Yenny El Ateneo Tienda oficial","true","MLA46090569","MLA2796765066","MLA46090569","MLAU3736442307","MLA46090569","ORGANIC","false","false","libros de terror","","","690","+9.999 resultados","https://articulo.mercadolibre.com.ar/MLA-2796765066","","","","","","MLA412445","MLA-BOOKS","","CORE","CORE","","2026-09-26T20:42:26.364Z",
"https://http2.mlstatic.com/D_NQ_NP_937254-MLA46987440528_082021-O.webp","ARS","18000","20000","10% OFF",,,,,"Libro Maquina Del Tiempo, La 70 A. - Wells","","","25","false","true","Eterna Cadencia Tienda oficial","true","MLA21504627","MLA1380433539","MLA21504627","MLAU282605275","MLA21504627","ORGANIC","false","false","libros de terror","5.0","1","691","+9.999 resultados","https://articulo.mercadolibre.com.ar/MLA-1380433539","","OFERTA IMPERDIBLE","","","","MLA412445","MLA-BOOKS","","CORE","CORE","","2026-09-26T20:42:26.364Z",
"https://http2.mlstatic.com/D_NQ_NP_866586-MLA107532209796_032026-O.webp","ARS","27600","30000","8% OFF",,,,,"El Gran Libro De Los Cuentos Chinos De Terror Y Fantasia","","",,"false",,"Yenny El Ateneo Tienda oficial","true","MLA1691998557","MLA1691998557","","MLAU3823567397","MLAU3823567397","ORGANIC","false","false","libros de terror","","","692","+9.999 resultados","https://articulo.mercadolibre.com.ar/MLA-1691998557","","","","","","MLA412445","MLA-BOOKS","","CORE","CORE","","2026-09-26T20:42:26.364Z",
"https://http2.mlstatic.com/D_NQ_NP_843289-MLA99925276277_112025-O.webp","ARS","8000","","",,,,,"Urotsukidoji La Leyenda Del Gran Demonio, De Toshio Maeda., Vol. 2. Editorial Popfiction, Tapa Blanda, Edición 1 En Español, 2021","","",,"false","true","UBIK Libros Comics Tienda oficial","true","MLA23257434","MLA1387012469","MLA23257434","MLAU142021225","MLA23257434","ORGANIC","false","false","libros de terror","","","693","+9.999 resultados","https://articulo.mercadolibre.com.ar/MLA-1387012469","Llega el lunes","","","","","MLA412445","MLA-BOOKS","","CORE","CORE","","2026-09-26T20:42:26.364Z",
"https://http2.mlstatic.com/D_NQ_NP_846166-MLA113246142819_062026-O.webp","ARS","18990","","",,,,,"Libro El Ángel Del Terror - Edgar Wallace - Salvat","","",,"true",,"","false","MLA3464244360","MLA3464244360","","MLAU4091762257","MLAU4091762257","ORGANIC","false","false","libros de terror","","","694","+9.999 resultados","https://articulo.mercadolibre.com.ar/MLA-3464244360","Llega gratis el lunes","","","","","MLA412445","MLA-BOOKS","","CORE","CORE","","2026-09-26T20:42:26.364Z",
"https://http2.mlstatic.com/D_NQ_NP_826269-MLA80856853011_112024-O.webp","ARS","146712","","",,,,,"Fatale Integral 2, De Brubaker. Editorial Panini Comics, Tapa Dura En Español, 2022","6 cuotas de 33007","",,"true","true","ENTELEQUIA Tienda oficial","true","MLA32400222","MLA1902791691","MLA32400222","MLAU307797411","MLA32400222","ORGANIC","false","false","libros de terror","","","695","+9.999 resultados","https://articulo.mercadolibre.com.ar/MLA-1902791691","Llega gratis el lunes","","","","","MLA412445","MLA-BOOKS","","CORE","CORE","","2026-09-26T20:42:57.465Z",
"https://http2.mlstatic.com/D_NQ_NP_959090-MLA106283181303_012026-O.webp","ARS","15000","","",,,,,"Relatos Completos Vi - 1930-1931 - H.p. Lovecraft, De Lovecraft, H. P.. Editorial Terramar, Tapa Blanda En Español, 2023","","",,"false","true","","false","MLA31377477","MLA1848540646","MLA31377477","MLAU232901927","MLA31377477","ORGANIC","false","false","libros de terror","","","696","+9.999 resultados","https://articulo.mercadolibre.com.ar/MLA-1848540646","Llega el lunes","","","","","MLA412445","MLA-BOOKS","","CORE","CORE","","2026-09-26T20:42:57.465Z",
"https://http2.mlstatic.com/D_NQ_NP_711176-MLA99989360713_112025-O.webp","ARS","21499","","",,,,,"El Color Que Cayó Del Cielo: Y Otras Pesadillas, De Lovecraft H.p. (howard Phillips)., Vol. Volumen Unico. Editorial Colihue, Tapa Blanda, Edición 1 En Español","","",,"true","true","ENTELEQUIA Tienda oficial","true","MLA24056274","MLA1608426100","MLA24056274","MLAU237009857","MLA24056274","ORGANIC","false","false","libros de terror","","","697","+9.999 resultados","https://articulo.mercadolibre.com.ar/MLA-1608426100","Llega gratis el lunes","","","","","MLA412445","MLA-BOOKS","","CORE","CORE","","2026-09-26T20:42:57.465Z",
"https://http2.mlstatic.com/D_NQ_NP_737872-MLA102380927928_122025-O.webp","ARS","51000","","",,,,,"Kentukis + Buen Mal - Samantha Schweblin - 2 Libros Lrh","Mismo precio 3 cuotas de 17000","",,"true",,"","false","MLA1623283595","MLA1623283595","","MLAU3695687247","MLAU3695687247","ORGANIC","false","false","libros de terror","","","698","+9.999 resultados","https://articulo.mercadolibre.com.ar/MLA-1623283595","Envío gratis","","","","","MLA412445","MLA-BOOKS","","CORE","CORE","","2026-09-26T20:42:57.465Z",
"https://http2.mlstatic.com/D_NQ_NP_723528-MLA93254201684_092025-O.webp","ARS","27621","","",,,,,"Yo Voy A Ser La Nueva Jefa Del Clan 03, De Kim Roah, Mon Art Studio, Vol. 3. Editorial Ivrea Argentina, En Castellano (2025)","","","25","false","true","","false","MLA58296913","MLA2781698886","MLA58296913","MLAU3437628712","MLA58296913","ORGANIC","false","false","libros de terror","4.8","4","699","+9.999 resultados","https://articulo.mercadolibre.com.ar/MLA-2781698886","","","","","","MLA412445","MLA-BOOKS","","CORE","CORE","","2026-09-26T20:42:57.465Z",
"https://http2.mlstatic.com/D_NQ_NP_705703-MLU74942960466_032024-O.webp","ARS","11800","","",,,,,"Terrorismo Y Guerra Justa, De Walzer, Michael. Editorial Katz Editores, Tapa Blanda En Español","","",,"false","true","NAVEBOOKS Tienda oficial","true","MLA34315419","MLA2623309346","MLA34315419","MLAU3652047996","MLA34315419","ORGANIC","false","false","libros de terror","","","700","+9.999 resultados","https://articulo.mercadolibre.com.ar/MLA-2623309346","Llega el lunes","","","","","MLA412445","MLA-BOOKS","","CORE","CORE","","2026-09-26T20:42:57.465Z",
"https://http2.mlstatic.com/D_NQ_NP_616244-MLU74114624092_012024-O.webp","ARS","8000","","",,,,,"10 Leyendas Para No Volver A Dormir, De Lambert, Alibel. Editorial Maya, Tapa Tapa Blanda En Español","","","25","false","true","","false","MLA30199791","MLA1443417563","MLA30199791","MLAU225465805","MLA30199791","ORGANIC","false","false","libros de terror","4.0","","701","+9.999 resultados","https://articulo.mercadolibre.com.ar/MLA-1443417563","Llega el lunes","","","","","MLA412445","MLA-BOOKS","","CORE","CORE","","2026-09-26T20:42:57.465Z",
"https://http2.mlstatic.com/D_NQ_NP_902978-MLU72823357228_112023-O.webp","ARS","26820","29800","10% OFF",,,,,"Libro Narraciones Extraordinarias (pocket) - Edgar Allan Poe","","","25","false","true","Eterna Cadencia Tienda oficial","true","MLA19901378","MLA1456716265","MLA19901378","MLAU228336981","MLA19901378","ORGANIC","false","false","libros de terror","4.6","","702","+9.999 resultados","https://articulo.mercadolibre.com.ar/MLA-1456716265","","","","","","MLA412445","MLA-BOOKS","","CORE","CORE","","2026-09-26T20:42:57.465Z",
"https://http2.mlstatic.com/D_NQ_NP_960720-MLA29333212572_022019-O.webp","ARS","6000","","",,,,,"Pozo De Miedo - Lectonautas","","","25","false","true","PYQ Tienda oficial","true","MLA22178390","MLA1511427785","MLA22178390","MLAU3317590259","MLA22178390","ORGANIC","false","false","libros de terror","","","703","+9.999 resultados","https://articulo.mercadolibre.com.ar/MLA-1511427785","Llega el lunes","","","","","MLA412445","MLA-BOOKS","","CORE","CORE","","2026-09-26T20:42:57.465Z",
"https://http2.mlstatic.com/D_NQ_NP_640264-MLA51544306335_092022-O.webp","ARS","35000","","",,,,,"Libro El Campamento - Blue Jeans, de Blue Jeans. Editorial Planeta, tapa blanda en español, 2021","","","100","true","true","","false","MLA19865024","MLA3897738762","MLA19865024","MLAU5040742523","MLA19865024","ORGANIC","false","false","libros de terror","4.9","","704","+9.999 resultados","https://articulo.mercadolibre.com.ar/MLA-3897738762","Envío gratis","","","","","MLA412445","MLA-BOOKS","","CORE","CORE","","2026-09-26T20:42:57.465Z",
"https://http2.mlstatic.com/D_NQ_NP_886716-MLA51955152461_102022-O.webp","ARS","69840","","",,,,,"Desaparicion En La Roca Del Diablo","Mismo precio 3 cuotas de 23280","",,"true",,"EDICIONES CONTINENTE Tienda oficial","true","MLA1194523152","MLA1194523152","","MLAU154115619","MLAU154115619","ORGANIC","false","false","libros de terror","","1","705","+9.999 resultados","https://articulo.mercadolibre.com.ar/MLA-1194523152","Envío gratis","","","","","MLA412445","MLA-BOOKS","","CORE","CORE","","2026-09-26T20:42:57.465Z",
"https://http2.mlstatic.com/D_NQ_NP_788774-MLA82451508443_022025-O.webp","ARS","31228","","",,,,,"Los Cuadernos De Lovecraft 2 La Ciudad Sin Nombre -minotauro","","",,"false","true","MASLIBROS Tienda oficial","true","MLA22072587","MLA1388540301","MLA22072587","MLAU142596043","MLA22072587","ORGANIC","false","false","libros de terror","","1","706","+9.999 resultados","https://articulo.mercadolibre.com.ar/MLA-1388540301","","","","","","MLA412445","MLA-BOOKS","","CORE","CORE","","2026-09-26T20:42:57.465Z",
"https://http2.mlstatic.com/D_NQ_NP_895875-MLA53442028593_012023-O.webp","ARS","26910","","",,,,,"Teo Y Ana Investigan El Terror - Alexiev Gandman","","2000 ARS OFF con Cupón","50","true","true","","false","MLA21506208","MLA1367936670","MLA21506208","MLAU157468608","MLA21506208","ORGANIC","false","false","libros de terror","4.8","","707","+9.999 resultados","https://articulo.mercadolibre.com.ar/MLA-1367936670","Llega gratis hoy","ÚLTIMAS 3 | ÚLTIMAS UNIDADES","","","","MLA412445","MLA-BOOKS","","CORE","CORE","","2026-09-26T20:42:57.465Z",
"https://http2.mlstatic.com/D_NQ_NP_821079-MLA91636429513_092025-O.webp","ARS","20699","22999","10% OFF",,,,,"Fabrica Del Terror 2, La-shua, Ana María","","",,"false",,"NADIR LIBROS Tienda oficial","true","MLA2316080806","MLA2316080806","","MLAU3405587490","MLAU3405587490","ORGANIC","false","false","libros de terror","","","708","+9.999 resultados","https://articulo.mercadolibre.com.ar/MLA-2316080806","","","","","","MLA412445","MLA-BOOKS","","CORE","CORE","","2026-09-26T20:42:57.465Z",
"https://http2.mlstatic.com/D_NQ_NP_659012-MLA90916765046_082025-O.webp","ARS","16000","","",,,,,"Terror En El Jardín, De Rik Peters. Editorial La Brujita De Papel, Tapa Blanda En Español","","","25","true","true","","false","MLA54214586","MLA1521753715","MLA54214586","MLAU3348641498","MLA54214586","ORGANIC","false","false","libros de terror","4.8","","709","+9.999 resultados","https://articulo.mercadolibre.com.ar/MLA-1521753715","Llega gratis el lunes","","","","","MLA412445","MLA-BOOKS","","CORE","CORE","","2026-09-26T20:42:57.465Z",
"https://http2.mlstatic.com/D_NQ_NP_940107-MLA82627472174_032025-O.webp","ARS","26215","27859,65","5% OFF",,,,,"The Gunslinger - The Dark Tower I","","",,"true",,"SBS Librerias Tienda oficial","true","MLA1178363356","MLA1178363356","","MLAU222799497","MLAU222799497","ORGANIC","false","false","libros de terror","","","710","+9.999 resultados","https://articulo.mercadolibre.com.ar/MLA-1178363356","Llega gratis el lunes","","","","","MLA412445","MLA-BOOKS","","CORE","CORE","","2026-09-26T20:42:57.465Z",
"https://http2.mlstatic.com/D_NQ_NP_716047-MLA29643448964_032019-O.webp","ARS","28990","","",,,,,"Lo Mas Cruel Del Invierno - Chris Priestley","","","25","true","true","","false","MLA22166302","MLA2124354299","MLA22166302","MLAU5264606611","MLA22166302","ORGANIC","false","false","libros de terror","5.0","","711","+9.999 resultados","https://articulo.mercadolibre.com.ar/MLA-2124354299","Llega gratis el lunes","","","","","MLA412445","MLA-BOOKS","","CORE","CORE","","2026-09-26T20:42:57.465Z",
"https://http2.mlstatic.com/D_NQ_NP_625665-MLA80821556417_112024-O.webp","ARS","59938","","",,,,,"Pack Dos Tomos Blackwater Ii Y Iii - Michael Mcdowell","6 cuotas de 13485","",,"true",,"Ribera Libros Tienda oficial","true","MLA1461642707","MLA1461642707","","MLAU2825734802","MLAU2825734802","ORGANIC","false","false","libros de terror","","1","712","+9.999 resultados","https://articulo.mercadolibre.com.ar/MLA-1461642707","Llega gratis el lunes","ÚLTIMAS 2 | ÚLTIMAS UNIDADES","","","","MLA412445","MLA-BOOKS","","CORE","CORE","","2026-09-26T20:42:57.465Z",
"https://http2.mlstatic.com/D_NQ_NP_780700-MLA32629877366_102019-O.webp","ARS","11900","","",,,,,"No Duermas En La Habitacion De La Torre - Serie Negra","","","25","false","true","","false","MLA22010214","MLA1468828910","MLA22010214","MLAU170120983","MLA22010214","ORGANIC","false","false","libros de terror","","","713","+9.999 resultados","https://articulo.mercadolibre.com.ar/MLA-1468828910","","","","","","MLA412445","MLA-BOOKS","","CORE","CORE","","2026-09-26T20:42:57.465Z",
"https://http2.mlstatic.com/D_NQ_NP_699448-MLU77950301885_072024-O.webp","ARS","47860","","",,,,,"Libro PURO TERROR, de ENRIQUE AGUDO. Editorial Manontroppo, tapa blanda","Mismo precio 3 cuotas de 15953","",,"true","true","EDICIONES CONTINENTE Tienda oficial","true","MLA25609277","MLA2398841080","MLA25609277","MLAU161171757","MLA25609277","ORGANIC","false","false","libros de terror","","6","714","+9.999 resultados","https://articulo.mercadolibre.com.ar/MLA-2398841080","Envío gratis","","","","","MLA412445","MLA-BOOKS","","CORE","CORE","","2026-09-26T20:42:57.465Z",
"https://http2.mlstatic.com/D_NQ_NP_858905-MLA111560998592_062026-O.webp","ARS","4000","","",,,,,"Cuentos De Terror El Usurpador De Cadaveres Robert Stevenson","","",,"false","true","","false","MLA71556817","MLA1935493901","MLA71556817","MLAU3349654156","MLA71556817","ORGANIC","false","false","libros de terror","","","715","+9.999 resultados","https://articulo.mercadolibre.com.ar/MLA-1935493901","Llega el lunes","","","","","MLA412445","MLA-BOOKS","","CORE","CORE","","2026-09-26T20:42:57.465Z",
"https://http2.mlstatic.com/D_NQ_NP_864234-MLU71252044067_082023-O.webp","ARS","44840","","",,,,,"La Noche De Los Maniquís, De Stephen Graham Jones. Editorial La Biblioteca De Carfax, Tapa Blanda En Español, 2022","","",,"true","true","MASLIBROS Tienda oficial","true","MLA26325066","MLA1388690321","MLA26325066","MLAU142959575","MLA26325066","ORGANIC","false","false","libros de terror","","3","716","+9.999 resultados","https://articulo.mercadolibre.com.ar/MLA-1388690321","Envío gratis","","","","","MLA412445","MLA-BOOKS","","CORE","CORE","","2026-09-26T20:42:57.465Z",
"https://http2.mlstatic.com/D_NQ_NP_770520-MLA116554773105_082026-O.webp","ARS","42000","","",,,,,"Ovni - Flash #4: Carrera Contra El Tiempo - Messner Loebs","","",,"true",,"","false","MLA3841919690","MLA3841919690","","MLAU4869462731","MLAU4869462731","ORGANIC","false","false","libros de terror","","","717","+9.999 resultados","https://articulo.mercadolibre.com.ar/MLA-3841919690","Llega gratis el lunes","","","","","MLA412445","MLA-BOOKS","","CORE","CORE","","2026-09-26T20:42:57.465Z",
"https://http2.mlstatic.com/D_NQ_NP_773272-MLA54983975273_052023-O.webp","ARS","29900","","",,,,,"Batman: Terrores Nocturnos N°22 - Salvat - Los Germanes","","",,"false",,"LOS GERMANES Tienda oficial","true","MLA881485863","MLA881485863","","MLAU301091026","MLAU301091026","ORGANIC","false","false","libros de terror","","","718","+9.999 resultados","https://articulo.mercadolibre.com.ar/MLA-881485863","","","","","","MLA412445","MLA-BOOKS","","CORE","CORE","","2026-09-26T20:42:57.465Z",
"https://http2.mlstatic.com/D_NQ_NP_755301-MLU54959577385_042023-O.webp","ARS","26900","","",,,,,"Duma Key 1 Y 2 - Stephen King Libro","","",,"false","true","","false","MLA22734273","MLA3274724498","MLA22734273","MLAU3937064321","MLA22734273","ORGANIC","false","false","libros de terror","","3","719","+9.999 resultados","https://articulo.mercadolibre.com.ar/MLA-3274724498","","","","","","MLA412445","MLA-BOOKS","","CORE","CORE","","2026-09-26T20:42:57.465Z",
"https://http2.mlstatic.com/D_NQ_NP_687269-MLA52382182320_112022-O.webp","ARS","47198","","",,,,,"Libro: El Pacto. Alvea, Laura/ortuño, Jose. Minotauro","6 cuotas de 10618","",,"true","true","MASLIBROS Tienda oficial","true","MLA21227364","MLA1382012069","MLA21227364","MLAU143178391","MLA21227364","ORGANIC","false","false","libros de terror","","","720","+9.999 resultados","https://articulo.mercadolibre.com.ar/MLA-1382012069","Envío gratis","","","","","MLA412445","MLA-BOOKS","","CORE","CORE","","2026-09-26T20:42:57.465Z",
"https://http2.mlstatic.com/D_NQ_NP_846237-MLU70843242511_082023-O.webp","ARS","46412","","",,,,,"Libro Terrorismo yihadista e inteligencia, de PINTO CEBRIAN FERNANDO. Editorial Ediciones altera, tapa blanda","6 cuotas de 10441","",,"true","true","MASLIBROS Tienda oficial","true","MLA25317964","MLA1467774826","MLA25317964","MLAU142754540","MLA25317964","ORGANIC","false","false","libros de terror","","","721","+9.999 resultados","https://articulo.mercadolibre.com.ar/MLA-1467774826","Envío gratis","","","","","MLA412445","MLA-BOOKS","","CORE","CORE","","2026-09-26T20:42:57.465Z",
"https://http2.mlstatic.com/D_NQ_NP_881628-MLA80049423248_102024-O.webp","ARS","137997","","",,,,,"Asistenta + Secreto Asistenta + Asistenta Vigila - Mcfadden","Mismo precio 3 cuotas de 45999","",,"true",,"","false","MLA1457671845","MLA1457671845","","MLAU2604150521","MLAU2604150521","ORGANIC","false","false","libros de terror","","","722","+9.999 resultados","https://articulo.mercadolibre.com.ar/MLA-1457671845","Llega gratis el lunes","","","","","MLA412445","MLA-BOOKS","","CORE","CORE","","2026-09-26T20:42:57.465Z",
"https://http2.mlstatic.com/D_NQ_NP_800176-MLA79404823638_092024-O.webp","ARS","19998","","",,,,,"Libro Encerrados toda la noche, el cine de John Carpenter, de Matías Orta, vol. 1. Editorial Cuarto Menguante, tapa blanda (2022)","","","100","true","true","","false","MLA24454048","MLA2047316937","MLA24454048","MLAU4996701827","MLA24454048","ORGANIC","false","false","libros de terror","4.9","","723","+9.999 resultados","https://articulo.mercadolibre.com.ar/MLA-2047316937","Llega gratis el lunes","","","","","MLA412445","MLA-BOOKS","","CORE","CORE","","2026-09-26T20:42:57.465Z",
"https://http2.mlstatic.com/D_NQ_NP_939049-MLU74156063572_012024-O.webp","ARS","14499","","",,,,,"Under Execution, Under Jailbreak, De Araki, Hirohiko. Editorial Ivrea, Tapa Blanda En Español","","","25","false","true","ToysToing Tienda oficial","true","MLA30716713","MLA1542813779","MLA30716713","MLAU3445420706","MLA30716713","ORGANIC","false","false","libros de terror","5.0","","724","+9.999 resultados","https://articulo.mercadolibre.com.ar/MLA-1542813779","Llega el lunes","","","","","MLA412445","MLA-BOOKS","","CORE","CORE","","2026-09-26T20:42:57.465Z",
"https://http2.mlstatic.com/D_NQ_NP_675410-MLU72879959557_112023-O.webp","ARS","22999","","",,,,,"Fabrica Del Terror 2, La-shua, Ana María-sudamericana","","",,"true","true","Libreria Hernandez Tienda oficial","true","MLA22010491","MLA1381632215","MLA22010491","MLAU129616506","MLA22010491","ORGANIC","false","false","libros de terror","","","725","+9.999 resultados","https://articulo.mercadolibre.com.ar/MLA-1381632215","Llega gratis el lunes","","","","","MLA412445","MLA-BOOKS","","CORE","CORE","","2026-09-26T20:42:57.465Z",
"https://http2.mlstatic.com/D_NQ_NP_682734-MLU70860846022_082023-O.webp","ARS","65656","","",,,,,"Libro Las Lobas, de AJVIDE LINDQVIST,JOHN. Editorial Berenice, tapa blanda (2023)","6 cuotas de 14771","",,"true","true","MASLIBROS Tienda oficial","true","MLA25622582","MLA1468506914","MLA25622582","MLAU143424563","MLA25622582","ORGANIC","false","false","libros de terror","","","726","+9.999 resultados","https://articulo.mercadolibre.com.ar/MLA-1468506914","Envío gratis","","","","","MLA412445","MLA-BOOKS","","CORE","CORE","","2026-09-26T20:42:57.465Z",
"https://http2.mlstatic.com/D_NQ_NP_910857-MLA110684573018_052026-O.webp","ARS","29000","","",,,,,"Lovecraft / Poe / Quiroga Terror Suspenso Libros Pack X4","","",,"true",,"","false","MLA903524143","MLA903524143","","MLAU305101824","MLAU305101824","ORGANIC","false","false","libros de terror","","1","727","+9.999 resultados","https://articulo.mercadolibre.com.ar/MLA-903524143","Llega gratis el lunes","ÚLTIMAS 5 | ÚLTIMAS UNIDADES","","","","MLA412445","MLA-BOOKS","","CORE","CORE","","2026-09-26T20:42:57.465Z",
"https://http2.mlstatic.com/D_NQ_NP_798098-MLU73982831624_012024-O.webp","ARS","6900","","",,,,,"Libro El Sabueso De Los Baskerville Arthur Conan Doyle Coleccion Clarin Horror Y Misterio Historia Novela Terror Tapa Blanda Clasicos Literarios Literatura","","",,"false","true","","false","MLA28531239","MLA1676248847","MLA28531239","MLAU3794697814","MLA28531239","ORGANIC","false","false","libros de terror","","","728","+9.999 resultados","https://articulo.mercadolibre.com.ar/MLA-1676248847","","","","","","MLA412445","MLA-BOOKS","","CORE","CORE","","2026-09-26T20:42:57.465Z",
"https://http2.mlstatic.com/D_NQ_NP_917239-MLA82486579075_022025-O.webp","ARS","23620","","",,,,,"La Balada De Constanza Y Valentino, De Matías Bragagnolo. Editorial Del Fondo, Tapa Blanda En Español, 2024","","",,"false","true","","false","MLA40467171","MLA3882172678","MLA40467171","MLAU5001583268","MLA40467171","ORGANIC","false","false","libros de terror","","","729","+9.999 resultados","https://articulo.mercadolibre.com.ar/MLA-3882172678","","","","","","MLA412445","MLA-BOOKS","","CORE","CORE","","2026-09-26T20:42:57.465Z",
"https://http2.mlstatic.com/D_NQ_NP_947650-MLA82803737186_032025-O.webp","ARS","53193","","",,,,,"The Terror, De Simmons, Dan. Editorial Back Bay Books, Tapa Blanda En Inglés, 2018","6 cuotas de 11967","",,"true","true","LIBERATE Tienda oficial","true","MLA47185028","MLA2071083570","MLA47185028","MLAU175100027","MLA47185028","ORGANIC","false","false","libros de terror","","","730","+9.999 resultados","https://articulo.mercadolibre.com.ar/MLA-2071083570","Envío gratis","","","","","MLA412445","MLA-BOOKS","","CORE","CORE","","2026-09-26T20:42:57.465Z",
"https://http2.mlstatic.com/D_NQ_NP_969580-MLC49295241378_032022-O.webp","ARS","39500","","",,,,,"Relatos De Vampiros (vv.aa.)","","","50","true","true","","false","MLA20590824","MLA1716401802","MLA20590824","MLAU343420270","MLA20590824","ORGANIC","false","false","libros de terror","4.7","","731","+9.999 resultados","https://articulo.mercadolibre.com.ar/MLA-1716401802","Envío gratis","","","","","MLA412445","MLA-BOOKS","","CORE","CORE","","2026-09-26T20:42:57.465Z",
"https://http2.mlstatic.com/D_NQ_NP_678016-MLA111561305648_062026-O.webp","ARS","9450","","",,,,,"Libro TOKYO UNDERWORLD, de Kenji Sakaki, vol. 6. Editorial Ivrea, tapa blanda","","",,"false","true","Urza Comics Tienda oficial","true","MLA71564209","MLA3425036174","MLA71564209","MLAU3988430567","MLA71564209","ORGANIC","false","false","libros de terror","","","732","+9.999 resultados","https://articulo.mercadolibre.com.ar/MLA-3425036174","Llega el lunes","","","","","MLA412445","MLA-BOOKS","","CORE","CORE","","2026-09-26T20:42:57.465Z",
"https://http2.mlstatic.com/D_NQ_NP_723399-MLM41830261586_052020-O.webp","ARS","82155","","",,,,,"Libros De Sangre Ii","6 cuotas de 18483","",,"true","true","","false","MLA22030671","MLA1785686837","MLA22030671","MLAU3162589491","MLA22030671","ORGANIC","false","false","libros de terror","","","733","+9.999 resultados","https://articulo.mercadolibre.com.ar/MLA-1785686837","Envío gratis","","","","","MLA412445","MLA-BOOKS","","CORE","CORE","","2026-09-26T20:42:57.465Z",
"https://http2.mlstatic.com/D_NQ_NP_669718-MLA69928072484_062023-O.webp","ARS","14115","15000","5% OFF",,,,,"Relatos Completos Iv 1927  Historia Del Necronomicon Y Otros","","",,"false",,"SBS Librerias Tienda oficial","true","MLA1373263417","MLA1373263417","","MLAU234365834","MLAU234365834","ORGANIC","false","false","libros de terror","","","734","+9.999 resultados","https://articulo.mercadolibre.com.ar/MLA-1373263417","","ÚLTIMAS 3 | ÚLTIMAS UNIDADES","","","","MLA412445","MLA-BOOKS","","CORE","CORE","","2026-09-26T20:42:57.465Z",
"https://http2.mlstatic.com/D_NQ_NP_834749-MLU78939153766_092024-O.webp","ARS","31228","","",,,,,"Los Cuadernos Lovecraft Nãâº 05 La Ceremonia: La Ceremonia, De Lovecraft, H. P.., Vol. 1. Editorial Minotauro, Tapa Dura En Español","","",,"false","true","MASLIBROS Tienda oficial","true","MLA40614140","MLA2099839286","MLA40614140","MLAU393821786","MLA40614140","ORGANIC","false","false","libros de terror","","","735","+9.999 resultados","https://articulo.mercadolibre.com.ar/MLA-2099839286","","","","","","MLA412445","MLA-BOOKS","","CORE","CORE","","2026-09-26T20:42:57.466Z",
"https://http2.mlstatic.com/D_NQ_NP_726630-MLA115046014782_082026-O.webp","ARS","48997","","",,,,,"Libros 1984 + Cuentos De Terror Y Locura + Cumbres Borrascosas","6 cuotas de 11023","",,"true",,"LIBRENTA Tienda oficial","true","MLA3821910562","MLA3821910562","","MLAU4821757133","MLAU4821757133","ORGANIC","false","false","libros de terror","","","736","+9.999 resultados","https://articulo.mercadolibre.com.ar/MLA-3821910562","Llega gratis mañana Enviado por FULL","","","","","MLA412445","MLA-BOOKS","","CORE","CORE","","2026-09-26T20:42:57.466Z",
"https://http2.mlstatic.com/D_NQ_NP_921745-MLA86560749627_062025-O.webp","ARS","33932","","",,,,,"Golpes Militares De La Dictadura De Uriburu Al Terrorismo De Estado, De Félix Luna. Editorial Planeta, Tapa Blanda, Edición 1 En Español, 2001","","",,"true","true","","false","MLA51524810","MLA2848646144","MLA51524810","MLAU3788235386","MLA51524810","ORGANIC","false","false","libros de terror","","","737","+9.999 resultados","https://articulo.mercadolibre.com.ar/MLA-2848646144","Llega gratis el lunes","","","","","MLA412445","MLA-BOOKS","","CORE","CORE","","2026-09-26T20:42:57.466Z",
"https://http2.mlstatic.com/D_NQ_NP_977354-MLA82787466298_032025-O.webp","ARS","77900","","",,,,,"Dulces Sueños de Robert Bloch Tapa Dura Editorial Valdemar 2025","6 cuotas de 17526","",,"true","true","Libreria Hernandez Tienda oficial","true","MLA47136750","MLA3407145726","MLA47136750","MLAU4006665029","MLA47136750","ORGANIC","false","false","libros de terror","","","738","+9.999 resultados","https://articulo.mercadolibre.com.ar/MLA-3407145726","Llega gratis el lunes","","","","","MLA412445","MLA-BOOKS","","CORE","CORE","","2026-09-26T20:42:57.466Z",
"https://http2.mlstatic.com/D_NQ_NP_620712-MLA111547225435_052026-O.webp","ARS","32990","","",,,,,"Aliene (rustico) - Hadjimarkos Clarke Phoebe (papel)","","",,"true","true","","false","MLA69463847","MLA3325199828","MLA69463847","MLAU3334046653","MLA69463847","ORGANIC","false","false","libros de terror","","","739","+9.999 resultados","https://articulo.mercadolibre.com.ar/MLA-3325199828","Llega gratis el lunes","","","","","MLA412445","MLA-BOOKS","","CORE","CORE","","2026-09-26T20:42:57.466Z",
"https://http2.mlstatic.com/D_NQ_NP_734861-MLA51785298166_102022-O.webp","ARS","6750","","",,,,,"Jardin Del Ahorcado Y Otros Cuentos, El - Franco Vaccarini","","",,"false","true","CUBIKO Tienda oficial","true","MLA22223327","MLA3831107722","MLA22223327","MLAU4860942092","MLA22223327","ORGANIC","false","false","libros de terror","","","740","+9.999 resultados","https://articulo.mercadolibre.com.ar/MLA-3831107722","Llega el lunes","","","","","MLA412445","MLA-BOOKS","","CORE","CORE","","2026-09-26T20:42:57.466Z",
"https://http2.mlstatic.com/D_NQ_NP_817799-MLA112070500515_052026-O.webp","ARS","30000","","",,,,,"Ovni - Superman #2: La Saga De Superboy - John Byrne - Nuevo","","",,"true",,"","false","MLA3360708530","MLA3360708530","","MLAU3996186388","MLAU3996186388","ORGANIC","false","false","libros de terror","","","741","+9.999 resultados","https://articulo.mercadolibre.com.ar/MLA-3360708530","Llega gratis el lunes","","","","","MLA412445","MLA-BOOKS","","CORE","CORE","","2026-09-26T20:43:22.770Z",
"https://http2.mlstatic.com/D_NQ_NP_783294-MLA80153300334_112024-O.webp","ARS","38000","","",,,,,"En Las Montañas De La Locura Breccia Lovecraft Stock","","5000 ARS OFF con Cupón",,"true",,"","false","MLA1950416578","MLA1950416578","","MLAU2702595010","MLAU2702595010","ORGANIC","false","false","libros de terror","","","742","+9.999 resultados","https://articulo.mercadolibre.com.ar/MLA-1950416578","Envío gratis","","","","","MLA412445","MLA-BOOKS","","CORE","CORE","","2026-09-26T20:43:22.770Z",
"https://http2.mlstatic.com/D_NQ_NP_709355-MLU78170954599_082024-O.webp","ARS","18400","20000","8% OFF",,,,,"Guerra De Los Mundos, La 70 A - Herbert George Wells","","",,"true","true","La Revistería Comics Tienda oficial","true","MLA22025443","MLA2204731294","MLA22025443","MLAU3322038283","MLA22025443","ORGANIC","false","false","libros de terror","","","743","+9.999 resultados","https://articulo.mercadolibre.com.ar/MLA-2204731294","Llega gratis mañana","","","","","MLA412445","MLA-BOOKS","","CORE","CORE","","2026-09-26T20:43:22.770Z",
"https://http2.mlstatic.com/D_NQ_NP_624961-MLU77296654400_072024-O.webp","ARS","39600","","",,,,,"Paul Van Loon Manual del terror Tapa dura Editorial Siruela","","",,"true","true","Libreria Hernandez Tienda oficial","true","MLA22066495","MLA1363859897","MLA22066495","MLAU132572338","MLA22066495","ORGANIC","false","false","libros de terror","","2","744","+9.999 resultados","https://articulo.mercadolibre.com.ar/MLA-1363859897","Llega gratis el lunes","","","","","MLA412445","MLA-BOOKS","","CORE","CORE","","2026-09-26T20:43:22.770Z",
"https://http2.mlstatic.com/D_NQ_NP_829483-MLA111531239578_062026-O.webp","ARS","19882","","",,,,,"Monstruos De Universal: La Momia - Louhridge - Moztros","","",,"false","true","","false","MLA70819692","MLA3521023402","MLA70819692","MLAU4111992806","MLA70819692","ORGANIC","false","false","libros de terror","","","745","+9.999 resultados","https://articulo.mercadolibre.com.ar/MLA-3521023402","","","","","","MLA412445","MLA-BOOKS","","CORE","CORE","","2026-09-26T20:43:22.770Z",
"https://http2.mlstatic.com/D_NQ_NP_691799-MLU78459188878_082024-O.webp","ARS","54316","","",,,,,"Las Claves Ocultas Del 11-m, De Ramirez Lorenzo. Editorial La Esfera De Los Libros, S.l., Tapa Blanda En Español, 2024","6 cuotas de 12220","",,"true","true","MASLIBROS Tienda oficial","true","MLA35790667","MLA1901960764","MLA35790667","MLAU355989798","MLA35790667","ORGANIC","false","false","libros de terror","","","746","+9.999 resultados","https://articulo.mercadolibre.com.ar/MLA-1901960764","Envío gratis","","","","","MLA412445","MLA-BOOKS","","CORE","CORE","","2026-09-26T20:43:22.770Z",
"https://http2.mlstatic.com/D_NQ_NP_831046-MLU70285796477_072023-O.webp","ARS","19400","","",,,,,"Otra Vuelta De Tuerca - Henry James - Libro Nuevo - Gargola","","",,"true","true","","false","MLA24219785","MLA2204901110","MLA24219785","MLAU3331551470","MLA24219785","ORGANIC","false","false","libros de terror","","","747","+9.999 resultados","https://articulo.mercadolibre.com.ar/MLA-2204901110","Llega gratis el lunes","","","","","MLA412445","MLA-BOOKS","","CORE","CORE","","2026-09-26T20:43:22.770Z",
"https://http2.mlstatic.com/D_NQ_NP_726930-MLA112596731455_062026-O.webp","ARS","46532","","",,,,,"Libro The Lamb: Terror Gotico Para Adultos Sobre Mujeres","6 cuotas de 10468","",,"true","true","LIBERATE Tienda oficial","true","MLA70910146","MLA3993547992","MLA70910146","MLAU3782906438","MLA70910146","ORGANIC","false","false","libros de terror","","","748","+9.999 resultados","https://articulo.mercadolibre.com.ar/MLA-3993547992","Envío gratis","","","","","MLA412445","MLA-BOOKS","","CORE","CORE","","2026-09-26T20:43:22.771Z",
"https://http2.mlstatic.com/D_NQ_NP_947027-MLA79365249202_092024-O.webp","ARS","55751","","",,,,,"Libro Un Payaso En El Maizal [ Adam Cesare ] Original, De Adam Cesare. Editorial Dimensiones Ocultas, Tapa Blanda En Español, 2023","6 cuotas de 12543","",,"true","true","MASLIBROS Tienda oficial","true","MLA33271958","MLA2126088101","MLA33271958","MLAU3930557653","MLA33271958","ORGANIC","false","false","libros de terror","","","749","+9.999 resultados","https://articulo.mercadolibre.com.ar/MLA-2126088101","Envío gratis","","","","","MLA412445","MLA-BOOKS","","CORE","CORE","","2026-09-26T20:43:22.771Z",
"https://http2.mlstatic.com/D_NQ_NP_982869-MLA82175677230_022025-O.webp","ARS","16000","","",,,,,"Monstruos De Terror - Cande Y Nico - Mayuscula - Esses, de Esses, Florencia. Editorial AZ, tapa blanda en español, 2021","","2000 ARS OFF con Cupón","100","true","true","","false","MLA21181409","MLA1364210865","MLA21181409","MLAU159448576","MLA21181409","ORGANIC","false","false","libros de terror","4.9","7","750","+9.999 resultados","https://articulo.mercadolibre.com.ar/MLA-1364210865","Llega gratis hoy","ÚLTIMAS 3 | ÚLTIMAS UNIDADES","","","","MLA412445","MLA-BOOKS","","CORE","CORE","","2026-09-26T20:43:22.771Z",
"https://http2.mlstatic.com/D_NQ_NP_954537-MLA84225283458_052025-O.webp","ARS","11899","","",,,,,"Blood On The Tracks Vol. 12, De Shuzo Oshimi. Academy Stars, Editorial Ivrea, Tapa Blanda, Edición 1 En Español, 2025","","",,"false","true","","false","MLA49226617","MLA2831570528","MLA49226617","MLAU3031567944","MLA49226617","ORGANIC","false","false","libros de terror","","","751","+9.999 resultados","https://articulo.mercadolibre.com.ar/MLA-2831570528","Llega el lunes","","","","","MLA412445","MLA-BOOKS","","CORE","CORE","","2026-09-26T20:43:22.771Z",
"https://http2.mlstatic.com/D_NQ_NP_733290-MLU70415773113_072023-O.webp","ARS","14500","","",,,,,"Cuentos De Terror Antologia Estrada, De Vários. Editorial Estrada En Español","","",,"false","true","","false","MLA24407039","MLA1712778511","MLA24407039","MLAU3849265043","MLA24407039","ORGANIC","false","false","libros de terror","","","752","+9.999 resultados","https://articulo.mercadolibre.com.ar/MLA-1712778511","","","","","","MLA412445","MLA-BOOKS","","CORE","CORE","","2026-09-26T20:43:22.771Z",
"https://http2.mlstatic.com/D_NQ_NP_835030-MLU74599803819_022024-O.webp","ARS","26742","","",,,,,"Terror Y Miseria En El Primer Franquismo, De Sanchis Sinisterra, José. Editorial Ediciones Cátedra, Tapa Blanda En Español","","",,"false","true","MASLIBROS Tienda oficial","true","MLA33772617","MLA1680820302","MLA33772617","MLAU173637506","MLA33772617","ORGANIC","false","false","libros de terror","","1","753","+9.999 resultados","https://articulo.mercadolibre.com.ar/MLA-1680820302","","","","","","MLA412445","MLA-BOOKS","","CORE","CORE","","2026-09-26T20:43:22.771Z",
"https://http2.mlstatic.com/D_NQ_NP_749880-MLU77447050896_072024-O.webp","ARS","22584","24000","5% OFF",,,,,"La Cosa - John W. Campbell, de Campbell, John. Del Fondo Editorial, tapa blanda en español","","","50","true","true","SBS Librerias Tienda oficial","true","MLA22278981","MLA1479727058","MLA22278981","MLAU230344931","MLA22278981","ORGANIC","false","false","libros de terror","4.9","20","754","+9.999 resultados","https://articulo.mercadolibre.com.ar/MLA-1479727058","Llega gratis el lunes","","","","","MLA412445","MLA-BOOKS","","CORE","CORE","","2026-09-26T20:43:22.771Z",
"https://http2.mlstatic.com/D_NQ_NP_830052-MLU70683009245_072023-O.webp","ARS","52035","","",,,,,"Cuando La Oscuridad Nos Ama, De Engstrom, Elizabeth., Vol. 1. Editorial La Biblioteca De Carfax, Tapa Blanda En Español, 2021","6 cuotas de 11707","",,"true","true","LIBRENTA Tienda oficial","true","MLA24934336","MLA2612579842","MLA24934336","MLAU3641760624","MLA24934336","ORGANIC","false","false","libros de terror","","","755","+9.999 resultados","https://articulo.mercadolibre.com.ar/MLA-2612579842","Envío gratis","","","","","MLA412445","MLA-BOOKS","","CORE","CORE","","2026-09-26T20:43:22.771Z",
"https://http2.mlstatic.com/D_NQ_NP_706658-MLA97022931279_112025-O.webp","ARS","16899","","",,,,,"Libro El Terrorista Elegante, De Couto, Mia, Vol. 1. Editorial Edhasa, Tapa Blanda (2025)","","",,"true","true","ENTELEQUIA Tienda oficial","true","MLA61622646","MLA3524511638","MLA61622646","MLAU3279800101","MLA61622646","ORGANIC","false","false","libros de terror","","","756","+9.999 resultados","https://articulo.mercadolibre.com.ar/MLA-3524511638","Llega gratis el lunes","","","","","MLA412445","MLA-BOOKS","","CORE","CORE","","2026-09-26T20:43:22.771Z",
"https://http2.mlstatic.com/D_NQ_NP_817274-MLA99989666303_112025-O.webp","ARS","30990","","",,,,,"Ultra Tumba - Oyola, Leonardo","","","100","true","true","","false","MLA22300142","MLA2834064656","MLA22300142","MLAU3779260436","MLA22300142","ORGANIC","false","false","libros de terror","4.8","","757","+9.999 resultados","https://articulo.mercadolibre.com.ar/MLA-2834064656","Llega gratis el lunes","","","","","MLA412445","MLA-BOOKS","","CORE","CORE","","2026-09-26T20:43:22.771Z",
"https://http2.mlstatic.com/D_NQ_NP_772769-MLA111557511506_062026-O.webp","ARS","40528","43069,65","5% OFF",,,,,"Libro Alchemy Of Secrets - Stephanie Garber, De Garber, Stephanie, Vol. 1. Editorial Gollancz, Tapa Blanda, En Inglés (2025)","Mismo precio 3 cuotas de 13509","",,"true","true","SBS Librerias Tienda oficial","true","MLA71487644","MLA2035895319","MLA71487644","MLAU3856262812","MLA71487644","ORGANIC","false","false","libros de terror","","","758","+9.999 resultados","https://articulo.mercadolibre.com.ar/MLA-2035895319","Llega gratis el lunes","","","","","MLA412445","MLA-BOOKS","","CORE","CORE","","2026-09-26T20:43:22.771Z",
"https://http2.mlstatic.com/D_NQ_NP_966781-MLU70910507809_082023-O.webp","ARS","55829","","",,,,,"El Unico Indio Bueno, De Graham Jones, Stephen. Editorial La Biblioteca De Carfax En Español","6 cuotas de 12560","",,"true","true","LIBRENTA Tienda oficial","true","MLA25840391","MLA2219803186","MLA25840391","MLAU3342824735","MLA25840391","ORGANIC","false","false","libros de terror","","","759","+9.999 resultados","https://articulo.mercadolibre.com.ar/MLA-2219803186","Envío gratis","","","","","MLA412445","MLA-BOOKS","","CORE","CORE","","2026-09-26T20:43:22.771Z",
"https://http2.mlstatic.com/D_NQ_NP_691736-MLU70743764091_072023-O.webp","ARS","31228","","",,,,,"Cuadernos Lovecraft N°1, Los, De H.p. Lovecraft. Editorial Minotauro, Tapa Blanda, Edición 1 En Español","","",,"false","true","MASLIBROS Tienda oficial","true","MLA21061182","MLA1388578073","MLA21061182","MLAU143371624","MLA21061182","ORGANIC","false","false","libros de terror","","1","760","+9.999 resultados","https://articulo.mercadolibre.com.ar/MLA-1388578073","","","","","","MLA412445","MLA-BOOKS","","CORE","CORE","","2026-09-26T20:43:22.771Z",
"https://http2.mlstatic.com/D_NQ_NP_909700-MLA26003188828_092017-O.webp","ARS","31523","33500","5% OFF",,,,,"Los Gritos Del Pasado - Novela Grafica - Bischoff / Bocquet","","",,"true","true","SBS Librerias Tienda oficial","true","MLA21159820","MLA1471329586","MLA21159820","MLAU231204128","MLA21159820","ORGANIC","false","false","libros de terror","","","761","+9.999 resultados","https://articulo.mercadolibre.com.ar/MLA-1471329586","Llega gratis el lunes","","","","","MLA412445","MLA-BOOKS","","CORE","CORE","","2026-09-26T20:43:22.771Z",
"https://http2.mlstatic.com/D_NQ_NP_791799-MLA45576374878_042021-O.webp","ARS","43288","","",,,,,"El Terror Que Acecha En La Noche - Hufford, David","","",,"true","true","MASLIBROS Tienda oficial","true","MLA21181551","MLA1381341175","MLA21181551","MLAU191294562","MLA21181551","ORGANIC","false","false","libros de terror","","2","762","+9.999 resultados","https://articulo.mercadolibre.com.ar/MLA-1381341175","Envío gratis","","","","","MLA412445","MLA-BOOKS","","CORE","CORE","","2026-09-26T20:43:22.771Z",
"https://http2.mlstatic.com/D_NQ_NP_910674-MLA96080106216_102025-O.webp","ARS","8993","","",,,,,"En Las Montañas De La Locura Lovecraft Ceibo Gradifco Nvo ^","","",,"false",,"","false","MLA1568946573","MLA1568946573","","MLAU3525699020","MLAU3525699020","ORGANIC","false","false","libros de terror","","","763","+9.999 resultados","https://articulo.mercadolibre.com.ar/MLA-1568946573","Llega el lunes","","","","","MLA412445","MLA-BOOKS","","CORE","CORE","","2026-09-26T20:43:22.771Z",
"https://http2.mlstatic.com/D_NQ_NP_847408-MLU78439268398_082024-O.webp","ARS","33000","","",,,,,"Terrores Nocturnos: Superman: Terrores Cturnos, De Williamson, Joshua., Vol. 1. Editorial Ecc Ediciones, Tapa Blanda En Español, 2024","","",,"true","true","Club del Comic Tienda oficial","true","MLA39590265","MLA1483900055","MLA39590265","MLAU3074095339","MLA39590265","ORGANIC","false","false","libros de terror","","2","764","+9.999 resultados","https://articulo.mercadolibre.com.ar/MLA-1483900055","Llega gratis el lunes","","","","","MLA412445","MLA-BOOKS","","CORE","CORE","","2026-09-26T20:43:22.771Z",
"https://http2.mlstatic.com/D_NQ_NP_937664-MLA94349500653_102025-O.webp","ARS","29430","32700","10% OFF",,,,,"Libro Terrorismo De Estado Y Genocidio En America Latina, De Feierstein, Daniel (compilador). Editorial Prometeo, Tapa Blanda","","",,"false","true","Eterna Cadencia Tienda oficial","true","MLA59142174","MLA2898637236","MLA59142174","MLAU308439475","MLA59142174","ORGANIC","false","false","libros de terror","","","765","+9.999 resultados","https://articulo.mercadolibre.com.ar/MLA-2898637236","","","","","","MLA412445","MLA-BOOKS","","CORE","CORE","","2026-09-26T20:43:22.771Z",
"https://http2.mlstatic.com/D_NQ_NP_622843-MLU70683007761_072023-O.webp","ARS","26337","","",,,,,"The Hunting Party, De Lucy Foley. Editorial Harpercollins Publishers, Tapa Blanda En Inglés, 2019","","",,"false","true","","false","MLA24913311","MLA1425657699","MLA24913311","MLAU133334611","MLA24913311","ORGANIC","false","false","libros de terror","","","766","+9.999 resultados","https://articulo.mercadolibre.com.ar/MLA-1425657699","","","","","","MLA412445","MLA-BOOKS","","CORE","CORE","","2026-09-26T20:43:22.771Z",
"https://http2.mlstatic.com/D_NQ_NP_709367-MLA111627378770_062026-O.webp","ARS","12000","","",,,,,"Sueños Macabros - Ruben Martinez - Dunken","","",,"false","true","","false","MLA72101184","MLA3421442886","MLA72101184","MLAU3365853693","MLA72101184","ORGANIC","false","false","libros de terror","","","767","+9.999 resultados","https://articulo.mercadolibre.com.ar/MLA-3421442886","Llega el lunes","","","","","MLA412445","MLA-BOOKS","","CORE","CORE","","2026-09-26T20:43:22.771Z",
"https://http2.mlstatic.com/D_NQ_NP_926429-MLA91747876068_092025-O.webp","ARS","24884","","",,,,,"The Adventures Of Huckleberry Finn - Mark Twain - Puffin","","",,"true",,"","false","MLA2341240612","MLA2341240612","","MLAU3417742476","MLAU3417742476","ORGANIC","false","false","libros de terror","","","768","+9.999 resultados","https://articulo.mercadolibre.com.ar/MLA-2341240612","Llega gratis el lunes","","","","","MLA412445","MLA-BOOKS","","CORE","CORE","","2026-09-26T20:43:22.771Z",
"https://http2.mlstatic.com/D_NQ_NP_674553-MLA32741675202_112019-O.webp","ARS","33000","","",,,,,"Los Anticuarios De Pablo De Santis - Planeta","","","50","true","true","","false","MLA21105710","MLA2205953668","MLA21105710","MLAU3331691162","MLA21105710","ORGANIC","false","false","libros de terror","4.8","","769","+9.999 resultados","https://articulo.mercadolibre.com.ar/MLA-2205953668","Envío gratis","","","","","MLA412445","MLA-BOOKS","","CORE","CORE","","2026-09-26T20:43:22.771Z",
"https://http2.mlstatic.com/D_NQ_NP_700617-MLA82740969970_032025-O.webp","ARS","22000","","",,,,,"En El Susurro De Los Primigenios","","",,"false",,"","false","MLA1482005517","MLA1482005517","","MLAU3066002182","MLAU3066002182","ORGANIC","false","false","libros de terror","","","770","+9.999 resultados","https://articulo.mercadolibre.com.ar/MLA-1482005517","","","","","","MLA412445","MLA-BOOKS","","CORE","CORE","","2026-09-26T20:43:22.771Z",
"https://http2.mlstatic.com/D_NQ_NP_762522-MLU78030577399_072024-O.webp","ARS","32652","34700","5% OFF",,,,,"Howard Phillips Lovecraft La habitación cerrada y otros cuentos de terror Editorial Alianza","","",,"true","true","SBS Librerias Tienda oficial","true","MLA21137268","MLA1448954493","MLA21137268","MLAU285878080","MLA21137268","ORGANIC","false","false","libros de terror","","","771","+9.999 resultados","https://articulo.mercadolibre.com.ar/MLA-1448954493","Llega gratis el lunes","","","","","MLA412445","MLA-BOOKS","","CORE","CORE","","2026-09-26T20:43:22.771Z",
"https://http2.mlstatic.com/D_NQ_NP_773938-MLA76651420783_052024-O.webp","ARS","24466","26000","5% OFF",,,,,"El Reino De Cobre - Shannon Chakraborty","","",,"false",,"SBS Librerias Tienda oficial","true","MLA1787837088","MLA1787837088","","MLAU378914408","MLAU378914408","ORGANIC","false","false","libros de terror","","","772","+9.999 resultados","https://articulo.mercadolibre.com.ar/MLA-1787837088","","","","","","MLA412445","MLA-BOOKS","","CORE","CORE","","2026-09-26T20:43:22.771Z",
"https://http2.mlstatic.com/D_NQ_NP_837154-MLA109623158927_032026-O.webp","ARS","11999","","",,,,,"Kuroshitsuji 34 - Yana Toboso - Ivrea Arg","","",,"false",,"ENTELEQUIA Tienda oficial","true","MLA1723775253","MLA1723775253","","MLAU3862393805","MLAU3862393805","ORGANIC","false","false","libros de terror","","","773","+9.999 resultados","https://articulo.mercadolibre.com.ar/MLA-1723775253","Llega el lunes","","","","","MLA412445","MLA-BOOKS","","CORE","CORE","","2026-09-26T20:43:22.771Z",
"https://http2.mlstatic.com/D_NQ_NP_915671-MLU70778112158_082023-O.webp","ARS","47171","","",,,,,"Vampiria, De Polidori, John W.. Editorial Adriana Hidalgo Editora, Tapa Blanda, Edición 1 En Español, 2019","6 cuotas de 10612","",,"true","true","MASLIBROS Tienda oficial","true","MLA25534675","MLA1388564365","MLA25534675","MLAU142398005","MLA25534675","ORGANIC","false","false","libros de terror","","","774","+9.999 resultados","https://articulo.mercadolibre.com.ar/MLA-1388564365","Envío gratis","","","","","MLA412445","MLA-BOOKS","","CORE","CORE","","2026-09-26T20:43:22.771Z",
"https://http2.mlstatic.com/D_NQ_NP_664647-MLU77282352686_072024-O.webp","ARS","28213","","",,,,,"Libro Los Archivos De Salem","Mismo precio 3 cuotas de 9404","",,"true","true","MASLIBROS Tienda oficial","true","MLA21451122","MLA1845625615","MLA21451122","MLAU3938148459","MLA21451122","ORGANIC","false","false","libros de terror","","","775","+9.999 resultados","https://articulo.mercadolibre.com.ar/MLA-1845625615","Llega gratis el lunes","","","","","MLA412445","MLA-BOOKS","","CORE","CORE","","2026-09-26T20:43:22.771Z",
"https://http2.mlstatic.com/D_NQ_NP_731967-MLA81099133010_122024-O.webp","ARS","38000","","",,,,,"Klara Mílich Y Otros Relatos De Terror, De Iván Turguénev. Editorial Akal, Tapa Pasta Blanda, Edición 1 En Español, 2024","","2000 ARS OFF con Cupón",,"true","true","","false","MLA44739122","MLA2316178070","MLA44739122","MLAU3381898542","MLA44739122","ORGANIC","false","false","libros de terror","","","776","+9.999 resultados","https://articulo.mercadolibre.com.ar/MLA-2316178070","Llega gratis hoy","","","","","MLA412445","MLA-BOOKS","","CORE","CORE","","2026-09-26T20:43:22.771Z",
"https://http2.mlstatic.com/D_NQ_NP_957276-MLA93948429534_102025-O.webp","ARS","33000","","",,,,,"Cuentos Completos 1 - Edgar Allan Poe, Tapa Dura","","",,"true",,"","false","MLA1425480501","MLA1425480501","","MLAU369630738","MLAU369630738","ORGANIC","false","false","libros de terror","","1","777","+9.999 resultados","https://articulo.mercadolibre.com.ar/MLA-1425480501","Envío gratis","¡ÚLTIMA! | ÚLTIMA UNIDAD","","","","MLA412445","MLA-BOOKS","","CORE","CORE","","2026-09-26T20:43:22.771Z",
"https://http2.mlstatic.com/D_NQ_NP_641914-MLA79484963614_102024-O.webp","ARS","43729","","",,,,,"Wigetta En Las Dinolimpiadas - Willyrex/ Vegetta777","Mismo precio 3 cuotas de 14576","",,"true","true","","false","MLA21981697","MLA1498924691","MLA21981697","MLAU3189287940","MLA21981697","ORGANIC","false","false","libros de terror","","","778","+9.999 resultados","https://articulo.mercadolibre.com.ar/MLA-1498924691","Llega gratis el lunes","","","","","MLA412445","MLA-BOOKS","","CORE","CORE","","2026-09-26T20:43:22.771Z",
"https://http2.mlstatic.com/D_NQ_NP_871362-MLA106202454097_012026-O.webp","ARS","12000","","",,,,,"Libro Aventuras De La Historia Vivir En El Fuerte, De Playmobil. Editorial Planeta, Tapa Dura","","","25","false","true","","false","MLA65112857","MLA1665090507","MLA65112857","MLAU3306543220","MLA65112857","ORGANIC","false","false","libros de terror","5.0","2","779","+9.999 resultados","https://articulo.mercadolibre.com.ar/MLA-1665090507","","","","","","MLA412445","MLA-BOOKS","","CORE","CORE","","2026-09-26T20:43:22.772Z",
"https://http2.mlstatic.com/D_NQ_NP_649412-MLA50333592600_062022-O.webp","ARS","36604","38900","5% OFF",,,,,"Libro Ciclo Onirico Randolph Carter - H.p. Lovecraft - Alma","","","25","true","true","SBS Librerias Tienda oficial","true","MLA20932078","MLA1385281093","MLA20932078","MLAU242731816","MLA20932078","ORGANIC","false","false","libros de terror","4.9","","780","+9.999 resultados","https://articulo.mercadolibre.com.ar/MLA-1385281093","Llega gratis el lunes","","","","","MLA412445","MLA-BOOKS","","CORE","CORE","","2026-09-26T20:43:22.772Z",
"https://http2.mlstatic.com/D_NQ_NP_646871-MLA80547112553_112024-O.webp","ARS","24119","","",,,,,"El Guardián Invisible (trilogía Del Baztán, 1), De Redondo, Dolores., Vol. 1. Editorial Booket, Tapa Blanda En Spa, 2024","","",,"false","true","MASLIBROS Tienda oficial","true","MLA42906175","MLA3996311404","MLA42906175","MLAU4189485793","MLA42906175","ORGANIC","false","false","libros de terror","","","781","+9.999 resultados","https://articulo.mercadolibre.com.ar/MLA-3996311404","","","","","","MLA412445","MLA-BOOKS","","CORE","CORE","","2026-09-26T20:43:22.772Z",
"https://http2.mlstatic.com/D_NQ_NP_860776-MLU69774804396_062023-O.webp","ARS","26327","","",,,,,"Libro Wigetta En El Planeta Mimisikú Español Vegetta777 y Willyrex","","",,"false","true","MASLIBROS Tienda oficial","true","MLA23692722","MLA1379385477","MLA23692722","MLAU142416008","MLA23692722","ORGANIC","false","false","libros de terror","","1","782","+9.999 resultados","https://articulo.mercadolibre.com.ar/MLA-1379385477","","","","","","MLA412445","MLA-BOOKS","","CORE","CORE","","2026-09-26T20:43:22.772Z",
"https://http2.mlstatic.com/D_NQ_NP_994655-MLA103891096303_012026-O.webp","ARS","26505","27900","5% OFF",,,,,"Libro Ofrendas De Verano, De Marasco, Robert. Editorial Minotauro Ediciones, Tapa Blanda","o 27900 con otros medios","",,"true","true","Planeta de Libros Argentina Tienda oficial","true","MLA63942887","MLA3159621070","MLA63942887","MLAU3882705938","MLA63942887","ORGANIC","false","false","libros de terror","","2","783","+9.999 resultados","https://articulo.mercadolibre.com.ar/MLA-3159621070","Llega gratis el lunes","ÚLTIMAS 3 | ÚLTIMAS UNIDADES","","","","MLA412445","MLA-BOOKS","","CORE","CORE","","2026-09-26T20:43:22.772Z",
"https://http2.mlstatic.com/D_NQ_NP_829070-MLA43980552611_112020-O.webp","ARS","47434","52999","10% OFF",,,,,"El Misterio De Salem's Lot (bolsillo) - Stephen King","Mismo precio 3 cuotas de 15811","",,"true",,"Yenny El Ateneo Tienda oficial","true","MLA886632686","MLA886632686","","MLAU268373116","MLAU268373116","ORGANIC","false","false","libros de terror","","1","784","+9.999 resultados","https://articulo.mercadolibre.com.ar/MLA-886632686","Llega gratis mañana Enviado por FULL","¡ÚLTIMA! | ÚLTIMA UNIDAD","","","","MLA412445","MLA-BOOKS","","CORE","CORE","","2026-09-26T20:43:22.772Z",
"https://http2.mlstatic.com/D_NQ_NP_620515-MLU77933129246_082024-O.webp","ARS","15000","","",,,,,"Drácula de Bram Stoker Editorial Sudamericana Tapa Blanda en Español","","","50","false","true","","false","MLA22224704","MLA1468528120","MLA22224704","MLAU259057122","MLA22224704","ORGANIC","false","false","libros de terror","4.9","14","785","+9.999 resultados","https://articulo.mercadolibre.com.ar/MLA-1468528120","","¡ÚLTIMA! | ÚLTIMA UNIDAD","","","","MLA412445","MLA-BOOKS","","CORE","CORE","","2026-09-26T20:43:22.772Z",
"https://http2.mlstatic.com/D_NQ_NP_747590-MLA114287691371_072026-O.webp","ARS","15900","","",,,,,"Libro Juego Y Aprendo Con Marcador Terror 78178","","",,"false",,"Apioverde Tienda oficial","true","MLA3576653584","MLA3576653584","","MLAU4263717992","MLAU4263717992","ORGANIC","false","false","libros de terror","","","786","+9.999 resultados","https://articulo.mercadolibre.com.ar/MLA-3576653584","","","","","","MLA412445","MLA-BOOKS","","CORE","CORE","","2026-09-26T20:43:22.772Z",
"https://http2.mlstatic.com/D_NQ_NP_858513-MLA91648313876_092025-O.webp","ARS","18620","","",,,,,"2 Libros De Alan Poe El Gato Negro El Cuervo Y Otros Relatos","","",,"false",,"","false","MLA1528241553","MLA1528241553","","MLAU3415198112","MLAU3415198112","ORGANIC","false","false","libros de terror","","","787","+9.999 resultados","https://articulo.mercadolibre.com.ar/MLA-1528241553","Llega el lunes","ÚLTIMAS 3 | ÚLTIMAS UNIDADES","","","","MLA412445","MLA-BOOKS","","CORE","CORE","","2026-09-26T20:43:43.960Z",
"https://http2.mlstatic.com/D_NQ_NP_778310-MLA49829598437_052022-O.webp","ARS","33210","","",,,,,"Los extraños, de Jon Bilbao. Editorial Impedimenta, tapa blanda en español, 2022","","2000 ARS OFF con Cupón","50","true","true","","false","MLA20953689","MLA1367341512","MLA20953689","MLAU147154718","MLA20953689","ORGANIC","false","false","libros de terror","4.8","5","788","+9.999 resultados","https://articulo.mercadolibre.com.ar/MLA-1367341512","Llega gratis hoy","ÚLTIMAS 3 | ÚLTIMAS UNIDADES","","","","MLA412445","MLA-BOOKS","","CORE","CORE","","2026-09-26T20:43:43.960Z",
"https://http2.mlstatic.com/D_NQ_NP_839592-MLA25824190343_072017-O.webp","ARS","21830","","",,,,,"Cuentos De Terror Para Franco Iv - Mitoire Hugo","","","25","false","true","","false","MLA21247238","MLA2071340197","MLA21247238","MLAU4981812916","MLA21247238","ORGANIC","false","false","libros de terror","5.0","","789","+9.999 resultados","https://articulo.mercadolibre.com.ar/MLA-2071340197","","","","","","MLA412445","MLA-BOOKS","","CORE","CORE","","2026-09-26T20:43:43.960Z",
"https://http2.mlstatic.com/D_NQ_NP_842916-MLU78230147230_082024-O.webp","ARS","58113","","",,,,,"Libro Ensamblajes Terroristas: El Homonacionalismo En Ti - Jasbir, de Jasbir K. Puar. Editorial Ediciones Bellaterra","6 cuotas de 13074","",,"true","true","MASLIBROS Tienda oficial","true","MLA26506606","MLA1541010432","MLA26506606","MLAU194036583","MLA26506606","ORGANIC","false","false","libros de terror","","","790","+9.999 resultados","https://articulo.mercadolibre.com.ar/MLA-1541010432","Envío gratis","","","","","MLA412445","MLA-BOOKS","","CORE","CORE","","2026-09-26T20:43:43.960Z",
"https://http2.mlstatic.com/D_NQ_NP_656698-MLA106187630150_022026-O.webp","ARS","66999","","",,,,,"Enriquez Cosas Perdimos Fuego Lugar Soleado Gente Pack X 2","6 cuotas de 15073","",,"true",,"","false","MLA2844364940","MLA2844364940","","MLAU3785326080","MLAU3785326080","ORGANIC","false","false","libros de terror","","","791","+9.999 resultados","https://articulo.mercadolibre.com.ar/MLA-2844364940","Llega gratis el lunes","¡ÚLTIMA! | ÚLTIMA UNIDAD","","","","MLA412445","MLA-BOOKS","","CORE","CORE","","2026-09-26T20:43:43.960Z",
"https://http2.mlstatic.com/D_NQ_NP_673353-MCO49133439158_022022-O.webp","ARS","38416","","",,,,,"Bajo La Piel","","2000 ARS OFF con Cupón",,"true","true","","false","MLA22104601","MLA1380648651","MLA22104601","MLAU150404626","MLA22104601","ORGANIC","false","false","libros de terror","","","792","+9.999 resultados","https://articulo.mercadolibre.com.ar/MLA-1380648651","Llega gratis hoy","","","","","MLA412445","MLA-BOOKS","","CORE","CORE","","2026-09-26T20:43:43.960Z",
"https://http2.mlstatic.com/D_NQ_NP_779282-MLA47968861428_102021-O.webp","ARS","16000","","",,,,,"Libro Princea Sofía Lll -el Terror De La Princesa - Ed. Sm","","","50","false","true","","false","MLA21503663","MLA3416352112","MLA21503663","MLAU4052524634","MLA21503663","ORGANIC","false","false","libros de terror","5.0","","793","+9.999 resultados","https://articulo.mercadolibre.com.ar/MLA-3416352112","","","","","","MLA412445","MLA-BOOKS","","CORE","CORE","","2026-09-26T20:43:43.960Z",
"https://http2.mlstatic.com/D_NQ_NP_706192-MLA52851303209_122022-O.webp","ARS","49871","52998","5% OFF",,,,,"Un Vecino Anormal - En La Casa Del Terror + Secreto De La Ca","Mismo precio 3 cuotas de 16623","",,"true",,"SBS Librerias Tienda oficial","true","MLA1279977101","MLA1279977101","","MLAU239662010","MLAU239662010","ORGANIC","false","false","libros de terror","","5","794","+9.999 resultados","https://articulo.mercadolibre.com.ar/MLA-1279977101","Envío gratis","","","","","MLA412445","MLA-BOOKS","","CORE","CORE","","2026-09-26T20:43:43.960Z",
"https://http2.mlstatic.com/D_NQ_NP_803742-MLA96410528234_102025-O.webp","ARS","34722","36900","5% OFF",,,,,"Las Iras - Pilar Adon","","",,"true",,"SBS Librerias Tienda oficial","true","MLA1571321289","MLA1571321289","","MLAU3532141668","MLAU3532141668","ORGANIC","false","false","libros de terror","","","795","+9.999 resultados","https://articulo.mercadolibre.com.ar/MLA-1571321289","Llega gratis el lunes","","","","","MLA412445","MLA-BOOKS","","CORE","CORE","","2026-09-26T20:43:43.960Z",
"https://http2.mlstatic.com/D_NQ_NP_809122-MLA111616712312_062026-O.webp","ARS","29820","","",,,,,"Dceased #1, Tom Taylor (libro En Inglés) Pasta Suave","","",,"false","true","MASLIBROS Tienda oficial","true","MLA71973969","MLA2117945581","MLA71973969","MLAU3632626995","MLA71973969","ORGANIC","false","false","libros de terror","","","796","+9.999 resultados","https://articulo.mercadolibre.com.ar/MLA-2117945581","","","","","","MLA412445","MLA-BOOKS","","CORE","CORE","","2026-09-26T20:43:43.961Z",
"https://http2.mlstatic.com/D_NQ_NP_868456-MLU77889439270_082024-O.webp","ARS","10500","","",,,,,"Donde Viven Los Fantasmas - Olga Drennen","","","25","false","true","","false","MLA22633819","MLA2282666460","MLA22633819","MLAU3371590831","MLA22633819","ORGANIC","false","false","libros de terror","5.0","","797","+9.999 resultados","https://articulo.mercadolibre.com.ar/MLA-2282666460","Llega el lunes","","","","","MLA412445","MLA-BOOKS","","CORE","CORE","","2026-09-26T20:43:43.961Z",
"https://http2.mlstatic.com/D_NQ_NP_635609-MLA110945007187_042026-O.webp","ARS","111396","","",,,,,"Los Simpson: La Casa-arbol Del Terror 2 - Groening, Matt","6 cuotas de 25062","",,"true",,"MASLIBROS Tienda oficial","true","MLA1765976749","MLA1765976749","","MLAU3919644961","MLAU3919644961","ORGANIC","false","false","libros de terror","","","798","+9.999 resultados","https://articulo.mercadolibre.com.ar/MLA-1765976749","Envío gratis","","","","","MLA412445","MLA-BOOKS","","CORE","CORE","","2026-09-26T20:43:43.961Z",
"https://http2.mlstatic.com/D_NQ_NP_603144-MLA91652299497_092025-O.webp","ARS","41309","43900","5% OFF",,,,,"Calliope - La Voz De Las Llamas - Michael Mcdowell","Mismo precio 3 cuotas de 13769","",,"true",,"SBS Librerias Tienda oficial","true","MLA2305104328","MLA2305104328","","MLAU3393591650","MLAU3393591650","ORGANIC","false","false","libros de terror","","","799","+9.999 resultados","https://articulo.mercadolibre.com.ar/MLA-2305104328","Llega gratis el lunes","","","","","MLA412445","MLA-BOOKS","","CORE","CORE","","2026-09-26T20:43:43.961Z",
"https://http2.mlstatic.com/D_NQ_NP_836959-MLU74212812437_012024-O.webp","ARS","41062","","",,,,,"A Dowry Of Blood, De S. T. Gibson. Editorial Ediciones Minotauro S.a, Tapa Blanda En Español","","",,"true","true","MASLIBROS Tienda oficial","true","MLA45899116","MLA1431232873","MLA45899116","MLAU143560437","MLA45899116","ORGANIC","false","false","libros de terror","","5","800","+9.999 resultados","https://articulo.mercadolibre.com.ar/MLA-1431232873","Envío gratis","","","","","MLA412445","MLA-BOOKS","","CORE","CORE","","2026-09-26T20:43:43.961Z",
"https://http2.mlstatic.com/D_NQ_NP_612639-MLA73114287900_122023-O.webp","ARS","65000","","",,,,,"Five Nights At Freddy´s 2 Y 3","Mismo precio 3 cuotas de 21666","",,"true",,"","false","MLA1397603389","MLA1397603389","","MLAU183044508","MLAU183044508","ORGANIC","false","false","libros de terror","","3","801","+9.999 resultados","https://articulo.mercadolibre.com.ar/MLA-1397603389","Envío gratis","¡ÚLTIMA! | ÚLTIMA UNIDAD","","","","MLA412445","MLA-BOOKS","","CORE","CORE","","2026-09-26T20:43:43.961Z",
"https://http2.mlstatic.com/D_NQ_NP_661571-MLA81256043461_122024-O.webp","ARS","32800","","",,,,,"Terrorismo Y Derecho Penal, De Sueiro Carlos C. Editorial Di Placido, Tapa Blanda, Edición 1 En Español, 2015","Mismo precio 3 cuotas de 10933","",,"true","true","","false","MLA44633592","MLA1475057721","MLA44633592","MLAU268750127","MLA44633592","ORGANIC","false","false","libros de terror","","","802","+9.999 resultados","https://articulo.mercadolibre.com.ar/MLA-1475057721","Llega gratis el lunes","","","","","MLA412445","MLA-BOOKS","","CORE","CORE","","2026-09-26T20:43:43.961Z",
"https://http2.mlstatic.com/D_NQ_NP_899118-MLA94124511457_102025-O.webp","ARS","18180","","",,,,,"Libro Monstruos De Coleccion - Graciela Sverdlick, De Sverdlick, Graciela. Editorial Aique, Tapa Blanda (2025)","","","25","false","true","","false","MLA58972988","MLA2071323591","MLA58972988","MLAU5065267849","MLA58972988","ORGANIC","false","false","libros de terror","5.0","","803","+9.999 resultados","https://articulo.mercadolibre.com.ar/MLA-2071323591","","","","","","MLA412445","MLA-BOOKS","","CORE","CORE","","2026-09-26T20:43:43.961Z",
"https://http2.mlstatic.com/D_NQ_NP_892669-MLA83389458390_042025-O.webp","ARS","7600","","",,,,,"Cuentos De Terror Howard P. Lovecraft Libertador","","",,"false",,"","false","MLA2049594966","MLA2049594966","","MLAU3120415064","MLAU3120415064","ORGANIC","false","false","libros de terror","","","804","+9.999 resultados","https://articulo.mercadolibre.com.ar/MLA-2049594966","Llega el lunes","","","","","MLA412445","MLA-BOOKS","","CORE","CORE","","2026-09-26T20:43:43.961Z",
"https://http2.mlstatic.com/D_NQ_NP_915995-MLA99956261649_112025-O.webp","ARS","49923","","",,,,,"Ascensión, De Binge, Nicholas. Editorial Minotauro, Tapa Blanda En Español","6 cuotas de 11231","","25","true","true","","false","MLA24407047","MLA1421429995","MLA24407047","MLAU247239899","MLA24407047","ORGANIC","false","false","libros de terror","4.8","","805","+9.999 resultados","https://articulo.mercadolibre.com.ar/MLA-1421429995","Envío gratis","","","","","MLA412445","MLA-BOOKS","","CORE","CORE","","2026-09-26T20:43:43.961Z",
"https://http2.mlstatic.com/D_NQ_NP_647162-MLA80241020935_102024-O.webp","ARS","18000","","",,,,,"H P Lovecraft - La Casa Maldita Y Otros Relatos Libro Nuevo","","",,"true","true","","false","MLA22248426","MLA1384503866","MLA22248426","MLAU210211750","MLA22248426","ORGANIC","false","false","libros de terror","","","806","+9.999 resultados","https://articulo.mercadolibre.com.ar/MLA-1384503866","Llega gratis el lunes","","","","","MLA412445","MLA-BOOKS","","CORE","CORE","","2026-09-26T20:43:43.961Z",
"https://http2.mlstatic.com/D_NQ_NP_888387-MLU74326469502_022024-O.webp","ARS","22934","","",,,,,"Una Noche En La Torre Del Terror (pesadillas #5): No Aplica, De Stine, R. L.. Editorial Hidra, Tapa Blanda En Español","","",,"false","true","MASLIBROS Tienda oficial","true","MLA25460113","MLA1388478409","MLA25460113","MLAU142531632","MLA25460113","ORGANIC","false","false","libros de terror","","","807","+9.999 resultados","https://articulo.mercadolibre.com.ar/MLA-1388478409","","","","","","MLA412445","MLA-BOOKS","","CORE","CORE","","2026-09-26T20:43:43.961Z",
"https://http2.mlstatic.com/D_NQ_NP_898662-MLA109814110648_042026-O.webp","ARS","42345","45000","5% OFF",,,,,"Relatos De Terror Escritos Por Mujeres","Mismo precio 3 cuotas de 14115","",,"true",,"SBS Librerias Tienda oficial","true","MLA3219458930","MLA3219458930","","MLAU3908444755","MLAU3908444755","ORGANIC","false","false","libros de terror","","","808","+9.999 resultados","https://articulo.mercadolibre.com.ar/MLA-3219458930","Envío gratis","","","","","MLA412445","MLA-BOOKS","","CORE","CORE","","2026-09-26T20:43:43.961Z",
"https://http2.mlstatic.com/D_NQ_NP_860088-MLA99948560951_112025-O.webp","ARS","21830","","",,,,,"Cuentos De Terror Para Franco Vi - Hugo Mitoire","","","25","false","true","","false","MLA22092858","MLA3882173386","MLA22092858","MLAU4955580790","MLA22092858","ORGANIC","false","false","libros de terror","5.0","","809","+9.999 resultados","https://articulo.mercadolibre.com.ar/MLA-3882173386","","","","","","MLA412445","MLA-BOOKS","","CORE","CORE","","2026-09-26T20:43:43.961Z",
"https://http2.mlstatic.com/D_NQ_NP_636906-MLA97224476219_112025-O.webp","ARS","24999","","",,,,,"¡croma Comics: Especial Súper Terror! - Black Cat","","",,"true",,"ENTELEQUIA Tienda oficial","true","MLA1574305309","MLA1574305309","","MLAU3533242393","MLAU3533242393","ORGANIC","false","false","libros de terror","","2","810","+9.999 resultados","https://articulo.mercadolibre.com.ar/MLA-1574305309","Llega gratis el lunes","ÚLTIMAS 2 | ÚLTIMAS UNIDADES","","","","MLA412445","MLA-BOOKS","","CORE","CORE","","2026-09-26T20:43:43.961Z",
"https://http2.mlstatic.com/D_NQ_NP_652068-MLA82486439263_022025-O.webp","ARS","19800","","",,,,,"Damas De Lo Extraño - Teresita Pumara Piladora): Siete Escritoras De Gótico Y Terror, De Aa.vv.., Vol. 1. Editorial A-z, Tapa Dura En Español","","","25","true","true","","false","MLA41464257","MLA3117260112","MLA41464257","MLAU363997253","MLA41464257","ORGANIC","false","false","libros de terror","4.8","8","811","+9.999 resultados","https://articulo.mercadolibre.com.ar/MLA-3117260112","Llega gratis el lunes","","","","","MLA412445","MLA-BOOKS","","CORE","CORE","","2026-09-26T20:43:43.961Z",
"https://http2.mlstatic.com/D_NQ_NP_679660-MLU70683001367_072023-O.webp","ARS","23000","","",,,,,"Cuentos 4 - Lovecraft - 1928 -01935, De Lovecraft, Howard Phillips. Editorial Andrómeda, Tapa Blanda En Español","","",,"false","true","","false","MLA24915311","MLA1813631926","MLA24915311","MLAU388493116","MLA24915311","ORGANIC","false","false","libros de terror","","2","812","+9.999 resultados","https://articulo.mercadolibre.com.ar/MLA-1813631926","","","","","","MLA412445","MLA-BOOKS","","CORE","CORE","","2026-09-26T20:43:43.961Z",
"https://http2.mlstatic.com/D_NQ_NP_932457-MLA82165724763_012025-O.webp","ARS","62000","","",,,,,"Los Ojos De Plata + Los Otros Animatronicos (novela Grafica)","Cuota promocionada en 6 cuotas de 12068","",,"true",,"","false","MLA2005088740","MLA2005088740","","MLAU2989872072","MLAU2989872072","ORGANIC","false","false","libros de terror","","","813","+9.999 resultados","https://articulo.mercadolibre.com.ar/MLA-2005088740","Envío gratis","","","","","MLA412445","MLA-BOOKS","","CORE","CORE","","2026-09-26T20:43:43.961Z",
"https://http2.mlstatic.com/D_NQ_NP_832063-MLU78110021561_082024-O.webp","ARS","26000","","",,,,,"Polvo Y Terror - Las Waffens Ss- Edaf","","",,"false","true","","false","MLA22167447","MLA3085672736","MLA22167447","MLAU3851376065","MLA22167447","ORGANIC","false","false","libros de terror","","","814","+9.999 resultados","https://articulo.mercadolibre.com.ar/MLA-3085672736","","","","","","MLA412445","MLA-BOOKS","","CORE","CORE","","2026-09-26T20:43:43.961Z",
"https://http2.mlstatic.com/D_NQ_NP_705878-MLA91209502129_082025-O.webp","ARS","25000","","",,,,,"Mariposas Y Difuntos - Pablo Martinez Burkett","","",,"false",,"","false","MLA1517798807","MLA1517798807","","MLAU3392638760","MLAU3392638760","ORGANIC","false","false","libros de terror","","","815","+9.999 resultados","https://articulo.mercadolibre.com.ar/MLA-1517798807","","","","","","MLA412445","MLA-BOOKS","","CORE","CORE","","2026-09-26T20:43:43.961Z",
"https://http2.mlstatic.com/D_NQ_NP_841052-MLA73070272960_112023-O.webp","ARS","81000","","",,,,,"Comic.ar - Juan Ferreyra - Colder - Pack Tomos #1 A #3","6 cuotas de 18223","",,"true",,"","false","MLA1397338815","MLA1397338815","","MLAU182929134","MLAU182929134","ORGANIC","false","false","libros de terror","","2","816","+9.999 resultados","https://articulo.mercadolibre.com.ar/MLA-1397338815","Llega gratis el lunes","","","","","MLA412445","MLA-BOOKS","","CORE","CORE","","2026-09-26T20:43:43.961Z",
"https://http2.mlstatic.com/D_NQ_NP_647832-MLU74486426220_022024-O.webp","ARS","9400","","",,,,,"El Fantasma Mordido, De Shua, Ana María. Editorial Emecé, Tapa Blanda En Español, 2010","","",,"false","true","","false","MLA33822658","MLA2236684420","MLA33822658","MLAU3313078556","MLA33822658","ORGANIC","false","false","libros de terror","","","817","+9.999 resultados","https://articulo.mercadolibre.com.ar/MLA-2236684420","","","","","","MLA412445","MLA-BOOKS","","CORE","CORE","","2026-09-26T20:43:43.962Z",
"https://http2.mlstatic.com/D_NQ_NP_878245-MLU72970551089_112023-O.webp","ARS","27400","","",,,,,"The King In Yellow - Robert W. Chambers","","","100","true","true","SBS Librerias Tienda oficial","true","MLA21231183","MLA1473827562","MLA21231183","MLAU310414249","MLA21231183","ORGANIC","false","false","libros de terror","4.6","10","818","+9.999 resultados","https://articulo.mercadolibre.com.ar/MLA-1473827562","Llega gratis el lunes","","","","","MLA412445","MLA-BOOKS","","CORE","CORE","","2026-09-26T20:43:43.962Z",
"https://http2.mlstatic.com/D_NQ_NP_825366-MLA94243979137_102025-O.webp","ARS","7990","","",,,,,"Suspenso A La Medianoche, Noche De Terror - Allan P. Rice","","",,"false",,"","false","MLA1552142615","MLA1552142615","","MLAU3464917999","MLAU3464917999","ORGANIC","false","false","libros de terror","","","819","+9.999 resultados","https://articulo.mercadolibre.com.ar/MLA-1552142615","Llega el lunes","","","","","MLA412445","MLA-BOOKS","","CORE","CORE","","2026-09-26T20:43:43.962Z",
"https://http2.mlstatic.com/D_NQ_NP_670097-MLA82191475122_022025-O.webp","ARS","17820","","",,,,,"La Leyenda Del Barco Fantasma, De Franco Vaccarini. Editorial Quipu, Tapa Blanda En Español, 2024","","","50","false","true","","false","MLA41778514","MLA3882176816","MLA41778514","MLAU4956254394","MLA41778514","ORGANIC","false","false","libros de terror","5.0","","820","+9.999 resultados","https://articulo.mercadolibre.com.ar/MLA-3882176816","","","","","","MLA412445","MLA-BOOKS","","CORE","CORE","","2026-09-26T20:43:43.962Z",
"https://http2.mlstatic.com/D_NQ_NP_801136-MLA83378042319_032025-O.webp","ARS","58481","","",,,,,"Fundido A Negro, De Cañadas, Jesús., Vol. 1. Editorial Ndenovela, Tapa Blanda En Español, 2025","6 cuotas de 13157","",,"true","true","MASLIBROS Tienda oficial","true","MLA47490794","MLA2099791374","MLA47490794","MLAU3101192040","MLA47490794","ORGANIC","false","false","libros de terror","","","821","+9.999 resultados","https://articulo.mercadolibre.com.ar/MLA-2099791374","Envío gratis","","","","","MLA412445","MLA-BOOKS","","CORE","CORE","","2026-09-26T20:43:43.962Z",
"https://http2.mlstatic.com/D_NQ_NP_917777-CBT72145237092_102023-O.webp","ARS","134926","","",,,,,"Berserk Deluxe Volumen 11","","",,"true","true","","false","MLA2071493562","MLA1979750612","MLA2071493562","","MLA2071493562","ORGANIC","false","true","libros de terror","","","822","+9.999 resultados","https://articulo.mercadolibre.com.ar/MLA-1979750612","Envío gratis","","","USA","","MLA412445","MLA-BOOKS","","CORE","CORE","","2026-09-26T20:43:43.962Z",
"https://http2.mlstatic.com/D_NQ_NP_801278-MLA91431135488_092025-O.webp","ARS","5250","","",,,,,"Libro La Leyenda Del Jinete Sin Cabeza / El Fantasma De Canterville, De Washington Irving / Oscar Wilde. Editorial Debolsillo, Tapa Blanda (2023), Colección Literatura","","","25","false","true","","false","MLA54812849","MLA1532740763","MLA54812849","MLAU333444698","MLA54812849","ORGANIC","false","false","libros de terror","4.8","5","823","+9.999 resultados","https://articulo.mercadolibre.com.ar/MLA-1532740763","Llega el lunes","","","","","MLA412445","MLA-BOOKS","","CORE","CORE","","2026-09-26T20:43:43.962Z",
"https://http2.mlstatic.com/D_NQ_NP_812410-MLA72642742839_112023-O.webp","ARS","69290","","",,,,,"Combo Manga Blood On The Tracks Tomos 1 Al 5 + Señalador Dgl","6 cuotas de 15589","",,"true",,"","false","MLA1554420106","MLA1554420106","","MLAU187343480","MLAU187343480","ORGANIC","false","false","libros de terror","","","824","+9.999 resultados","https://articulo.mercadolibre.com.ar/MLA-1554420106","Envío gratis","","","","","MLA412445","MLA-BOOKS","","CORE","CORE","","2026-09-26T20:43:43.962Z",
"https://http2.mlstatic.com/D_NQ_NP_613903-MLA104288963667_012026-O.webp","ARS","73999","","",,,,,"Enriquez Nuestra Parte De Noche Lugar Soleado Gente Sombría","6 cuotas de 16648","",,"true",,"","false","MLA2769624644","MLA2769624644","","MLAU3723067162","MLAU3723067162","ORGANIC","false","false","libros de terror","","","825","+9.999 resultados","https://articulo.mercadolibre.com.ar/MLA-2769624644","Llega gratis el lunes","ÚLTIMAS 4 | ÚLTIMAS UNIDADES","","","","MLA412445","MLA-BOOKS","","CORE","CORE","","2026-09-26T20:43:43.962Z",
"https://http2.mlstatic.com/D_NQ_NP_868810-MLA46405595131_062021-O.webp","ARS","16200","18000","10% OFF",,,,,"Libro Hellboy Mano Derecha De La Perdicion De Mike Mingola","","","25","false","true","Eterna Cadencia Tienda oficial","true","MLA21956077","MLA1544921959","MLA21956077","MLAU3441243507","MLA21956077","ORGANIC","false","false","libros de terror","4.2","","826","+9.999 resultados","https://articulo.mercadolibre.com.ar/MLA-1544921959","","","","","","MLA412445","MLA-BOOKS","","CORE","CORE","","2026-09-26T20:43:43.962Z",
"https://http2.mlstatic.com/D_NQ_NP_856036-MLA111083383126_052026-O.webp","ARS","59000","","",,,,,"Ovni - Superman De John Byrne - Tomos A La Fecha - Nuevo!","6 cuotas de 13274","",,"true",,"","false","MLA3360695942","MLA3360695942","","MLAU3983400085","MLAU3983400085","ORGANIC","false","false","libros de terror","","","827","+9.999 resultados","https://articulo.mercadolibre.com.ar/MLA-3360695942","Llega gratis el lunes","","","","","MLA412445","MLA-BOOKS","","CORE","CORE","","2026-09-26T20:43:43.962Z",
"https://http2.mlstatic.com/D_NQ_NP_642684-MLA91124099202_092025-O.webp","ARS","14000","","",,,,,"Blood On The Tracks #15 Ivrea","","",,"false",,"","false","MLA1518923651","MLA1518923651","","MLAU3394782737","MLAU3394782737","ORGANIC","false","false","libros de terror","","","828","+9.999 resultados","https://articulo.mercadolibre.com.ar/MLA-1518923651","","","","","","MLA412445","MLA-BOOKS","","CORE","CORE","","2026-09-26T20:43:43.962Z",
"https://http2.mlstatic.com/D_NQ_NP_927031-MLA51296469516_082022-O.webp","ARS","21999","","",,,,,"Desfigurado - Salvador Sanz - Blackcat Masterworks","","","50","true","true","Club del Comic Tienda oficial","true","MLA22249496","MLA1415951673","MLA22249496","MLAU317804347","MLA22249496","ORGANIC","false","false","libros de terror","4.9","","829","+9.999 resultados","https://articulo.mercadolibre.com.ar/MLA-1415951673","Llega gratis el lunes","","","","","MLA412445","MLA-BOOKS","","CORE","CORE","","2026-09-26T20:43:43.962Z",
"https://http2.mlstatic.com/D_NQ_NP_881812-MLU79309898909_092024-O.webp","ARS","24750","","",,,,,"Bad Idea Antologia: Antología, De Vvaa., Vol. 1. Editorial Moztros, Tapa Blanda En Español","","",,"false","true","","false","MLA40852677","MLA1709864225","MLA40852677","MLAU3758004084","MLA40852677","ORGANIC","false","false","libros de terror","","","830","+9.999 resultados","https://articulo.mercadolibre.com.ar/MLA-1709864225","","","","","","MLA412445","MLA-BOOKS","","CORE","CORE","","2026-09-26T20:43:43.962Z",
"https://http2.mlstatic.com/D_NQ_NP_766632-MLA95471929737_102025-O.webp","ARS","14000","","",,,,,"Blood On The Tracks #17 Final Ivrea","","",,"false",,"","false","MLA1560099659","MLA1560099659","","MLAU3501096400","MLAU3501096400","ORGANIC","false","false","libros de terror","","3","831","+9.999 resultados","https://articulo.mercadolibre.com.ar/MLA-1560099659","","","","","","MLA412445","MLA-BOOKS","","CORE","CORE","","2026-09-26T20:43:43.962Z",
"https://http2.mlstatic.com/D_NQ_NP_757460-MLA114717171609_072026-O.webp","ARS","50995","56700","10% OFF",,,,,"Kit Elige Tu Propia Aventura: La Cueva Del Tiempo + La Trompeta Del Terror + Misión Contraataque","Cuota promocionada en 6 cuotas de 9926","",,"true",,"","false","MLA1902289091","MLA1902289091","","MLAU4333406943","MLAU4333406943","ORGANIC","false","false","libros de terror","","","832","+9.999 resultados","https://articulo.mercadolibre.com.ar/MLA-1902289091","Envío gratis","","","","","MLA412445","MLA-BOOKS","","CORE","CORE","","2026-09-26T20:44:01.566Z",
"https://http2.mlstatic.com/D_NQ_NP_694576-MLA99939359597_112025-O.webp","ARS","12000","","",,,,,"Tenku Shinpan: Tenku Shinpan, De Tsuina Miura. Serie Tenku Shinpan, Vol. 16. Editorial Panini, Tapa Blanda, Edición 1 En Español, 2022","","",,"false","true","","false","MLA23654251","MLA1486899980","MLA23654251","MLAU151804049","MLA23654251","ORGANIC","false","false","libros de terror","","","833","+9.999 resultados","https://articulo.mercadolibre.com.ar/MLA-1486899980","Llega el lunes","","","","","MLA412445","MLA-BOOKS","","CORE","CORE","","2026-09-26T20:44:01.566Z",
"https://http2.mlstatic.com/D_NQ_NP_878350-MLA105996688165_012026-O.webp","ARS","13810","","",,,,,"Blood On The Tracks Vol. 17 Ivrea Manga Argentina, en Español","","",,"false","true","","false","MLA60723108","MLA2058059899","MLA60723108","MLAU5001076830","MLA60723108","ORGANIC","false","false","libros de terror","","","834","+9.999 resultados","https://articulo.mercadolibre.com.ar/MLA-2058059899","","","","","","MLA412445","MLA-BOOKS","","CORE","CORE","","2026-09-26T20:44:01.566Z",
"https://http2.mlstatic.com/D_NQ_NP_677729-MLA85365683013_052025-O.webp","ARS","6500","","",,,,,"Cuentos De Terror 2 - Norma, Torre De Papel","","",,"false","true","","false","MLA21183743","MLA1318648244","MLA21183743","MLAU134859015","MLA21183743","ORGANIC","false","false","libros de terror","","","835","+9.999 resultados","https://articulo.mercadolibre.com.ar/MLA-1318648244","","","","","","MLA412445","MLA-BOOKS","","CORE","CORE","","2026-09-26T20:44:48.359Z",
"https://http2.mlstatic.com/D_NQ_NP_893192-MLA111099564541_052026-O.webp","ARS","62871","","",,,,,"El Reino Del Terror - Kim Ekemar","6 cuotas de 14144","",,"true",,"MASLIBROS Tienda oficial","true","MLA1771352437","MLA1771352437","","MLAU3941013018","MLAU3941013018","ORGANIC","false","false","libros de terror","","","836","+9.999 resultados","https://articulo.mercadolibre.com.ar/MLA-1771352437","Envío gratis","","","","","MLA412445","MLA-BOOKS","","CORE","CORE","","2026-09-26T20:44:48.359Z",
"https://http2.mlstatic.com/D_NQ_NP_856907-MLA96792568884_112025-O.webp","ARS","9000","","",,,,,"Frankenstein Shelley Malva Gradifco Nuevo ^","","",,"false",,"","false","MLA1574752579","MLA1574752579","","MLAU3541664856","MLAU3541664856","ORGANIC","false","false","libros de terror","","","837","+9.999 resultados","https://articulo.mercadolibre.com.ar/MLA-1574752579","Llega el lunes","¡ÚLTIMA! | ÚLTIMA UNIDAD","","","","MLA412445","MLA-BOOKS","","CORE","CORE","","2026-09-26T20:44:48.359Z",
"https://http2.mlstatic.com/D_NQ_NP_930768-MLA81310030161_122024-O.webp","ARS","12800","","",,,,,"Cuentos De Terror En La Habitacion De Huespedes, De Tato Affif. Editorial Maya, Tapa Blanda En Español","","",,"false","true","","false","MLA44669131","MLA2040133605","MLA44669131","MLAU4973545692","MLA44669131","ORGANIC","false","false","libros de terror","","","838","+9.999 resultados","https://articulo.mercadolibre.com.ar/MLA-2040133605","","","","","","MLA412445","MLA-BOOKS","","CORE","CORE","","2026-09-26T20:44:48.359Z",
"https://http2.mlstatic.com/D_NQ_NP_836629-MLA96993167894_112025-O.webp","ARS","7306","","",,,,,"El Extraño Caso Del Dr Jekyll Y Mr Hyde Nogal Gradifco ^","","",,"false",,"","false","MLA2545768746","MLA2545768746","","MLAU3546466352","MLAU3546466352","ORGANIC","false","false","libros de terror","","","839","+9.999 resultados","https://articulo.mercadolibre.com.ar/MLA-2545768746","Llega el lunes","","","","","MLA412445","MLA-BOOKS","","CORE","CORE","","2026-09-26T20:44:48.360Z",
"https://http2.mlstatic.com/D_NQ_NP_997401-MLA82050371830_022025-O.webp","ARS","13898","","",,,,,"Blood On The Tracks 12 - Ivrea","","",,"false",,"","false","MLA2011225846","MLA2011225846","","MLAU3007671986","MLAU3007671986","ORGANIC","false","false","libros de terror","","","840","+9.999 resultados","https://articulo.mercadolibre.com.ar/MLA-2011225846","Llega el lunes","","","","","MLA412445","MLA-BOOKS","","CORE","CORE","","2026-09-26T20:44:48.360Z",
"https://http2.mlstatic.com/D_NQ_NP_638535-MLA113822845917_062026-O.webp","ARS","24997","","",,,,,"Sus Ojos Me Persiguen - Ivrea","","",,"true",,"","false","MLA1859175547","MLA1859175547","","MLAU4176098044","MLAU4176098044","ORGANIC","false","false","libros de terror","","","841","+9.999 resultados","https://articulo.mercadolibre.com.ar/MLA-1859175547","Llega gratis el lunes","","","","","MLA412445","MLA-BOOKS","","CORE","CORE","","2026-09-26T20:44:48.360Z",
"https://http2.mlstatic.com/D_NQ_NP_928593-MLA94784487267_102025-O.webp","ARS","13898","","",,,,,"Blood On The Tracks 17 - Ivrea","","",,"false",,"","false","MLA1555650403","MLA1555650403","","MLAU3480526683","MLAU3480526683","ORGANIC","false","false","libros de terror","","","842","+9.999 resultados","https://articulo.mercadolibre.com.ar/MLA-1555650403","Llega el lunes","","","","","MLA412445","MLA-BOOKS","","CORE","CORE","","2026-09-26T20:44:48.360Z",
"https://http2.mlstatic.com/D_NQ_NP_703463-MLA32634332704_102019-O.webp","ARS","20400","","",,,,,"Libro TREN FANTASMA, de Gabriel Korenfeld. Editorial Quipu (2015)","","","25","false","true","","false","MLA22071674","MLA2329992078","MLA22071674","MLAU154256868","MLA22071674","ORGANIC","false","false","libros de terror","4.8","","843","+9.999 resultados","https://articulo.mercadolibre.com.ar/MLA-2329992078","","","","","","MLA412445","MLA-BOOKS","","CORE","CORE","","2026-09-26T20:44:48.360Z",
"https://http2.mlstatic.com/D_NQ_NP_625113-MLA46639238734_072021-O.webp","ARS","14457","","",,,,,"Lote X 2 Lovecraft Montaña - Necronomicon - Gradifco","","",,"false",,"","false","MLA928519902","MLA928519902","","MLAU202344180","MLAU202344180","ORGANIC","false","false","libros de terror","","5","844","+9.999 resultados","https://articulo.mercadolibre.com.ar/MLA-928519902","","","","","","MLA412445","MLA-BOOKS","","CORE","CORE","","2026-09-26T20:44:48.360Z",
"https://http2.mlstatic.com/D_NQ_NP_775763-MLA82474369917_022025-O.webp","ARS","26999","","",,,,,"Comic Colder La Última Cena - Paul Tobin, De Paul Tobin. Editorial Comics.ar En Español","","",,"true","true","ENTELEQUIA Tienda oficial","true","MLA34535284","MLA1957623546","MLA34535284","MLAU279596551","MLA34535284","ORGANIC","false","false","libros de terror","","1","845","+9.999 resultados","https://articulo.mercadolibre.com.ar/MLA-1957623546","Llega gratis el lunes","","","","","MLA412445","MLA-BOOKS","","CORE","CORE","","2026-09-26T20:44:48.360Z",
"https://http2.mlstatic.com/D_NQ_NP_894920-MLA80713348074_112024-O.webp","ARS","52000","","",,,,,"Joker Año Uno Ecc Chip Zdarsky Tapa Dura En Stock","6 cuotas de 11699","5000 ARS OFF con Cupón",,"true",,"","false","MLA1966507920","MLA1966507920","","MLAU2858793681","MLAU2858793681","ORGANIC","false","false","libros de terror","","","846","+9.999 resultados","https://articulo.mercadolibre.com.ar/MLA-1966507920","Envío gratis","","","","","MLA412445","MLA-BOOKS","","CORE","CORE","","2026-09-26T20:44:48.360Z",
"https://http2.mlstatic.com/D_NQ_NP_653082-MLU69354382256_052023-O.webp","ARS","18900","","",,,,,"El Valle Del Terror, De An Doyle, Arthur. Editorial Claridad, Tapa Blanda En Español","","2000 ARS OFF con Cupón","25","true","true","","false","MLA22301223","MLA1462584032","MLA22301223","MLAU193664758","MLA22301223","ORGANIC","false","false","libros de terror","5.0","5","847","+9.999 resultados","https://articulo.mercadolibre.com.ar/MLA-1462584032","Llega gratis hoy","ÚLTIMAS 2 | ÚLTIMAS UNIDADES","","","","MLA412445","MLA-BOOKS","","CORE","CORE","","2026-09-26T20:44:48.360Z",
"https://http2.mlstatic.com/D_NQ_NP_833233-MLA81395014761_122024-O.webp","ARS","10000","","",,,,,"El Exorcista: El Exorcista, De Mariano Morita. El Exorcista Editorial Cuarto Menguante, Tapa Blanda, Edición 1 En Español, 2024","","","25","false","true","","false","MLA44757950","MLA1499597719","MLA44757950","MLAU3188002509","MLA44757950","ORGANIC","false","false","libros de terror","5.0","7","848","+9.999 resultados","https://articulo.mercadolibre.com.ar/MLA-1499597719","Llega el lunes","","","","","MLA412445","MLA-BOOKS","","CORE","CORE","","2026-09-26T20:44:48.360Z",
"https://http2.mlstatic.com/D_NQ_NP_877341-MLU79386477123_092024-O.webp","ARS","10000","","",,,,,"El Extraño Caso Del Dr Jeckyll Y Mr Hyde - Salim","","","100","false","true","CASASSA Y LORENZO LIBREROS Tienda oficial","true","MLA21473609","MLA3629477370","MLA21473609","MLAU4273468654","MLA21473609","ORGANIC","false","false","libros de terror","4.6","","849","+9.999 resultados","https://articulo.mercadolibre.com.ar/MLA-3629477370","","ÚLTIMAS 4 | ÚLTIMAS UNIDADES","","","","MLA412445","MLA-BOOKS","","CORE","CORE","","2026-09-26T20:44:48.360Z",
"https://http2.mlstatic.com/D_NQ_NP_833310-MLA115357528120_082026-O.webp","ARS","28000","","",,,,,"El Exorcista William Peter Blatty 1° Edición 1975 Impecable","","",,"false",,"","false","MLA2039129311","MLA2039129311","","MLAU4974522304","MLAU4974522304","ORGANIC","false","false","libros de terror","","","850","+9.999 resultados","https://articulo.mercadolibre.com.ar/MLA-2039129311","","","","","","MLA412445","MLA-BOOKS","","CORE","CORE","","2026-09-26T20:44:48.360Z",
"https://http2.mlstatic.com/D_NQ_NP_934095-MLA116467327062_092026-O.webp","ARS","63900","","",,,,,"Libro: Cuentos Españoles De Terror (el Árbol De Lo","6 cuotas de 14376","",,"true",,"","false","MLA2109890921","MLA2109890921","","MLAU5259210758","MLAU5259210758","ORGANIC","false","false","libros de terror","","","851","+9.999 resultados","https://articulo.mercadolibre.com.ar/MLA-2109890921","Envío gratis","","","","","MLA412445","MLA-BOOKS","","CORE","CORE","","2026-09-26T20:44:48.360Z",
"https://http2.mlstatic.com/D_NQ_NP_879934-MLA111099940138_052026-O.webp","ARS","19000","","",,,,,"Libro Colorear Tapa Dura Spooky Valentine's","","",,"false",,"","false","MLA3361591908","MLA3361591908","","MLAU3998097922","MLAU3998097922","ORGANIC","false","false","libros de terror","","","852","+9.999 resultados","https://articulo.mercadolibre.com.ar/MLA-3361591908","","","","","","MLA412445","MLA-BOOKS","","CORE","CORE","","2026-09-26T20:44:48.360Z",
"https://http2.mlstatic.com/D_NQ_NP_806250-MLA47477678196_092021-O.webp","ARS","19990","","",,,,,"Combo Terror Dracula + Frankenstein (stoker & Shelley) Full","","",,"false",,"","false","MLA1103124385","MLA1103124385","","MLAU140746328","MLAU140746328","ORGANIC","false","false","libros de terror","","7","853","+9.999 resultados","https://articulo.mercadolibre.com.ar/MLA-1103124385","","","","","","MLA412445","MLA-BOOKS","","CORE","CORE","","2026-09-26T20:44:48.457Z",
"https://http2.mlstatic.com/D_NQ_NP_606999-MLA48213808926_112021-O.webp","ARS","17599","","",,,,,"EL QUE SUSURRA EN LA OSCURIDAD, de H.P. Lovecraft. Editorial Gargola, tapa blanda en español, 2021","","",,"true","true","ENTELEQUIA Tienda oficial","true","MLA21226725","MLA1499305194","MLA21226725","MLAU210382829","MLA21226725","ORGANIC","false","false","libros de terror","","","854","+9.999 resultados","https://articulo.mercadolibre.com.ar/MLA-1499305194","Llega gratis el lunes","","","","","MLA412445","MLA-BOOKS","","CORE","CORE","","2026-09-26T20:44:48.457Z",
"https://http2.mlstatic.com/D_NQ_NP_771467-MLA53195827723_012023-O.webp","ARS","6349","","",,,,,"Cuentos De Terror - Howard P. Lovecraft - Ed. Libertador","","",,"false",,"","false","MLA1145389249","MLA1145389249","","MLAU150541448","MLAU150541448","ORGANIC","false","false","libros de terror","","1","855","+9.999 resultados","https://articulo.mercadolibre.com.ar/MLA-1145389249","","¡ÚLTIMA! | ÚLTIMA UNIDAD","","","","MLA412445","MLA-BOOKS","","CORE","CORE","","2026-09-26T20:44:48.457Z",
"https://http2.mlstatic.com/D_NQ_NP_809756-MLA50884110742_072022-O.webp","ARS","14990","","",,,,,"El Almohadón De Plumas Y Otros Cuentos De Terror. H. Quiroga","","","50","false","true","NAVEBOOKS Tienda oficial","true","MLA19841717","MLA3234441674","MLA19841717","MLAU3928323892","MLA19841717","ORGANIC","false","false","libros de terror","4.9","","856","+9.999 resultados","https://articulo.mercadolibre.com.ar/MLA-3234441674","Llega el lunes","","","","","MLA412445","MLA-BOOKS","","CORE","CORE","","2026-09-26T20:44:48.457Z",
"https://http2.mlstatic.com/D_NQ_NP_675227-MLA84606071665_052025-O.webp","ARS","54349","","",,,,,"La Caída De La Casa Usher, De Ismael Pinteño Visuara. Editorial Minotauro, Tapa Dura En Español, 2025","6 cuotas de 12227","",,"true","true","","false","MLA49681848","MLA1847948069","MLA49681848","MLAU3158495249","MLA49681848","ORGANIC","false","false","libros de terror","","","857","+9.999 resultados","https://articulo.mercadolibre.com.ar/MLA-1847948069","Envío gratis","","","","","MLA412445","MLA-BOOKS","","CORE","CORE","","2026-09-26T20:44:48.457Z",
"https://http2.mlstatic.com/D_NQ_NP_729719-MLA94477360681_102025-O.webp","ARS","35860","","",,,,,"Christine De King Stephen Editorial Debolsillo","","",,"true",,"Galantos Tienda oficial","true","MLA1892452312","MLA1892452312","","MLAU662048820","MLAU662048820","ORGANIC","false","false","libros de terror","","5","858","+9.999 resultados","https://articulo.mercadolibre.com.ar/MLA-1892452312","Envío gratis","","","","","MLA412445","MLA-BOOKS","","CORE","CORE","","2026-09-26T20:44:48.457Z",
"https://http2.mlstatic.com/D_NQ_NP_738049-MLA111555793254_062026-O.webp","ARS","13397","","",,,,,"El Rey De Amarillo Y Otros Relatos De Terror - Riso","","",,"false","true","LIBRENTA Tienda oficial","true","MLA71460196","MLA1820781353","MLA71460196","MLAU3976557844","MLA71460196","ORGANIC","false","false","libros de terror","","","859","+9.999 resultados","https://articulo.mercadolibre.com.ar/MLA-1820781353","","","","","","MLA412445","MLA-BOOKS","","CORE","CORE","","2026-09-26T20:45:19.264Z",
"https://http2.mlstatic.com/D_NQ_NP_753559-MLA111603257590_062026-O.webp","ARS","19900","","",,,,,"El Terror De Sexto B - Yolanda Reyes - Alfaguara Infantil","","",,"false","true","","false","MLA71789427","MLA3524107854","MLA71789427","MLAU3129802755","MLA71789427","ORGANIC","false","false","libros de terror","","","860","+9.999 resultados","https://articulo.mercadolibre.com.ar/MLA-3524107854","","","","","","MLA412445","MLA-BOOKS","","CORE","CORE","","2026-09-26T20:45:19.264Z",
"https://http2.mlstatic.com/D_NQ_NP_834975-MLA52392928660_112022-O.webp","ARS","26990","","",,,,,"Mortal Instruments,the 6: City Of Heavenly Fire Kel Ediciones","","",,"false","true","","false","MLA21253048","MLA3656008280","MLA21253048","MLAU4007117681","MLA21253048","ORGANIC","false","false","libros de terror","","","861","+9.999 resultados","https://articulo.mercadolibre.com.ar/MLA-3656008280","","","","","","MLA412445","MLA-BOOKS","","CORE","CORE","","2026-09-26T20:45:19.265Z",
"https://http2.mlstatic.com/D_NQ_NP_668953-MLA79714230381_102024-O.webp","ARS","34330","","",,,,,"Por Que Vivimos Con Miedo? - Luciano Lutereau: Pánicos, Fobias Y Terrores En Las Sociedades Contemporáneas, De Lutereau, Luciano., Vol. 1. Editorial Letras Del Sur Editora, Tapa Blanda En Español","","","50","true","true","","false","MLA41395626","MLA3449647316","MLA41395626","MLAU4069327579","MLA41395626","ORGANIC","false","false","libros de terror","4.5","","862","+9.999 resultados","https://articulo.mercadolibre.com.ar/MLA-3449647316","Envío gratis","","","","","MLA412445","MLA-BOOKS","","CORE","CORE","","2026-09-26T20:45:19.265Z",
"https://http2.mlstatic.com/D_NQ_NP_994618-MLA99419191854_112025-O.webp","ARS","29600","","",,,,,"La Leyenda De Sleepy Hollow Y Otros Cuentos Fantásticos, De Washington Irving. Editorial Alianza Distribuidora De Colombia Ltda., Tapa Blanda, Edición 2020 En Español","","",,"false","true","","false","MLA26290127","MLA3951249678","MLA26290127","MLAU5205614668","MLA26290127","ORGANIC","false","false","libros de terror","","","863","+9.999 resultados","https://articulo.mercadolibre.com.ar/MLA-3951249678","","","","","","MLA412445","MLA-BOOKS","","CORE","CORE","","2026-09-26T20:45:19.265Z",
"https://http2.mlstatic.com/D_NQ_NP_792381-MLA43634088498_092020-O.webp","ARS","16900","","",,,,,"Debris - Yonky El Zombi - El Crucero Del Terror - Nuevo!","","",,"true",,"","false","MLA881625283","MLA881625283","","MLAU179213696","MLAU179213696","ORGANIC","false","false","libros de terror","","","864","+9.999 resultados","https://articulo.mercadolibre.com.ar/MLA-881625283","Llega gratis el lunes","ÚLTIMAS 4 | ÚLTIMAS UNIDADES","","","","MLA412445","MLA-BOOKS","","CORE","CORE","","2026-09-26T20:45:19.265Z",
"https://http2.mlstatic.com/D_NQ_NP_659581-MLA102838578158_012026-O.webp","ARS","69999","","",,,,,"Cómo Desaparecer Completamente+las Cosas Que Perdimos Pack","Mismo precio 3 cuotas de 23333","",,"true",,"","false","MLA1629390009","MLA1629390009","","MLAU3708756744","MLAU3708756744","ORGANIC","false","false","libros de terror","","","865","+9.999 resultados","https://articulo.mercadolibre.com.ar/MLA-1629390009","Llega gratis el lunes","","","","","MLA412445","MLA-BOOKS","","CORE","CORE","","2026-09-26T20:45:19.265Z",
"https://http2.mlstatic.com/D_NQ_NP_794766-MLA26540310652_122017-O.webp","ARS","32990","","",,,,,"Carrie (bolsillo) - Stephen King","","","50","false","true","","false","MLA22174976","MLA1398693709","MLA22174976","MLAU250036610","MLA22174976","ORGANIC","false","false","libros de terror","5.0","","866","+9.999 resultados","https://articulo.mercadolibre.com.ar/MLA-1398693709","","","","","","MLA412445","MLA-BOOKS","","CORE","CORE","","2026-09-26T20:45:19.265Z",
"https://http2.mlstatic.com/D_NQ_NP_879413-MLA98249426021_112025-O.webp","ARS","25000","","",,,,,"Black Cat - Croma Comics: Especial Super Terror - Nuevo!","","",,"true",,"","false","MLA1582485671","MLA1582485671","","MLAU3556638995","MLAU3556638995","ORGANIC","false","false","libros de terror","","","867","+9.999 resultados","https://articulo.mercadolibre.com.ar/MLA-1582485671","Llega gratis el lunes","","","","","MLA412445","MLA-BOOKS","","CORE","CORE","","2026-09-26T20:45:19.265Z",
"https://http2.mlstatic.com/D_NQ_NP_710889-MLA50208079244_062022-O.webp","ARS","16200","","",,,,,"Relatos Abominables - Tipografia Opendyslexic","","","25","true","true","","false","MLA21184025","MLA1611500063","MLA21184025","MLAU3682928448","MLA21184025","ORGANIC","false","false","libros de terror","4.9","","868","+9.999 resultados","https://articulo.mercadolibre.com.ar/MLA-1611500063","Llega gratis el lunes","","","","","MLA412445","MLA-BOOKS","","CORE","CORE","","2026-09-26T20:45:19.265Z",
"https://http2.mlstatic.com/D_NQ_NP_608207-MLA44074736386_112020-O.webp","ARS","11500","","",,,,,"Crueler Than Dead Manga Utopia Varios Tomos Anime","","",,"false","true","","false","MLA22635642","MLA1776393994","MLA22635642","MLAU133628242","MLA22635642","ORGANIC","false","false","libros de terror","","","869","+9.999 resultados","https://articulo.mercadolibre.com.ar/MLA-1776393994","","","","","","MLA412445","MLA-BOOKS","","CORE","CORE","","2026-09-26T20:45:19.265Z",
"https://http2.mlstatic.com/D_NQ_NP_868425-MLM49185675290_022022-O.webp","ARS","14000","","",,,,,"Comic Hellboy # 4 La Mano Derecha De Perdicion Mike Mignola","","",,"false","true","","false","MLA21536653","MLA1911313756","MLA21536653","MLAU1194316316","MLA21536653","ORGANIC","false","false","libros de terror","","","870","+9.999 resultados","https://articulo.mercadolibre.com.ar/MLA-1911313756","","","","","","MLA412445","MLA-BOOKS","","CORE","CORE","","2026-09-26T20:45:19.265Z",
"https://http2.mlstatic.com/D_NQ_NP_738470-MLA26001432598_092017-O.webp","ARS","24000","","",,,,,"La Máscara Del Horror Ernesto Bayma (bolsilibros Y Cuentos)","","",,"false",,"","false","MLA683261181","MLA683261181","","MLAU189906489","MLAU189906489","ORGANIC","false","false","libros de terror","","2","871","+9.999 resultados","https://articulo.mercadolibre.com.ar/MLA-683261181","","¡ÚLTIMA! | ÚLTIMA UNIDAD","","","","MLA412445","MLA-BOOKS","","CORE","CORE","","2026-09-26T20:45:19.266Z",
"https://http2.mlstatic.com/D_NQ_NP_615436-MLA80703573080_112024-O.webp","ARS","36900","","",,,,,"Escape - Dross","","",,"true",,"","false","MLA1462768121","MLA1462768121","","MLAU2862065864","MLAU2862065864","ORGANIC","false","false","libros de terror","","","872","+9.999 resultados","https://articulo.mercadolibre.com.ar/MLA-1462768121","Envío gratis","","","","","MLA412445","MLA-BOOKS","","CORE","CORE","","2026-09-26T20:45:19.266Z",
"https://http2.mlstatic.com/D_NQ_NP_952064-MLA115664678783_082026-O.webp","ARS","28000","","",,,,,"Una Novela De Terror Y Amistad","","",,"false",,"","false","MLA1785561819","MLA1785561819","","MLAU3966929250","MLAU3966929250","ORGANIC","false","false","libros de terror","","","873","+9.999 resultados","https://articulo.mercadolibre.com.ar/MLA-1785561819","","","","","","MLA412445","MLA-BOOKS","","CORE","CORE","","2026-09-26T20:45:19.267Z",
"https://http2.mlstatic.com/D_NQ_NP_710013-MLA103763453550_012026-O.webp","ARS","73999","","",,,,,"Enriquez Lugar Soleado Cosas Perdimos Fuego Fumar En La Cama","6 cuotas de 16648","",,"true",,"","false","MLA2769469016","MLA2769469016","","MLAU3714265061","MLAU3714265061","ORGANIC","false","false","libros de terror","","","874","+9.999 resultados","https://articulo.mercadolibre.com.ar/MLA-2769469016","Llega gratis el lunes","","","","","MLA412445","MLA-BOOKS","","CORE","CORE","","2026-09-26T20:45:19.267Z",
"https://http2.mlstatic.com/D_NQ_NP_758132-MLA84315808190_052025-O.webp","ARS","18000","","",,,,,"Historias De Terror De La Ciudad De Buenos Aires, De Guillermo Arena. Editorial Gcomics, Tapa Blanda, Edición 1 En Español, 2025","","",,"true","true","","false","MLA49738670","MLA2079031276","MLA49738670","MLAU3162284799","MLA49738670","ORGANIC","false","false","libros de terror","","","875","+9.999 resultados","https://articulo.mercadolibre.com.ar/MLA-2079031276","Llega gratis el lunes","","","","","MLA412445","MLA-BOOKS","","CORE","CORE","","2026-09-26T20:45:19.267Z",
"https://http2.mlstatic.com/D_NQ_NP_643657-MLA101689937463_122025-O.webp","ARS","18000","","",,,,,"Croma Comics Especial Súper Terror, De Alcatena. Fiumara, Loza, Mamone, Mancini, Minaverry, Oliver, Vecchio Y Vigo, Vol. 1. Editorial Black Cat (2025)","","",,"true","true","","false","MLA63254065","MLA3227742612","MLA63254065","MLAU3912981147","MLA63254065","ORGANIC","false","false","libros de terror","","","876","+9.999 resultados","https://articulo.mercadolibre.com.ar/MLA-3227742612","Llega gratis el lunes","","","","","MLA412445","MLA-BOOKS","","CORE","CORE","","2026-09-26T20:45:19.267Z",
"https://http2.mlstatic.com/D_NQ_NP_769772-MLA112963928097_062026-O.webp","ARS","18900","","",,,,,"Libro Los Mejores Cuentos De Terror - Varios","","",,"true",,"","false","MLA1830147911","MLA1830147911","","MLAU4064750847","MLAU4064750847","ORGANIC","false","false","libros de terror","","","877","+9.999 resultados","https://articulo.mercadolibre.com.ar/MLA-1830147911","Llega gratis el lunes","","","","","MLA412445","MLA-BOOKS","","CORE","CORE","","2026-09-26T20:45:19.267Z",
"https://http2.mlstatic.com/D_NQ_NP_796962-MLA95703071013_102025-O.webp","ARS","67828","","",,,,,"In Defence Of The Terror: Liberty Or Death In The Wahnich","6 cuotas de 15260","",,"true",,"","false","MLA1561897211","MLA1561897211","","MLAU3506572146","MLAU3506572146","ORGANIC","false","false","libros de terror","","","878","+9.999 resultados","https://articulo.mercadolibre.com.ar/MLA-1561897211","Envío gratis","","","","","MLA412445","MLA-BOOKS","","CORE","CORE","","2026-09-26T20:45:19.267Z",
"https://http2.mlstatic.com/D_NQ_NP_727307-MLA99507279222_112025-O.webp","ARS","19761","21000","5% OFF",,,,,"Homunculus, De Hideo Yamamoto., Vol. 4. Editorial Ivrea, Tapa Blanda En Español, 2023","","","25","true","true","SBS Librerias Tienda oficial","true","MLA24593672","MLA1752809944","MLA24593672","MLAU261560635","MLA24593672","ORGANIC","false","false","libros de terror","5.0","3","879","+9.999 resultados","https://articulo.mercadolibre.com.ar/MLA-1752809944","Llega gratis el lunes","ÚLTIMAS 4 | ÚLTIMAS UNIDADES","","","","MLA412445","MLA-BOOKS","","CORE","CORE","","2026-09-26T20:45:19.267Z",
"https://http2.mlstatic.com/D_NQ_NP_634861-MLA42287394311_062020-O.webp","ARS","22900","","",,,,,"Confesora, La - Vol.22 La Espada De La Verdad","","",,"true","true","Zivals Tienda oficial","true","MLA22176060","MLA1381352357","MLA22176060","MLAU145515923","MLA22176060","ORGANIC","false","false","libros de terror","","","880","+9.999 resultados","https://articulo.mercadolibre.com.ar/MLA-1381352357","Llega gratis el lunes","","","","","MLA412445","MLA-BOOKS","","CORE","CORE","","2026-09-26T20:45:19.267Z",
"https://http2.mlstatic.com/D_NQ_NP_928175-MLU77501905555_072024-O.webp","ARS","61995","","",,,,,"Hollywood Gotico - Skal David","6 cuotas de 13947","",,"true","true","","false","MLA21188731","MLA2371328174","MLA21188731","MLAU3424606529","MLA21188731","ORGANIC","false","false","libros de terror","","","881","+9.999 resultados","https://articulo.mercadolibre.com.ar/MLA-2371328174","Envío gratis","","","","","MLA412445","MLA-BOOKS","","CORE","CORE","","2026-09-26T20:45:19.267Z",
"https://http2.mlstatic.com/D_NQ_NP_755778-MLA107026248865_022026-O.webp","ARS","24000","","",,,,,"El Vampiro - Guillot, Victor Juan, De Guillot, Victor Juan. Editorial Ediciones Ignotas En Español","","",,"false","true","","false","MLA25381506","MLA2240038548","MLA25381506","MLAU190192916","MLA25381506","ORGANIC","false","false","libros de terror","","1","882","+9.999 resultados","https://articulo.mercadolibre.com.ar/MLA-2240038548","","","","","","MLA412445","MLA-BOOKS","","CORE","CORE","","2026-09-26T20:45:19.267Z",
"https://http2.mlstatic.com/D_NQ_NP_993451-MLA52684032362_122022-O.webp","ARS","32000","","",,,,,"La Maldicion De Las Lagrimas - W M Cleese - Umbriel - Libro","","","25","true","true","NAVEBOOKS Tienda oficial","true","MLA20953898","MLA1796201387","MLA20953898","MLAU2366856664","MLA20953898","ORGANIC","false","false","libros de terror","5.0","","883","+9.999 resultados","https://articulo.mercadolibre.com.ar/MLA-1796201387","Llega gratis el lunes","","","","","MLA412445","MLA-BOOKS","","CORE","CORE","","2026-09-26T20:45:19.267Z",
"https://http2.mlstatic.com/D_NQ_NP_641736-MLA111600404162_062026-O.webp","ARS","24999","","",,,,,"Necronomicón - Relatos De Terror - Lovecraft - 2023","","",,"false","true","","false","MLA71779043","MLA1817090179","MLA71779043","MLAU2900516064","MLA71779043","ORGANIC","false","false","libros de terror","","","884","+9.999 resultados","https://articulo.mercadolibre.com.ar/MLA-1817090179","Llega el lunes","","","","","MLA412445","MLA-BOOKS","","CORE","CORE","","2026-09-26T20:45:19.267Z",
"https://http2.mlstatic.com/D_NQ_NP_904402-MLA91318599537_082025-O.webp","ARS","11999","","",,,,,"Stalin (hc) Rostros Del Mal 07: El Terror Soviético, De Varios Es. Rostros Del Mal Editorial Fasciculos Coleccionables, Tapa Dura En Español, 2025","","",,"false","true","","false","MLA54238682","MLA3860735442","MLA54238682","MLAU3653117454","MLA54238682","ORGANIC","false","false","libros de terror","","","885","+9.999 resultados","https://articulo.mercadolibre.com.ar/MLA-3860735442","Llega el lunes","","","","","MLA412445","MLA-BOOKS","","CORE","CORE","","2026-09-26T20:45:19.267Z",
"https://http2.mlstatic.com/D_NQ_NP_661716-MLU71324296707_082023-O.webp","ARS","25606","","",,,,,"Libro CONSTRUCCION MEDIATICA DE LA GUERRA Y EL TERRORISMO - DORIS, de DORIS MARTINEZ VIZCARRONDO. Editorial Biblos","","",,"false","true","","false","MLA26502399","MLA1570996268","MLA26502399","MLAU140493519","MLA26502399","ORGANIC","false","false","libros de terror","","","886","+9.999 resultados","https://articulo.mercadolibre.com.ar/MLA-1570996268","","","","","","MLA412445","MLA-BOOKS","","CORE","CORE","","2026-09-26T20:45:19.267Z",
"https://http2.mlstatic.com/D_NQ_NP_881945-MLA117732258493_092026-O.webp","ARS","53949","","",,,,,"Libro El Misterio De Salem's Lot + Libro Las Cuatro Estaciones I, De King, Stephen, Vol. 0. E","6 cuotas de 12137","",,"true",,"LIBRENTA Tienda oficial","true","MLA3956765538","MLA3956765538","","MLAU5178584571","MLAU5178584571","ORGANIC","false","false","libros de terror","","","887","+9.999 resultados","https://articulo.mercadolibre.com.ar/MLA-3956765538","Llega gratis mañana Enviado por FULL","","","","","MLA412445","MLA-BOOKS","","CORE","CORE","","2026-09-26T20:45:19.267Z",
"https://http2.mlstatic.com/D_NQ_NP_832359-MLU74215835123_012024-O.webp","ARS","19900","","",,,,,"Memorias En La Ciudad: Señales Del Terrorismo De Estado En Buenos Aires, De VARIOS AUTORES. Serie N/a, Vol. Volumen Unico. Editorial Eudeba, Tapa Blanda, Edición 1 En Español, 2009","","",,"false","true","CASASSA Y LORENZO LIBREROS Tienda oficial","true","MLA30099149","MLA3835772686","MLA30099149","MLAU4880260184","MLA30099149","ORGANIC","false","false","libros de terror","","","888","+9.999 resultados","https://articulo.mercadolibre.com.ar/MLA-3835772686","","","","","","MLA412445","MLA-BOOKS","","CORE","CORE","","2026-09-26T20:45:19.267Z",
"https://http2.mlstatic.com/D_NQ_NP_848176-MLA115312365507_072026-O.webp","ARS","51900","","",,,,,"Nunca Cruces Ese Umbral - Mariana Enriquez","6 cuotas de 11676","",,"true",,"Librerías El Aleph Tienda oficial","true","MLA1933260067","MLA1933260067","","MLAU4483055381","MLAU4483055381","ORGANIC","false","false","libros de terror","","","889","+9.999 resultados","https://articulo.mercadolibre.com.ar/MLA-1933260067","Envío gratis","","","","","MLA412445","MLA-BOOKS","","CORE","CORE","","2026-09-26T20:46:42.473Z",
"https://http2.mlstatic.com/D_NQ_NP_721788-MLU71236660235_082023-O.webp","ARS","10800","","",,,,,"Cuentos De Terror - Edgar Allan Poe","","","25","false","true","CASASSA Y LORENZO LIBREROS Tienda oficial","true","MLA19857188","MLA2077193047","MLA19857188","MLAU5116158657","MLA19857188","ORGANIC","false","false","libros de terror","5.0","","890","+9.999 resultados","https://articulo.mercadolibre.com.ar/MLA-2077193047","","","","","","MLA412445","MLA-BOOKS","","CORE","CORE","","2026-09-26T20:46:42.473Z",
"https://http2.mlstatic.com/D_NQ_NP_841833-MLA112626689187_062026-O.webp","ARS","16990","","",,,,,"Escalofríos 6: Volvámonos Invisibles - R.l. Stine","","",,"false","true","","false","MLA71531734","MLA3643511922","MLA71531734","MLAU4195690698","MLA71531734","ORGANIC","false","false","libros de terror","","","891","+9.999 resultados","https://articulo.mercadolibre.com.ar/MLA-3643511922","","","","","","MLA412445","MLA-BOOKS","","CORE","CORE","","2026-09-26T20:46:42.473Z",
"https://http2.mlstatic.com/D_NQ_NP_916682-MLU54963026844_042023-O.webp","ARS","35841","39600","9% OFF",,,,,"The Call Of Cthulhu And Other Horror Stories - Lovecraft","","","50","true","true","","false","MLA22668750","MLA1401056926","MLA22668750","MLAU312318958","MLA22668750","ORGANIC","false","false","libros de terror","4.8","20","892","+9.999 resultados","https://articulo.mercadolibre.com.ar/MLA-1401056926","Llega gratis el lunes","ÚLTIMAS 2 | ÚLTIMAS UNIDADES","","","","MLA412445","MLA-BOOKS","","CORE","CORE","","2026-09-26T20:46:42.473Z",
"https://http2.mlstatic.com/D_NQ_NP_620440-MLA80197619236_112024-O.webp","ARS","29610","","",,,,,"La Sangre Que Heredamos, De Daniela Anselmo. Editorial Editorial El Ateneo, Tapa Blanda En Español, 2024","","","100","true","true","","false","MLA42698163","MLA1848234595","MLA42698163","MLAU4120117415","MLA42698163","ORGANIC","false","false","libros de terror","4.9","","893","+9.999 resultados","https://articulo.mercadolibre.com.ar/MLA-1848234595","Llega gratis el lunes","","","","","MLA412445","MLA-BOOKS","","CORE","CORE","","2026-09-26T20:46:42.473Z",
"https://http2.mlstatic.com/D_NQ_NP_683670-MLA79479959632_102024-O.webp","ARS","39130","","",,,,,"La Via Damna, De Francisca Solar. Editorial Ediciones Minotauro S.a En Español","","",,"true","true","LIBERATE Tienda oficial","true","MLA30224350","MLA1814196446","MLA30224350","MLAU144240596","MLA30224350","ORGANIC","false","false","libros de terror","","1","894","+9.999 resultados","https://articulo.mercadolibre.com.ar/MLA-1814196446","Envío gratis","","","","","MLA412445","MLA-BOOKS","","CORE","CORE","","2026-09-26T20:46:42.473Z",
"https://http2.mlstatic.com/D_NQ_NP_776674-MLU78565514086_082024-O.webp","ARS","47922","","",,,,,"Como Vender Una Casa Encantada, De Grady Hendrix. Editorial Ediciones Minotauro S.a En Español","6 cuotas de 10781","",,"true","true","MASLIBROS Tienda oficial","true","MLA30386651","MLA1431318093","MLA30386651","MLAU144532308","MLA30386651","ORGANIC","false","false","libros de terror","","1","895","+9.999 resultados","https://articulo.mercadolibre.com.ar/MLA-1431318093","Envío gratis","","","","","MLA412445","MLA-BOOKS","","CORE","CORE","","2026-09-26T20:46:42.473Z",
"https://http2.mlstatic.com/D_NQ_NP_962574-MLU69792285574_062023-O.webp","ARS","52822","","",,,,,"Los Crimenes De Hamlet, De Ramos Malenka. Editorial Contraluz Editorial, Tapa Dura En Español, 2023","6 cuotas de 11884","",,"true","true","MASLIBROS Tienda oficial","true","MLA23733212","MLA1381981041","MLA23733212","MLAU144149722","MLA23733212","ORGANIC","false","false","libros de terror","","","896","+9.999 resultados","https://articulo.mercadolibre.com.ar/MLA-1381981041","Envío gratis","","","","","MLA412445","MLA-BOOKS","","CORE","CORE","","2026-09-26T20:46:42.473Z",
"https://http2.mlstatic.com/D_NQ_NP_873967-MLA79645257361_092024-O.webp","ARS","38163","","",,,,,"El Misterio De Nicole Lacroix, De Martínez, Mado. Editorial Cazador De Ratas, Tapa Blanda En Español","","",,"true","true","MASLIBROS Tienda oficial","true","MLA30042596","MLA1430889179","MLA30042596","MLAU143584203","MLA30042596","ORGANIC","false","false","libros de terror","","","897","+9.999 resultados","https://articulo.mercadolibre.com.ar/MLA-1430889179","Envío gratis","","","","","MLA412445","MLA-BOOKS","","CORE","CORE","","2026-09-26T20:46:42.473Z",
"https://http2.mlstatic.com/D_NQ_NP_668704-MLU74478845291_022024-O.webp","ARS","38801","","",,,,,"Indignas, Las, De Bazterrica Agustina. Editorial Alfaguara, Tapa Blanda, Edición 1 En Castellano, 2023","","",,"true","true","MASLIBROS Tienda oficial","true","MLA32529588","MLA1901986210","MLA32529588","MLAU144585490","MLA32529588","ORGANIC","false","false","libros de terror","","1","898","+9.999 resultados","https://articulo.mercadolibre.com.ar/MLA-1901986210","Envío gratis","","","","","MLA412445","MLA-BOOKS","","CORE","CORE","","2026-09-26T20:46:42.473Z",
"https://http2.mlstatic.com/D_NQ_NP_764823-MLA80563580200_112024-O.webp","ARS","47922","","",,,,,"Borroka: Años De Plomo Y Sangre, De A J Ussia. Editorial Espasa En Español, 2024","6 cuotas de 10781","",,"true","true","MASLIBROS Tienda oficial","true","MLA43437334","MLA1962660890","MLA43437334","MLAU2478437704","MLA43437334","ORGANIC","false","false","libros de terror","","","899","+9.999 resultados","https://articulo.mercadolibre.com.ar/MLA-1962660890","Envío gratis","","","","","MLA412445","MLA-BOOKS","","CORE","CORE","","2026-09-26T20:46:42.473Z",
"https://http2.mlstatic.com/D_NQ_NP_887157-MLA80703573088_112024-O.webp","ARS","26000","","",,,,,"Festival De La Blasfemia - Dross","","",,"false",,"","false","MLA1462807109","MLA1462807109","","MLAU2862070194","MLAU2862070194","ORGANIC","false","false","libros de terror","","","900","+9.999 resultados","https://articulo.mercadolibre.com.ar/MLA-1462807109","","","","","","MLA412445","MLA-BOOKS","","CORE","CORE","","2026-09-26T20:46:42.473Z",
"https://http2.mlstatic.com/D_NQ_NP_653347-MLA88225072331_072025-O.webp","ARS","24735","","",,,,,"Cuentos De Edgar Allan Poe, De Edgar Allan Poe. Editorial Booket, Tapa Blanda, Edición Booket En Español","","2000 ARS OFF con Cupón",,"true","true","","false","MLA52972475","MLA2198779464","MLA52972475","MLAU3262767171","MLA52972475","ORGANIC","false","false","libros de terror","","7","901","+9.999 resultados","https://articulo.mercadolibre.com.ar/MLA-2198779464","Llega gratis hoy","","","","","MLA412445","MLA-BOOKS","","CORE","CORE","","2026-09-26T20:46:42.473Z",
"https://http2.mlstatic.com/D_NQ_NP_851584-MLA74092224123_012024-O.webp","ARS","35860","","",,,,,"Cujo De King Stephen Editorial Debolsillo","","",,"true",,"Galantos Tienda oficial","true","MLA1636490028","MLA1636490028","","MLAU263609702","MLAU263609702","ORGANIC","false","false","libros de terror","","","902","+9.999 resultados","https://articulo.mercadolibre.com.ar/MLA-1636490028","Envío gratis","","","","","MLA412445","MLA-BOOKS","","CORE","CORE","","2026-09-26T20:46:42.473Z",
"https://http2.mlstatic.com/D_NQ_NP_800105-MLU78769666809_082024-O.webp","ARS","16200","","",,,,,"Fantasia Y Terror En Cuerno Callado, de Bayona, Victoria. Editorial GERBERA, tapa blanda en español, 2016","","","50","true","true","","false","MLA23723912","MLA2461339482","MLA23723912","MLAU3492231903","MLA23723912","ORGANIC","false","false","libros de terror","4.8","13","903","+9.999 resultados","https://articulo.mercadolibre.com.ar/MLA-2461339482","Llega gratis el lunes","","","","","MLA412445","MLA-BOOKS","","CORE","CORE","","2026-09-26T20:46:42.474Z",
"https://http2.mlstatic.com/D_NQ_NP_870388-MLU70654756954_072023-O.webp","ARS","69900","","",,,,,"Entre Los Muertos ( Trilogía De Illumbe 3 ), De Santiago, Mikel. Editorial B (ediciones B), Tapa Blanda En Español","Mismo precio 6 cuotas de 11650","",,"true","true","Libroide Tienda oficial","true","MLA21050793","MLA1939596397","MLA21050793","MLAU2761718559","MLA21050793","ORGANIC","false","false","libros de terror","","","904","+9.999 resultados","https://articulo.mercadolibre.com.ar/MLA-1939596397","Envío gratis","","","","","MLA412445","MLA-BOOKS","","CORE","CORE","","2026-09-26T20:46:42.474Z",
"https://http2.mlstatic.com/D_NQ_NP_636796-MLA105507018934_012026-O.webp","ARS","29000","","",,,,,"Frankenstein / Metamorfosis / Wilde Poe Pack X 4 Libros","","","25","true",,"","false","MLA2817205046","MLA2817205046","","MLAU3757291325","MLAU3757291325","ORGANIC","false","false","libros de terror","4.3","","905","+9.999 resultados","https://articulo.mercadolibre.com.ar/MLA-2817205046","Llega gratis el lunes","ÚLTIMAS 4 | ÚLTIMAS UNIDADES","","","","MLA412445","MLA-BOOKS","","CORE","CORE","","2026-09-26T20:46:42.474Z",
"https://http2.mlstatic.com/D_NQ_NP_835155-MLA48602476260_122021-O.webp","ARS","41999","","",,,,,"Clásicos De Terror Set X 3 Libros Tapa Dura Edición De Lujo","","",,"true",,"TIENDALAVOZ Tienda oficial","true","MLA1116494617","MLA1116494617","","MLAU222624955","MLAU222624955","ORGANIC","false","false","libros de terror","","15","906","+9.999 resultados","https://articulo.mercadolibre.com.ar/MLA-1116494617","Envío gratis","ÚLTIMAS 2 | ÚLTIMAS UNIDADES","","","","MLA412445","MLA-BOOKS","","CORE","CORE","","2026-09-26T20:46:42.474Z",
"https://http2.mlstatic.com/D_NQ_NP_675233-MLA71729894715_092023-O.webp","ARS","17500","","",,,,,"Libro Enigmas de terror, de ANDERS PRODUCCIONES. Editorial Alma, tapa blanda","","",,"false","true","CASASSA Y LORENZO LIBREROS Tienda oficial","true","MLA27011789","MLA2078595177","MLA27011789","MLAU5157630458","MLA27011789","ORGANIC","false","false","libros de terror","","","907","+9.999 resultados","https://articulo.mercadolibre.com.ar/MLA-2078595177","","","","","","MLA412445","MLA-BOOKS","","CORE","CORE","","2026-09-26T20:46:42.474Z",
"https://http2.mlstatic.com/D_NQ_NP_980371-MLA45615945733_042021-O.webp","ARS","39600","","",,,,,"Una Historia Del Terrorismo - Laqueur Walter","Mismo precio 3 cuotas de 13200","",,"true",,"","false","MLA916816532","MLA916816532","","MLAU308499392","MLAU308499392","ORGANIC","false","false","libros de terror","","","908","+9.999 resultados","https://articulo.mercadolibre.com.ar/MLA-916816532","Llega gratis mañana","","","","","MLA412445","MLA-BOOKS","","CORE","CORE","","2026-09-26T20:46:42.474Z",
"https://http2.mlstatic.com/D_NQ_NP_926189-MLU74511480723_022024-O.webp","ARS","65000","","",,,,,"Gateways To Terror: Three Portals Into Nightmare, De Carr, Leigh. Editorial Chaosium Inc, Tapa Blanda En Inglés","6 cuotas de 14623","",,"true","true","","false","MLA32902138","MLA1708724289","MLA32902138","MLAU3854143082","MLA32902138","ORGANIC","false","false","libros de terror","","","909","+9.999 resultados","https://articulo.mercadolibre.com.ar/MLA-1708724289","Envío gratis","","","","","MLA412445","MLA-BOOKS","","CORE","CORE","","2026-09-26T20:46:42.474Z",
"https://http2.mlstatic.com/D_NQ_NP_639114-MLA114944892078_082026-O.webp","ARS","8000","","",,,,,"Sobrenatural 1 De Tato Affif, En Español, Maya, 2017","","",,"false","true","","false","MLA77550995","MLA3903884604","MLA77550995","MLAU4132509050","MLA77550995","ORGANIC","false","false","libros de terror","","","910","+9.999 resultados","https://articulo.mercadolibre.com.ar/MLA-3903884604","","","","","","MLA412445","MLA-BOOKS","","CORE","CORE","","2026-09-26T20:46:42.474Z",
"https://http2.mlstatic.com/D_NQ_NP_841841-MLU70743760471_072023-O.webp","ARS","24900","","",,,,,"Furia - Crónicas Vampíricas 3 - L.j. Smith - Booket, De Smith, L. J.. Editorial Planeta En Español","","",,"true","true","Zivals Tienda oficial","true","MLA25380355","MLA1391330547","MLA25380355","MLAU149948850","MLA25380355","ORGANIC","false","false","libros de terror","","","911","+9.999 resultados","https://articulo.mercadolibre.com.ar/MLA-1391330547","Llega gratis el lunes","","","","","MLA412445","MLA-BOOKS","","CORE","CORE","","2026-09-26T20:46:42.474Z",
"https://http2.mlstatic.com/D_NQ_NP_682828-MLA103496032222_012026-O.webp","ARS","6800","","",,,,,"El Horror De Dunwich - H.p. Lovecraft - Andrómeda","","",,"false",,"","false","MLA2759853100","MLA2759853100","","MLAU3709357557","MLAU3709357557","ORGANIC","false","false","libros de terror","","","912","+9.999 resultados","https://articulo.mercadolibre.com.ar/MLA-2759853100","","","","","","MLA412445","MLA-BOOKS","","CORE","CORE","","2026-09-26T20:46:42.474Z",
"https://http2.mlstatic.com/D_NQ_NP_978265-MLA112622724947_062026-O.webp","ARS","17000","","",,,,,"Cuentos Completos I- Edgar Allan Poe- #fabio","","",,"false","true","","false","MLA71449446","MLA3946281108","MLA71449446","MLAU146994174","MLA71449446","ORGANIC","false","false","libros de terror","","","913","+9.999 resultados","https://articulo.mercadolibre.com.ar/MLA-3946281108","Llega el lunes","","","","","MLA412445","MLA-BOOKS","","CORE","CORE","","2026-09-26T20:46:42.474Z",
"https://http2.mlstatic.com/D_NQ_NP_902458-MLA115363211924_082026-O.webp","ARS","57500","","",,,,,"El Traje Del Muerto Joe Hill Editorial Suma 2007","6 cuotas de 12936","",,"true",,"","false","MLA3869629778","MLA3869629778","","MLAU4945026935","MLAU4945026935","ORGANIC","false","false","libros de terror","","","914","+9.999 resultados","https://articulo.mercadolibre.com.ar/MLA-3869629778","Envío gratis","","","","","MLA412445","MLA-BOOKS","","CORE","CORE","","2026-09-26T20:46:42.474Z",
"https://http2.mlstatic.com/D_NQ_NP_608744-MLU69749084215_062023-O.webp","ARS","9999","","",,,,,"En La Puerta De Gehenna - Zona Limite, De Peter Beere. Editorial Gaviota, Tapa Blanda En Español","","",,"false","true","","false","MLA23597900","MLA1394773977","MLA23597900","MLAU178987934","MLA23597900","ORGANIC","false","false","libros de terror","","","915","+9.999 resultados","https://articulo.mercadolibre.com.ar/MLA-1394773977","Llega el lunes","","","","","MLA412445","MLA-BOOKS","","CORE","CORE","","2026-09-26T20:46:42.474Z",
"https://http2.mlstatic.com/D_NQ_NP_724151-MLA116976192883_082026-O.webp","ARS","14999","","",,,,,"Libro Los X... A Las 10:10 Pm - Azzolina, Alejandro, de AZZOLINA, ALEJANDRO. Editorial De Ciutiis Ediciones","","",,"false","true","","false","MLA25462276","MLA1452952123","MLA25462276","MLAU618880575","MLA25462276","ORGANIC","false","false","libros de terror","","","916","+9.999 resultados","https://articulo.mercadolibre.com.ar/MLA-1452952123","Llega el lunes","","","","","MLA412445","MLA-BOOKS","","CORE","CORE","","2026-09-26T20:46:42.474Z",
"https://http2.mlstatic.com/D_NQ_NP_703793-MLA113174832407_062026-O.webp","ARS","53800","","",,,,,"Libro Sangre 2 - Clive Barker","6 cuotas de 12104","",,"true","true","","false","MLA73460357","MLA3463481256","MLA73460357","MLAU238035418","MLA73460357","ORGANIC","false","false","libros de terror","","","917","+9.999 resultados","https://articulo.mercadolibre.com.ar/MLA-3463481256","Envío gratis","","","","","MLA412445","MLA-BOOKS","","CORE","CORE","","2026-09-26T20:46:42.474Z",
"https://http2.mlstatic.com/D_NQ_NP_791719-MLU70807851447_072023-O.webp","ARS","9990","","",,,,,"Libro Body Shots - Daniel Exposito, de DANIEL EXPOSITO. Editorial DOLMEN","","",,"false","true","","false","MLA25461409","MLA1392639799","MLA25461409","MLAU274390739","MLA25461409","ORGANIC","false","false","libros de terror","","","918","+9.999 resultados","https://articulo.mercadolibre.com.ar/MLA-1392639799","","","","","","MLA412445","MLA-BOOKS","","CORE","CORE","","2026-09-26T20:46:42.474Z",
"https://http2.mlstatic.com/D_NQ_NP_732089-MLA112698843443_062026-O.webp","ARS","18000","","",,,,,"El Vampiro - John Polidori","","",,"false","true","","false","MLA72063471","MLA3421463508","MLA72063471","MLAU3084473411","MLA72063471","ORGANIC","false","false","libros de terror","","","919","+9.999 resultados","https://articulo.mercadolibre.com.ar/MLA-3421463508","","","","","","MLA412445","MLA-BOOKS","","CORE","CORE","","2026-09-26T20:46:42.474Z",
"https://http2.mlstatic.com/D_NQ_NP_612775-MLA106184175566_022026-O.webp","ARS","79999","","",,,,,"Enriquez Alguien Camina Sobre Tu Tumba Nuestra Parte Noche","6 cuotas de 17998","",,"true",,"","false","MLA2844260596","MLA2844260596","","MLAU3775697293","MLAU3775697293","ORGANIC","false","false","libros de terror","","","920","+9.999 resultados","https://articulo.mercadolibre.com.ar/MLA-2844260596","Llega gratis el lunes","¡ÚLTIMA! | ÚLTIMA UNIDAD","","","","MLA412445","MLA-BOOKS","","CORE","CORE","","2026-09-26T20:46:42.474Z",
"https://http2.mlstatic.com/D_NQ_NP_845647-MLA99996750163_112025-O.webp","ARS","44329","","",,,,,"Cementerio De Animales, De Stephen King. Editorial Debolsillo, Tapa Blanda En Español, 2020","","",,"true","true","MASLIBROS Tienda oficial","true","MLA24966144","MLA1917315817","MLA24966144","MLAU4397738503","MLA24966144","ORGANIC","false","false","libros de terror","","","921","+9.999 resultados","https://articulo.mercadolibre.com.ar/MLA-1917315817","Llega gratis mañana Enviado por FULL","","","","","MLA412445","MLA-BOOKS","","CORE","CORE","","2026-09-26T20:46:42.474Z",
"https://http2.mlstatic.com/D_NQ_NP_827165-MLA112596789327_062026-O.webp","ARS","43297","","",,,,,"Libro An Arcane Inheritance, de Kamilah Cole. Editorial Sourcebooks, tapa blanda, en inglés (2025)","","",,"true","true","","false","MLA70907997","MLA1833351561","MLA70907997","MLAU3958665529","MLA70907997","ORGANIC","false","false","libros de terror","","","922","+9.999 resultados","https://articulo.mercadolibre.com.ar/MLA-1833351561","Envío gratis","","","","","MLA412445","MLA-BOOKS","","CORE","CORE","","2026-09-26T20:46:42.474Z",
"https://http2.mlstatic.com/D_NQ_NP_936319-MLU76558562496_052024-O.webp","ARS","66550","","",,,,,"Libro - Crossed 07 - Lapham, Zanier Y Otros, De Lapham Zanier Y S. Editorial Paniniics En Español","6 cuotas de 14972","",,"true","true","ENTELEQUIA Tienda oficial","true","MLA37383248","MLA3517625694","MLA37383248","MLAU281650632","MLA37383248","ORGANIC","false","false","libros de terror","","","923","+9.999 resultados","https://articulo.mercadolibre.com.ar/MLA-3517625694","Llega gratis el lunes","","","","","MLA412445","MLA-BOOKS","","CORE","CORE","","2026-09-26T20:46:42.474Z",
"https://http2.mlstatic.com/D_NQ_NP_974544-MLU79177053643_092024-O.webp","ARS","11040","","",,,,,"Cuentos Completos I El Extraño Caso De Doctor Jekyll: El Extraño Caso Del Doctor Jekyll Y El Señor Hyde Y Otros Relatos, De Stevenson, Robert Louis., Vol. 1. Editorial Sudamericana En Español","","",,"false","true","Librería Palito Tienda oficial","true","MLA40605716","MLA1911268132","MLA40605716","MLAU162222104","MLA40605716","ORGANIC","false","false","libros de terror","","","924","+9.999 resultados","https://articulo.mercadolibre.com.ar/MLA-1911268132","","","","","","MLA412445","MLA-BOOKS","","CORE","CORE","","2026-09-26T20:46:42.474Z",
"https://http2.mlstatic.com/D_NQ_NP_847568-MLA111553195116_062026-O.webp","ARS","39900","","",,,,,"Libro La Yihad Terrorista., de Luis de la Corte Ibáñez, vol. 1. Editorial Síntesis, tapa blanda (2007)","","",,"true","true","","false","MLA71373983","MLA3420282910","MLA71373983","MLAU4042100207","MLA71373983","ORGANIC","false","false","libros de terror","","","925","+9.999 resultados","https://articulo.mercadolibre.com.ar/MLA-3420282910","Llega gratis el lunes","","","","","MLA412445","MLA-BOOKS","","CORE","CORE","","2026-09-26T20:46:42.556Z",
"https://http2.mlstatic.com/D_NQ_NP_703253-MLA92709143270_092025-O.webp","ARS","82900","","",,,,,"No Tengas Miedo + Si Te Gusta La Oscuridad King Pack Nuevo!!","6 cuotas de 18651","",,"true",,"","false","MLA2387184636","MLA2387184636","","MLAU3441598676","MLAU3441598676","ORGANIC","false","false","libros de terror","","","926","+9.999 resultados","https://articulo.mercadolibre.com.ar/MLA-2387184636","Llega gratis el lunes","¡ÚLTIMA! | ÚLTIMA UNIDAD","","","","MLA412445","MLA-BOOKS","","CORE","CORE","","2026-09-26T20:46:42.556Z",
"https://http2.mlstatic.com/D_NQ_NP_958514-MLA88587206057_072025-O.webp","ARS","44000","","",,,,,"Hellblazer De Brian Azzarello Vol 2 Ed Planeta 408 Págs!!!","","",,"true",,"","false","MLA2200181364","MLA2200181364","","MLAU3324452250","MLAU3324452250","ORGANIC","false","false","libros de terror","","","927","+9.999 resultados","https://articulo.mercadolibre.com.ar/MLA-2200181364","Llega gratis el lunes","","","","","MLA412445","MLA-BOOKS","","CORE","CORE","","2026-09-26T20:46:42.557Z",
"https://http2.mlstatic.com/D_NQ_NP_900396-MLU71255079511_082023-O.webp","ARS","12999","","",,,,,"Cuentos de HP Lovecraft 2 Ilustrados","","",,"false","true","ENTELEQUIA Tienda oficial","true","MLA22669030","MLA1385067999","MLA22669030","MLAU286953850","MLA22669030","ORGANIC","false","false","libros de terror","","1","928","+9.999 resultados","https://articulo.mercadolibre.com.ar/MLA-1385067999","Llega el lunes","","","","","MLA412445","MLA-BOOKS","","CORE","CORE","","2026-09-26T20:46:42.557Z",
"https://http2.mlstatic.com/D_NQ_NP_631731-MLU75155113383_032024-O.webp","ARS","39141","","",,,,,"Una Guerra Sin Igual. La Constitución En Los Tiempos Del Terrorismo, De Owen Fiss. Editorial Marcial Pons, Tapa Blanda, Edición 1 En Español, 2017","","",,"true","true","","false","MLA34449662","MLA3151743980","MLA34449662","MLAU158175099","MLA34449662","ORGANIC","false","false","libros de terror","","","929","+9.999 resultados","https://articulo.mercadolibre.com.ar/MLA-3151743980","Llega gratis el lunes","","","","","MLA412445","MLA-BOOKS","","CORE","CORE","","2026-09-26T20:46:42.557Z",
"https://http2.mlstatic.com/D_NQ_NP_641429-MLA112613076093_062026-O.webp","ARS","40173","","",,,,,"Libro La Vieja Sangre, De Álamo, Alfredo, Vol. 1. Editorial Orciny Press, Tapa Blanda (2022)","","",,"true","true","LIBRENTA Tienda oficial","true","MLA71266429","MLA1980263949","MLA71266429","MLAU3646650372","MLA71266429","ORGANIC","false","false","libros de terror","","","930","+9.999 resultados","https://articulo.mercadolibre.com.ar/MLA-1980263949","Envío gratis","","","","","MLA412445","MLA-BOOKS","","CORE","CORE","","2026-09-26T20:46:42.557Z",
"https://http2.mlstatic.com/D_NQ_NP_943026-MLA111537564046_062026-O.webp","ARS","25725","","",,,,,"Terrorismo Y Comunismo - Trotsky, Lev","","",,"false","true","LIBRENTA Tienda oficial","true","MLA70999348","MLA1823856867","MLA70999348","MLAU3973670595","MLA70999348","ORGANIC","false","false","libros de terror","","","931","+9.999 resultados","https://articulo.mercadolibre.com.ar/MLA-1823856867","","","","","","MLA412445","MLA-BOOKS","","CORE","CORE","","2026-09-26T20:46:42.557Z",
"https://http2.mlstatic.com/D_NQ_NP_994272-MLA112694585293_062026-O.webp","ARS","39733","","",,,,,"Relatos De Terror - Lucia Regazzoli","","",,"true","true","LIBRENTA Tienda oficial","true","MLA72003921","MLA1823857591","MLA72003921","MLAU3828842483","MLA72003921","ORGANIC","false","false","libros de terror","","","932","+9.999 resultados","https://articulo.mercadolibre.com.ar/MLA-1823857591","Envío gratis","","","","","MLA412445","MLA-BOOKS","","CORE","CORE","","2026-09-26T20:46:42.557Z",
"https://http2.mlstatic.com/D_NQ_NP_606525-MLA79908287928_102024-O.webp","ARS","41129","","",,,,,"Relatos Para Una Noche De Terror, De Martínez Martínez, Adrián. Editorial Tierra De Nadie Editores, Tapa Blanda En Español","","",,"true","true","LIBRENTA Tienda oficial","true","MLA29953112","MLA2616715948","MLA29953112","MLAU3469461543","MLA29953112","ORGANIC","false","false","libros de terror","","","933","+9.999 resultados","https://articulo.mercadolibre.com.ar/MLA-2616715948","Envío gratis","","","","","MLA412445","MLA-BOOKS","","CORE","CORE","","2026-09-26T20:46:42.557Z",
"https://http2.mlstatic.com/D_NQ_NP_767143-MLU75716238137_042024-O.webp","ARS","20717","","",,,,,"Vinicula, De Eguiluz Gonzalez Silvia. Editorial Con Pluma Y Pixel, Tapa Blanda En Español, 2024","","",,"false","true","LIBRENTA Tienda oficial","true","MLA35644077","MLA2617132348","MLA35644077","MLAU3647740758","MLA35644077","ORGANIC","false","false","libros de terror","","","934","+9.999 resultados","https://articulo.mercadolibre.com.ar/MLA-2617132348","","","","","","MLA412445","MLA-BOOKS","","CORE","CORE","","2026-09-26T20:46:42.557Z",
"https://http2.mlstatic.com/D_NQ_NP_746164-MLA100019386234_122025-O.webp","ARS","27052","","",,,,,"Libro Frankenstein, De Shelley, Mary, Vol. 1. Edaf Editorial, Tapa Blanda (2025)","","",,"false","true","LIBRENTA Tienda oficial","true","MLA62902375","MLA2670344680","MLA62902375","MLAU3639830029","MLA62902375","ORGANIC","false","false","libros de terror","","","935","+9.999 resultados","https://articulo.mercadolibre.com.ar/MLA-2670344680","","","","","","MLA412445","MLA-BOOKS","","CORE","CORE","","2026-09-26T20:47:08.560Z",
"https://http2.mlstatic.com/D_NQ_NP_878723-MLU75556576532_042024-O.webp","ARS","18237","","",,,,,"45 Juegos De Terror, De Varios Autores. Editorial Auzou, Tapa Blanda En Español","","",,"false","true","LIBRENTA Tienda oficial","true","MLA35655818","MLA3184057826","MLA35655818","MLAU3905030720","MLA35655818","ORGANIC","false","false","libros de terror","","","936","+9.999 resultados","https://articulo.mercadolibre.com.ar/MLA-3184057826","","","","","","MLA412445","MLA-BOOKS","","CORE","CORE","","2026-09-26T20:47:08.560Z",
"https://http2.mlstatic.com/D_NQ_NP_600797-MLA112600295453_062026-O.webp","ARS","46483","","",,,,,"La Busqueda Del Grial 4 El Viaje Del Terror - Brennan, H. J","6 cuotas de 10457","",,"true","true","LIBRENTA Tienda oficial","true","MLA70966819","MLA3753531970","MLA70966819","MLAU3838964986","MLA70966819","ORGANIC","false","false","libros de terror","","","937","+9.999 resultados","https://articulo.mercadolibre.com.ar/MLA-3753531970","Envío gratis","","","","","MLA412445","MLA-BOOKS","","CORE","CORE","","2026-09-26T20:47:08.560Z",
"https://http2.mlstatic.com/D_NQ_NP_928302-MLA113176116863_062026-O.webp","ARS","45811","","",,,,,"Libro: La Casa Hueca. Relinque, Jesus. Maniac Ediciones","6 cuotas de 10306","",,"true","true","LIBRENTA Tienda oficial","true","MLA73470715","MLA3753560548","MLA73470715","MLAU3986098584","MLA73470715","ORGANIC","false","false","libros de terror","","","938","+9.999 resultados","https://articulo.mercadolibre.com.ar/MLA-3753560548","Envío gratis","","","","","MLA412445","MLA-BOOKS","","CORE","CORE","","2026-09-26T20:47:08.560Z",
"https://http2.mlstatic.com/D_NQ_NP_651794-MLA112622742471_062026-O.webp","ARS","27052","","",,,,,"El Muñeco Melancólico - López, Tamara","","",,"false","true","LIBRENTA Tienda oficial","true","MLA71470599","MLA3774340000","MLA71470599","MLAU3639819797","MLA71470599","ORGANIC","false","false","libros de terror","","","939","+9.999 resultados","https://articulo.mercadolibre.com.ar/MLA-3774340000","","","","","","MLA412445","MLA-BOOKS","","CORE","CORE","","2026-09-26T20:47:08.560Z",
"https://http2.mlstatic.com/D_NQ_NP_773301-MLA112603362601_062026-O.webp","ARS","28976","","",,,,,"Del Cielo Al Infierno - Torres Plaza,cristina","","",,"false","true","LIBRENTA Tienda oficial","true","MLA71041824","MLA3775650364","MLA71041824","MLAU3741082621","MLA71041824","ORGANIC","false","false","libros de terror","","","940","+9.999 resultados","https://articulo.mercadolibre.com.ar/MLA-3775650364","","","","","","MLA412445","MLA-BOOKS","","CORE","CORE","","2026-09-26T20:47:08.560Z",
"https://http2.mlstatic.com/D_NQ_NP_880494-MLU78937587088_092024-O.webp","ARS","52483","","",,,,,"El Hombre Sin Rostro, De Claudio Cerdán., Vol. 1. Editorial Destino Libros, Tapa Blanda En Español, 2024","6 cuotas de 11807","",,"true","true","LIBRENTA Tienda oficial","true","MLA40598836","MLA1514225619","MLA40598836","MLAU3349559489","MLA40598836","ORGANIC","false","false","libros de terror","","","941","+9.999 resultados","https://articulo.mercadolibre.com.ar/MLA-1514225619","Envío gratis","","","","","MLA412445","MLA-BOOKS","","CORE","CORE","","2026-09-26T20:47:08.560Z",
"https://http2.mlstatic.com/D_NQ_NP_639754-MLU74104749428_012024-O.webp","ARS","45187","","",,,,,"Cómic El Pequeño Vampir La Peli De Terror Joann Sfar Español","","",,"true","true","LIBRENTA Tienda oficial","true","MLA30085788","MLA1515300033","MLA30085788","MLAU3363912703","MLA30085788","ORGANIC","false","false","libros de terror","","","942","+9.999 resultados","https://articulo.mercadolibre.com.ar/MLA-1515300033","Envío gratis","","","","","MLA412445","MLA-BOOKS","","CORE","CORE","","2026-09-26T20:47:08.560Z",
"https://http2.mlstatic.com/D_NQ_NP_888708-MLA83239677275_032025-O.webp","ARS","86357","","",,,,,"Creepy Nº 18/29: 0, De Varios Es. Terror, Vol. 18. Editorial Planeta Cómic, Tapa Dura, Edición 0 En Español, 2025","6 cuotas de 19428","",,"true","true","LIBRENTA Tienda oficial","true","MLA47348358","MLA2213585270","MLA47348358","MLAU3343662884","MLA47348358","ORGANIC","false","false","libros de terror","","","943","+9.999 resultados","https://articulo.mercadolibre.com.ar/MLA-2213585270","Envío gratis","","","","","MLA412445","MLA-BOOKS","","CORE","CORE","","2026-09-26T20:47:08.560Z",
"https://http2.mlstatic.com/D_NQ_NP_634454-MLU77507959848_072024-O.webp","ARS","47005","","",,,,,"El Terror Rojo, De Esparza, José Javier. Editorial Ediciones Insólitas, Tapa Blanda En Español","6 cuotas de 10575","",,"true","true","LIBRENTA Tienda oficial","true","MLA22090612","MLA2220140572","MLA22090612","MLAU3348780924","MLA22090612","ORGANIC","false","false","libros de terror","","","944","+9.999 resultados","https://articulo.mercadolibre.com.ar/MLA-2220140572","Envío gratis","","","","","MLA412445","MLA-BOOKS","","CORE","CORE","","2026-09-26T20:47:08.560Z",
"https://http2.mlstatic.com/D_NQ_NP_875880-MLU75286130228_032024-O.webp","ARS","23164","","",,,,,"El Invernadero Del Terror, De Nimmo, Jenny. Editorial Algar Editorial, Tapa Blanda En Español","","",,"false","true","LIBRENTA Tienda oficial","true","MLA35016175","MLA2242977668","MLA35016175","MLAU3360305492","MLA35016175","ORGANIC","false","false","libros de terror","","","945","+9.999 resultados","https://articulo.mercadolibre.com.ar/MLA-2242977668","","","","","","MLA412445","MLA-BOOKS","","CORE","CORE","","2026-09-26T20:47:08.560Z",
"https://http2.mlstatic.com/D_NQ_NP_871808-MLU79157599019_092024-O.webp","ARS","56561","","",,,,,"Los Años Del Terror Lawrence Wright (ltc)","6 cuotas de 12725","",,"true","true","LIBRENTA Tienda oficial","true","MLA21172084","MLA2247359304","MLA21172084","MLAU3365015588","MLA21172084","ORGANIC","false","false","libros de terror","","","946","+9.999 resultados","https://articulo.mercadolibre.com.ar/MLA-2247359304","Envío gratis","","","","","MLA412445","MLA-BOOKS","","CORE","CORE","","2026-09-26T20:47:08.560Z",
"https://http2.mlstatic.com/D_NQ_NP_615795-MLU74480111915_022024-O.webp","ARS","38812","","",,,,,"Terrorismo, Tortura Y Derecho Penal. Respuestas En Situaciones De Emergencia., De Ambos, Kai. Editorial Atelier Libros S.a., Tapa Blanda En Español","","",,"true","true","LIBRENTA Tienda oficial","true","MLA32558411","MLA2260323806","MLA32558411","MLAU3364795011","MLA32558411","ORGANIC","false","false","libros de terror","","","947","+9.999 resultados","https://articulo.mercadolibre.com.ar/MLA-2260323806","Envío gratis","","","","","MLA412445","MLA-BOOKS","","CORE","CORE","","2026-09-26T20:47:08.560Z",
"https://http2.mlstatic.com/D_NQ_NP_956200-MLU71294696281_082023-O.webp","ARS","20393","","",,,,,"Krestor, El Terror Aplastante, De Blade, Adam. Editorial Destino Infantil & Juvenil, Tapa Blanda En Español","","",,"false","true","LIBRENTA Tienda oficial","true","MLA26560993","MLA2308175892","MLA26560993","MLAU3392287145","MLA26560993","ORGANIC","false","false","libros de terror","","","948","+9.999 resultados","https://articulo.mercadolibre.com.ar/MLA-2308175892","","","","","","MLA412445","MLA-BOOKS","","CORE","CORE","","2026-09-26T20:47:08.560Z",
"https://http2.mlstatic.com/D_NQ_NP_835419-MLU75158005772_032024-O.webp","ARS","37441","","",,,,,"Libro Historias De Terror Carnavalescas [ Original ], De Fernando Macías. Editorial Samarcanda, Tapa Blanda En Español, 2024","","",,"true","true","LIBRENTA Tienda oficial","true","MLA34769686","MLA3125291764","MLA34769686","MLAU3393738457","MLA34769686","ORGANIC","false","false","libros de terror","","","949","+9.999 resultados","https://articulo.mercadolibre.com.ar/MLA-3125291764","Envío gratis","","","","","MLA412445","MLA-BOOKS","","CORE","CORE","","2026-09-26T20:47:08.560Z",
"https://http2.mlstatic.com/D_NQ_NP_734342-MLA109317850033_032026-O.webp","ARS","25507","","",,,,,"Libro En La Luna Terroristas - Ibanez Talavera Francisco, De Ibañez Talavera,francisco. Editorial B Comic ( 2010)","","",,"false","true","LIBRENTA Tienda oficial","true","MLA67032757","MLA3340357980","MLA67032757","MLAU3367994741","MLA67032757","ORGANIC","false","false","libros de terror","","","950","+9.999 resultados","https://articulo.mercadolibre.com.ar/MLA-3340357980","","","","","","MLA412445","MLA-BOOKS","","CORE","CORE","","2026-09-26T20:47:08.560Z",
"https://http2.mlstatic.com/D_NQ_NP_632721-MLA82657299958_032025-O.webp","ARS","65000","","",,,,,"The Terror - Dan Simmons - Libro En Ingles","6 cuotas de 14623","",,"true",,"","false","MLA1481234121","MLA1481234121","","MLAU3053876559","MLAU3053876559","ORGANIC","false","false","libros de terror","","","951","+9.999 resultados","https://articulo.mercadolibre.com.ar/MLA-1481234121","Envío gratis","","","","","MLA412445","MLA-BOOKS","","CORE","CORE","","2026-09-26T20:47:08.560Z",
"https://http2.mlstatic.com/D_NQ_NP_834145-MLU70626690056_072023-O.webp","ARS","42248","","",,,,,"Los Muertos Del Profesor, De Manuel Jesus Roldan Salgueiro. Editorial El Paseo Editorial, Tapa Blanda En Español, 2021","","",,"true","true","LIBRENTA Tienda oficial","true","MLA24793906","MLA1597281061","MLA24793906","MLAU3469471713","MLA24793906","ORGANIC","false","false","libros de terror","","","952","+9.999 resultados","https://articulo.mercadolibre.com.ar/MLA-1597281061","Envío gratis","","","","","MLA412445","MLA-BOOKS","","CORE","CORE","","2026-09-26T20:47:08.560Z",
"https://http2.mlstatic.com/D_NQ_NP_883271-MLU70814944110_082023-O.webp","ARS","21822","","",,,,,"Libro Doce Terrores De La Navidad, Los, de Updike, John. Editorial RAYO VERDE, tapa blanda","","",,"false","true","MASLIBROS Tienda oficial","true","MLA25669898","MLA1388491337","MLA25669898","MLAU197901686","MLA25669898","ORGANIC","false","false","libros de terror","","","953","+9.999 resultados","https://articulo.mercadolibre.com.ar/MLA-1388491337","","","","","","MLA412445","MLA-BOOKS","","CORE","CORE","","2026-09-26T20:47:08.560Z",
"https://http2.mlstatic.com/D_NQ_NP_811763-MLA111553815368_062026-O.webp","ARS","19686","","",,,,,"Mision Historia 1 La Tumba Del Terror - Aa,vv","","",,"false","true","LIBRENTA Tienda oficial","true","MLA71380445","MLA1961912761","MLA71380445","MLAU3459387157","MLA71380445","ORGANIC","false","false","libros de terror","","","954","+9.999 resultados","https://articulo.mercadolibre.com.ar/MLA-1961912761","","","","","","MLA412445","MLA-BOOKS","","CORE","CORE","","2026-09-26T20:47:08.560Z",
"https://http2.mlstatic.com/D_NQ_NP_881598-MLA112599707263_062026-O.webp","ARS","30864","","",,,,,"Libro Vampiro, El, De Polidori, John William, Vol. 1. Editorial Uvs (2025)","","",,"false","true","LIBRENTA Tienda oficial","true","MLA70979049","MLA1980267201","MLA70979049","MLAU3639613945","MLA70979049","ORGANIC","false","false","libros de terror","","","955","+9.999 resultados","https://articulo.mercadolibre.com.ar/MLA-1980267201","","","","","","MLA412445","MLA-BOOKS","","CORE","CORE","","2026-09-26T20:47:08.560Z",
"https://http2.mlstatic.com/D_NQ_NP_640178-MLA111537810986_062026-O.webp","ARS","30891","","",,,,,"Historias De Terror Para Enamorados - Piniella, Daniel","","",,"false","true","LIBRENTA Tienda oficial","true","MLA71006222","MLA1980268203","MLA71006222","MLAU3639567783","MLA71006222","ORGANIC","false","false","libros de terror","","","956","+9.999 resultados","https://articulo.mercadolibre.com.ar/MLA-1980268203","","","","","","MLA412445","MLA-BOOKS","","CORE","CORE","","2026-09-26T20:47:08.560Z",
"https://http2.mlstatic.com/D_NQ_NP_877934-MLA111585839626_062026-O.webp","ARS","28976","","",,,,,"Libro Maledicta Devotio, De Zambrano,a. M., Vol. 1. Editorial Editorial Canal De Distribucion (2025)","","",,"false","true","LIBRENTA Tienda oficial","true","MLA71681300","MLA1981358199","MLA71681300","MLAU3750156926","MLA71681300","ORGANIC","false","false","libros de terror","","","957","+9.999 resultados","https://articulo.mercadolibre.com.ar/MLA-1981358199","","","","","","MLA412445","MLA-BOOKS","","CORE","CORE","","2026-09-26T20:47:08.560Z",
"https://http2.mlstatic.com/D_NQ_NP_732695-MLU78618146890_082024-O.webp","ARS","54221","","",,,,,"Libro LA ROSA FALSA, de JAKOB WEGELIUS. Editorial Sushi Books, tapa dura (2021)","6 cuotas de 12198","",,"true","true","LIBRENTA Tienda oficial","true","MLA26492741","MLA2612338116","MLA26492741","MLAU3641795286","MLA26492741","ORGANIC","false","false","libros de terror","","","958","+9.999 resultados","https://articulo.mercadolibre.com.ar/MLA-2612338116","Envío gratis","","","","","MLA412445","MLA-BOOKS","","CORE","CORE","","2026-09-26T20:47:08.560Z",
"https://http2.mlstatic.com/D_NQ_NP_766532-MLU70884574669_082023-O.webp","ARS","45148","","",,,,,"Discurso Del Terrorismo, El - Srecko Horvat, De Srecko Horvat. Editorial Katatrak En Español","","",,"true","true","LIBRENTA Tienda oficial","true","MLA25796915","MLA2616150450","MLA25796915","MLAU3646636210","MLA25796915","ORGANIC","false","false","libros de terror","","","959","+9.999 resultados","https://articulo.mercadolibre.com.ar/MLA-2616150450","Envío gratis","","","","","MLA412445","MLA-BOOKS","","CORE","CORE","","2026-09-26T20:47:08.560Z",
"https://http2.mlstatic.com/D_NQ_NP_815911-MLU75246390769_032024-O.webp","ARS","55233","","",,,,,"Libro Lo Que Decimos En La Oscuridad [ Original ], De Kirsty Logan. Editorial Obrador Editorial, Tapa Blanda En Español, 2024","6 cuotas de 12426","",,"true","true","LIBRENTA Tienda oficial","true","MLA34519581","MLA3339495344","MLA34519581","MLAU3633962441","MLA34519581","ORGANIC","false","false","libros de terror","","","960","+9.999 resultados","https://articulo.mercadolibre.com.ar/MLA-3339495344","Envío gratis","","","","","MLA412445","MLA-BOOKS","","CORE","CORE","","2026-09-26T20:47:08.560Z",
"https://http2.mlstatic.com/D_NQ_NP_699051-MLA99546872554_122025-O.webp","ARS","28285","","",,,,,"En Las Redes Del Miedo, De Nando Lopez. Editorial Ediciones Sm, Tapa Blanda En Español, 2019","","",,"false","true","LIBRENTA Tienda oficial","true","MLA26372253","MLA1514034427","MLA26372253","MLAU3351803454","MLA26372253","ORGANIC","false","false","libros de terror","","","961","+9.999 resultados","https://articulo.mercadolibre.com.ar/MLA-1514034427","","","","","","MLA412445","MLA-BOOKS","","CORE","CORE","","2026-09-26T20:47:08.560Z",
"https://http2.mlstatic.com/D_NQ_NP_853651-MLU71189863006_082023-O.webp","ARS","48531","","",,,,,"Libro TERROR DE ESTADO, de HILLARY/PENNY LOUISE CLINTON. Editorial Salamandra","6 cuotas de 10918","",,"true","true","LIBRENTA Tienda oficial","true","MLA26284324","MLA1515248761","MLA26284324","MLAU3362159201","MLA26284324","ORGANIC","false","false","libros de terror","","","962","+9.999 resultados","https://articulo.mercadolibre.com.ar/MLA-1515248761","Envío gratis","","","","","MLA412445","MLA-BOOKS","","CORE","CORE","","2026-09-26T20:47:08.560Z",
"https://http2.mlstatic.com/D_NQ_NP_794941-MLA82158811388_022025-O.webp","ARS","16138","","",,,,,"Las Victimas De La Yihad: Españoles Asesinados En Atentados Terroristas, De Ana Aizpiri., Vol. 1. Editorial Espasa, Tapa Blanda En Español","","",,"false","true","LIBRENTA Tienda oficial","true","MLA40734493","MLA1518945137","MLA40734493","MLAU3401031080","MLA40734493","ORGANIC","false","false","libros de terror","","","963","+9.999 resultados","https://articulo.mercadolibre.com.ar/MLA-1518945137","","","","","","MLA412445","MLA-BOOKS","","CORE","CORE","","2026-09-26T20:47:08.560Z",
"https://http2.mlstatic.com/D_NQ_NP_987149-MLU70766807470_072023-O.webp","ARS","45919","","",,,,,"Libro Memorias del terrorismo en EspaÃÂ±a, de López Romo, Raúl. Editorial Los Libros de la Catarata, tapa blanda","6 cuotas de 10331","",,"true","true","LIBRENTA Tienda oficial","true","MLA25404340","MLA1519121505","MLA25404340","MLAU3396539649","MLA25404340","ORGANIC","false","false","libros de terror","","","964","+9.999 resultados","https://articulo.mercadolibre.com.ar/MLA-1519121505","Envío gratis","","","","","MLA412445","MLA-BOOKS","","CORE","CORE","","2026-09-26T20:47:08.561Z",
"https://http2.mlstatic.com/D_NQ_NP_742635-MLU74416183222_022024-O.webp","ARS","44016","","",,,,,"Episodios Nacionales Ii. El Terror De 1824, De Perez Galdos, Benito. Editorial Linkgua En Español","","",,"true","true","LIBRENTA Tienda oficial","true","MLA33196105","MLA1519209095","MLA33196105","MLAU3402901148","MLA33196105","ORGANIC","false","false","libros de terror","","","965","+9.999 resultados","https://articulo.mercadolibre.com.ar/MLA-1519209095","Envío gratis","","","","","MLA412445","MLA-BOOKS","","CORE","CORE","","2026-09-26T20:47:08.561Z",
"https://http2.mlstatic.com/D_NQ_NP_843778-MLU71250402872_082023-O.webp","ARS","20037","","",,,,,"La Guerra Global Ha Comenzado;la Nueva Guerra Contra El Terror;los Intelectuales Y La Guerra;el Terr, De Collon, Michel. Editorial Hiru Argitaletxea, Tapa Blanda En Español","","",,"false","true","LIBERATE Tienda oficial","true","MLA26548699","MLA1483810718","MLA26548699","MLAU142306849","MLA26548699","ORGANIC","false","false","libros de terror","","","966","+9.999 resultados","https://articulo.mercadolibre.com.ar/MLA-1483810718","","","","","","MLA412445","MLA-BOOKS","","CORE","CORE","","2026-09-26T20:47:08.561Z",
"https://http2.mlstatic.com/D_NQ_NP_683477-MLA112689978439_062026-O.webp","ARS","41823","","",,,,,"La Rexenta Contra Frankenstein - Carbayales, Adrián","","",,"true","true","LIBRENTA Tienda oficial","true","MLA71965875","MLA1894384419","MLA71965875","MLAU3353710348","MLA71965875","ORGANIC","false","false","libros de terror","","","967","+9.999 resultados","https://articulo.mercadolibre.com.ar/MLA-1894384419","Envío gratis","","","","","MLA412445","MLA-BOOKS","","CORE","CORE","","2026-09-26T20:47:08.561Z",
"https://http2.mlstatic.com/D_NQ_NP_627989-MLA114632576002_082026-O.webp","ARS","32199","","",,,,,"La Hermosa Vampirizada - Dumas, Alejandro","","",,"false","true","LIBRENTA Tienda oficial","true","MLA76957060","MLA2025191215","MLA76957060","MLAU3365684947","MLA76957060","ORGANIC","false","false","libros de terror","","","968","+9.999 resultados","https://articulo.mercadolibre.com.ar/MLA-2025191215","","","","","","MLA412445","MLA-BOOKS","","CORE","CORE","","2026-09-26T20:47:08.561Z",
"https://http2.mlstatic.com/D_NQ_NP_646073-MLA99368349350_112025-O.webp","ARS","21446","","",,,,,"Libro El silencio del asesino, de Concha López Narváez, vol. No. Editorial Planeta, tapa blanda (41548)","","",,"false","true","LIBRENTA Tienda oficial","true","MLA19925846","MLA2208408726","MLA19925846","MLAU3329647629","MLA19925846","ORGANIC","false","false","libros de terror","","","969","+9.999 resultados","https://articulo.mercadolibre.com.ar/MLA-2208408726","","","","","","MLA412445","MLA-BOOKS","","CORE","CORE","","2026-09-26T20:47:08.561Z",
"https://http2.mlstatic.com/D_NQ_NP_681073-MLU74163555386_012024-O.webp","ARS","53975","","",,,,,"Libro Víctimas del Terrorismo de Extrema Izquierda en España Tapa Blanda","6 cuotas de 12143","",,"true","true","LIBRENTA Tienda oficial","true","MLA30890924","MLA2247332868","MLA30890924","MLAU3358916055","MLA30890924","ORGANIC","false","false","libros de terror","","","970","+9.999 resultados","https://articulo.mercadolibre.com.ar/MLA-2247332868","Envío gratis","","","","","MLA412445","MLA-BOOKS","","CORE","CORE","","2026-09-26T20:47:08.561Z",
"https://http2.mlstatic.com/D_NQ_NP_686304-MLA42409876367_062020-O.webp","ARS","52976","","",,,,,"Rojo 3 Nâº 3/3 - Carlos Sisi","6 cuotas de 11918","",,"true","true","LIBRENTA Tienda oficial","true","MLA22108369","MLA2250398070","MLA22108369","MLAU3362105513","MLA22108369","ORGANIC","false","false","libros de terror","","","971","+9.999 resultados","https://articulo.mercadolibre.com.ar/MLA-2250398070","Envío gratis","","","","","MLA412445","MLA-BOOKS","","CORE","CORE","","2026-09-26T20:47:08.561Z",
"https://http2.mlstatic.com/D_NQ_NP_696677-MLA99960212955_112025-O.webp","ARS","41743","","",,,,,"Cuidado Con Ella, De Teresa Toten. Editorial Alfaguara, Tapa Blanda En Español, 2017","","",,"true","true","LIBRENTA Tienda oficial","true","MLA25783886","MLA2260285382","MLA25783886","MLAU3370953938","MLA25783886","ORGANIC","false","false","libros de terror","","","972","+9.999 resultados","https://articulo.mercadolibre.com.ar/MLA-2260285382","Envío gratis","","","","","MLA412445","MLA-BOOKS","","CORE","CORE","","2026-09-26T20:47:08.561Z",
"https://http2.mlstatic.com/D_NQ_NP_679840-MLU70697796986_072023-O.webp","ARS","22134","","",,,,,"Cuentos Españoles De Terror Y Humor, De Molina Porras Juan. Editorial Akal, Tapa Blanda En Español, 2009","","",,"false","true","LIBRENTA Tienda oficial","true","MLA25304637","MLA2275449146","MLA25304637","MLAU3370693407","MLA25304637","ORGANIC","false","false","libros de terror","","","973","+9.999 resultados","https://articulo.mercadolibre.com.ar/MLA-2275449146","","","","","","MLA412445","MLA-BOOKS","","CORE","CORE","","2026-09-26T20:47:08.561Z",
"https://http2.mlstatic.com/D_NQ_NP_700314-MLU70884926710_082023-O.webp","ARS","12060","","",,,,,"Libro La liga del terror, de Creepy, Jeff. Editorial Destino Infantil & Juvenil, tapa blanda","","",,"false","true","LIBRENTA Tienda oficial","true","MLA25605419","MLA2278031312","MLA25605419","MLAU3378720680","MLA25605419","ORGANIC","false","false","libros de terror","","","974","+9.999 resultados","https://articulo.mercadolibre.com.ar/MLA-2278031312","","","","","","MLA412445","MLA-BOOKS","","CORE","CORE","","2026-09-26T20:47:08.561Z",
"https://http2.mlstatic.com/D_NQ_NP_677108-MLU78226956814_082024-O.webp","ARS","42983","","",,,,,"El Terrorista Y El Confidente, De Braulio Garcia Jaen. Editorial Ariel, Tapa Blanda En Español","","",,"true","true","LIBRENTA Tienda oficial","true","MLA29983251","MLA2309403672","MLA29983251","MLAU3394265643","MLA29983251","ORGANIC","false","false","libros de terror","","","975","+9.999 resultados","https://articulo.mercadolibre.com.ar/MLA-2309403672","Envío gratis","","","","","MLA412445","MLA-BOOKS","","CORE","CORE","","2026-09-26T20:47:08.561Z",
"https://http2.mlstatic.com/D_NQ_NP_727372-MLA112059767640_062026-O.webp","ARS","25312","","",,,,,"Coleccion Relatos De Terror","","",,"false","true","LIBRENTA Tienda oficial","true","MLA73529385","MLA3742445846","MLA73529385","MLAU3377003722","MLA73529385","ORGANIC","false","false","libros de terror","","","976","+9.999 resultados","https://articulo.mercadolibre.com.ar/MLA-3742445846","","","","","","MLA412445","MLA-BOOKS","","CORE","CORE","","2026-09-26T20:47:08.561Z",
"https://http2.mlstatic.com/D_NQ_NP_852688-MLA115907576057_082026-O.webp","ARS","46171","","",,,,,"Solomon Kane De Laertes,s.a. De Ediciones","6 cuotas de 10387","",,"true","true","LIBRENTA Tienda oficial","true","MLA76621830","MLA3815085766","MLA76621830","MLAU3360525118","MLA76621830","ORGANIC","false","false","libros de terror","","","977","+9.999 resultados","https://articulo.mercadolibre.com.ar/MLA-3815085766","Envío gratis","","","","","MLA412445","MLA-BOOKS","","CORE","CORE","","2026-09-26T20:47:08.561Z",
"https://http2.mlstatic.com/D_NQ_NP_645107-MLA82142972346_022025-O.webp","ARS","42355","","",,,,,"Del Final Del Terrorismo A La Convivencia, De López Romo, Raúl. Editorial Los Libros De La Catarata, Tapa Blanda En Español","","",,"true","true","LIBRENTA Tienda oficial","true","MLA35795568","MLA1515208491","MLA35795568","MLAU3369896136","MLA35795568","ORGANIC","false","false","libros de terror","","","978","+9.999 resultados","https://articulo.mercadolibre.com.ar/MLA-1515208491","Envío gratis","","","","","MLA412445","MLA-BOOKS","","CORE","CORE","","2026-09-26T20:47:08.561Z",
"https://http2.mlstatic.com/D_NQ_NP_695456-MLU79000070958_092024-O.webp","ARS","44137","","",,,,,"Aquellos Mitos Con Los Que Mataron: Valores, Democracia Y Terrorismo, De Mateo Santamaria, Eduardo (ed.)., Vol. 1. Editorial Los Libros De La Catarata, Tapa Blanda En Español","","",,"true","true","LIBRENTA Tienda oficial","true","MLA40727762","MLA1515274391","MLA40727762","MLAU3370004310","MLA40727762","ORGANIC","false","false","libros de terror","","","979","+9.999 resultados","https://articulo.mercadolibre.com.ar/MLA-1515274391","Envío gratis","","","","","MLA412445","MLA-BOOKS","","CORE","CORE","","2026-09-26T20:47:08.561Z",
"https://http2.mlstatic.com/D_NQ_NP_706774-MLA79489516584_102024-O.webp","ARS","42355","","",,,,,"Transterrados: Dejar Euskadi Por El Terrorismo, De Rivera Blanco, Antonio. Editorial Los Libros De La Catarata, Tapa Blanda En Español","","",,"true","true","LIBRENTA Tienda oficial","true","MLA41471023","MLA1515324871","MLA41471023","MLAU3363779803","MLA41471023","ORGANIC","false","false","libros de terror","","","980","+9.999 resultados","https://articulo.mercadolibre.com.ar/MLA-1515324871","Envío gratis","","","","","MLA412445","MLA-BOOKS","","CORE","CORE","","2026-09-26T20:47:08.561Z",
"https://http2.mlstatic.com/D_NQ_NP_751669-MLU71252175082_082023-O.webp","ARS","45524","","",,,,,"Terrorismo Y Deporte, De Igualada, Carlos. Editorial Galaxia Gutenberg, S.l., Tapa Blanda En Español","","",,"true","true","LIBRENTA Tienda oficial","true","MLA26543009","MLA1515385091","MLA26543009","MLAU3370006182","MLA26543009","ORGANIC","false","false","libros de terror","","","981","+9.999 resultados","https://articulo.mercadolibre.com.ar/MLA-1515385091","Envío gratis","","","","","MLA412445","MLA-BOOKS","","CORE","CORE","","2026-09-26T20:47:08.561Z",
"https://http2.mlstatic.com/D_NQ_NP_921805-MLU70684095855_072023-O.webp","ARS","61355","","",,,,,"Misivas del Terror 2ª Edición Libro de Sáez de la Fuente Aldama Tapa Blanda","6 cuotas de 13803","",,"true","true","LIBRENTA Tienda oficial","true","MLA25035872","MLA1518712323","MLA25035872","MLAU3399693258","MLA25035872","ORGANIC","false","false","libros de terror","","","982","+9.999 resultados","https://articulo.mercadolibre.com.ar/MLA-1518712323","Envío gratis","","","","","MLA412445","MLA-BOOKS","","CORE","CORE","","2026-09-26T20:47:08.561Z",
"https://http2.mlstatic.com/D_NQ_NP_991755-MLA48059404157_102021-O.webp","ARS","62497","","",,,,,"Libro: Los Arquitectos Del Terror. Preston, Paul. Debate","6 cuotas de 14060","",,"true","true","LIBRENTA Tienda oficial","true","MLA22177899","MLA1546527863","MLA22177899","MLAU3453164134","MLA22177899","ORGANIC","false","false","libros de terror","","","983","+9.999 resultados","https://articulo.mercadolibre.com.ar/MLA-1546527863","Envío gratis","","","","","MLA412445","MLA-BOOKS","","CORE","CORE","","2026-09-26T20:47:25.170Z",
"https://http2.mlstatic.com/D_NQ_NP_963563-MLA111541666138_062026-O.webp","ARS","24545","","",,,,,"Ejercicios De Terror - Sastre,alfonso","","",,"false","true","LIBRENTA Tienda oficial","true","MLA71110400","MLA1973403307","MLA71110400","MLAU3445220049","MLA71110400","ORGANIC","false","false","libros de terror","","","984","+9.999 resultados","https://articulo.mercadolibre.com.ar/MLA-1973403307","","","","","","MLA412445","MLA-BOOKS","","CORE","CORE","","2026-09-26T20:47:25.170Z",
"https://http2.mlstatic.com/D_NQ_NP_806524-MLA113966960235_062026-O.webp","ARS","29356","","",,,,,"Matar A La Voz. Sala De Terror - Aparicio, Asier - Tapa Dura - 2025","","",,"false","true","LIBRENTA Tienda oficial","true","MLA74636574","MLA1973632751","MLA74636574","MLAU3452152546","MLA74636574","ORGANIC","false","false","libros de terror","","","985","+9.999 resultados","https://articulo.mercadolibre.com.ar/MLA-1973632751","","","","","","MLA412445","MLA-BOOKS","","CORE","CORE","","2026-09-26T20:47:25.170Z",
"https://http2.mlstatic.com/D_NQ_NP_704396-MLA85577984635_062025-O.webp","ARS","86357","","",,,,,"Creepy 19, De Varios Autores. 3601 Editorial Planeta Cómic, Tapa Dura En Español, 2025","6 cuotas de 19428","",,"true","true","LIBRENTA Tienda oficial","true","MLA50867460","MLA2213702160","MLA50867460","MLAU3343662908","MLA50867460","ORGANIC","false","false","libros de terror","","","986","+9.999 resultados","https://articulo.mercadolibre.com.ar/MLA-2213702160","Envío gratis","","","","","MLA412445","MLA-BOOKS","","CORE","CORE","","2026-09-26T20:47:25.170Z",
"https://http2.mlstatic.com/D_NQ_NP_682752-MLU70629829582_072023-O.webp","ARS","26118","","",,,,,"El Rey Pantaloncetes Y Los Muñecos Del Terror - Andy Riley - Libro Tapa Blanda","","",,"false","true","LIBRENTA Tienda oficial","true","MLA24810154","MLA2269456534","MLA24810154","MLAU3368138001","MLA24810154","ORGANIC","false","false","libros de terror","","","987","+9.999 resultados","https://articulo.mercadolibre.com.ar/MLA-2269456534","","","","","","MLA412445","MLA-BOOKS","","CORE","CORE","","2026-09-26T20:47:25.170Z",
"https://http2.mlstatic.com/D_NQ_NP_730873-MLA100567039289_122025-O.webp","ARS","59488","","",,,,,"Libro Arquitectos Del Terror, De Preston, Paul, Vol. 1. Editorial Debate, Tapa Blanda, En Spa (2022)","6 cuotas de 13383","",,"true","true","LIBRENTA Tienda oficial","true","MLA62908142","MLA2779051440","MLA62908142","MLAU3359115995","MLA62908142","ORGANIC","false","false","libros de terror","","","988","+9.999 resultados","https://articulo.mercadolibre.com.ar/MLA-2779051440","Envío gratis","","","","","MLA412445","MLA-BOOKS","","CORE","CORE","","2026-09-26T20:47:25.171Z",
"https://http2.mlstatic.com/D_NQ_NP_813080-MLU77482634109_072024-O.webp","ARS","25800","","",,,,,"Micropolitica Del Terror - Militantes De Alto Riesgo, Escuadrones: Militantes De Alto Riesgo, Escuadrones, De Manolo Vela Castañeda. Editorial Prometeo, Tapa Blanda, Edición 1 En Español, 2023","Mismo precio 3 cuotas de 8600","",,"true","true","","false","MLA38026463","MLA1842645203","MLA38026463","MLAU239782782","MLA38026463","ORGANIC","false","false","libros de terror","","","989","+9.999 resultados","https://articulo.mercadolibre.com.ar/MLA-1842645203","Llega gratis el lunes","","","","","MLA412445","MLA-BOOKS","","CORE","CORE","","2026-09-26T20:47:25.171Z",
"https://http2.mlstatic.com/D_NQ_NP_822882-MLA29444835290_022019-O.webp","ARS","14900","","",,,,,"Bullying, Terror En La Escuela, De Dori Couñago","","",,"false",,"","false","MLA771690327","MLA771690327","","MLAU278658742","MLAU278658742","ORGANIC","false","false","libros de terror","","","990","+9.999 resultados","https://articulo.mercadolibre.com.ar/MLA-771690327","","","","","","MLA412445","MLA-BOOKS","","CORE","CORE","","2026-09-26T20:47:25.171Z",
"https://http2.mlstatic.com/D_NQ_NP_680309-MLA101154405983_122025-O.webp","ARS","30000","","",,,,,"El Sobreviviente - Rosa Amalia Gallo","","",,"false",,"","false","MLA1566270231","MLA1566270231","","MLAU3517460542","MLAU3517460542","ORGANIC","false","false","libros de terror","","","991","+9.999 resultados","https://articulo.mercadolibre.com.ar/MLA-1566270231","","","","","","MLA412445","MLA-BOOKS","","CORE","CORE","","2026-09-26T20:47:25.171Z",
"https://http2.mlstatic.com/D_NQ_NP_932339-MLA90363912585_082025-O.webp","ARS","48000","","",,,,,"La Llamada De Cthulhu - H. P. Lovecraft (alianza)","6 cuotas de 10799","",,"true",,"","false","MLA1515583481","MLA1515583481","","MLAU3372320330","MLAU3372320330","ORGANIC","false","false","libros de terror","","","992","+9.999 resultados","https://articulo.mercadolibre.com.ar/MLA-1515583481","Llega gratis el lunes","","","","","MLA412445","MLA-BOOKS","","CORE","CORE","","2026-09-26T20:47:25.171Z",
"https://http2.mlstatic.com/D_NQ_NP_981215-MLA82051772881_012025-O.webp","ARS","22000","","",,,,,"Criminales, Narcos Y Terroristas - Mauricio Javier Campos","","",,"false",,"","false","MLA1999820052","MLA1999820052","","MLAU2969739637","MLAU2969739637","ORGANIC","false","false","libros de terror","","1","993","+9.999 resultados","https://articulo.mercadolibre.com.ar/MLA-1999820052","","","","","","MLA412445","MLA-BOOKS","","CORE","CORE","","2026-09-26T20:47:25.171Z",
"https://http2.mlstatic.com/D_NQ_NP_762726-MLA81216678137_122024-O.webp","ARS","20000","","",,,,,"Cuentos De Miedo - Arino 2024","","",,"false",,"","false","MLA1972469454","MLA1972469454","","MLAU2887795374","MLAU2887795374","ORGANIC","false","false","libros de terror","","1","994","+9.999 resultados","https://articulo.mercadolibre.com.ar/MLA-1972469454","","","","","","MLA412445","MLA-BOOKS","","CORE","CORE","","2026-09-26T20:47:25.171Z",
"https://http2.mlstatic.com/D_NQ_NP_934179-MLA69498650804_052023-O.webp","ARS","20000","","",,,,,"Cuentos Para Dormir Con La Luz Prendida - Santiago Tomé","","",,"false",,"","false","MLA1370315105","MLA1370315105","","MLAU232665941","MLAU232665941","ORGANIC","false","false","libros de terror","","","995","+9.999 resultados","https://articulo.mercadolibre.com.ar/MLA-1370315105","","","","","","MLA412445","MLA-BOOKS","","CORE","CORE","","2026-09-26T20:47:25.171Z",
"https://http2.mlstatic.com/D_NQ_NP_606325-MLA106047804850_022026-O.webp","ARS","30000","","",,,,,"Espirales: Crónicas Del Espanto - Marcela Gabriela Martínez","","",,"false",,"","false","MLA2837410910","MLA2837410910","","MLAU3771976071","MLAU3771976071","ORGANIC","false","false","libros de terror","","","996","+9.999 resultados","https://articulo.mercadolibre.com.ar/MLA-2837410910","","","","","","MLA412445","MLA-BOOKS","","CORE","CORE","","2026-09-26T20:47:25.171Z",
"https://http2.mlstatic.com/D_NQ_NP_645526-MLA97647743114_112025-O.webp","ARS","20000","","",,,,,"El Terror Acecha En La Medianoche - Jessica Arcari","","",,"false",,"","false","MLA1856302166","MLA1856302166","","MLAU416580874","MLAU416580874","ORGANIC","false","false","libros de terror","","","997","+9.999 resultados","https://articulo.mercadolibre.com.ar/MLA-1856302166","","","","","","MLA412445","MLA-BOOKS","","CORE","CORE","","2026-09-26T20:47:25.171Z",
"https://http2.mlstatic.com/D_NQ_NP_962202-MLA103487753148_012026-O.webp","ARS","45000","","",,,,,"Los Cuentos Del Pentalogy - Edward Plane","","",,"true",,"","false","MLA2759638832","MLA2759638832","","MLAU3717317460","MLAU3717317460","ORGANIC","false","false","libros de terror","","","998","+9.999 resultados","https://articulo.mercadolibre.com.ar/MLA-2759638832","Envío gratis","","","","","MLA412445","MLA-BOOKS","","CORE","CORE","","2026-09-26T20:47:25.171Z",
"https://http2.mlstatic.com/D_NQ_NP_880212-MLU70873015883_082023-O.webp","ARS","46687","","",,,,,"Libro ANTOLOGÃÂA HISPÃÂNICA DEL CUENTO DE TERROR, de Varios autores. Quálea Editorial, tapa blanda","6 cuotas de 10503","",,"true","true","MASLIBROS Tienda oficial","true","MLA25607643","MLA1468896666","MLA25607643","MLAU143356888","MLA25607643","ORGANIC","false","false","libros de terror","","","999","+9.999 resultados","https://articulo.mercadolibre.com.ar/MLA-1468896666","Envío gratis","","","","","MLA412445","MLA-BOOKS","","CORE","CORE","","2026-09-26T20:47:25.171Z",
"https://http2.mlstatic.com/D_NQ_NP_850877-MLA101798151718_122025-O.webp","ARS","35000","","",,,,,"The Great God Pan And Other Stories De Arthur Machen","","",,"true",,"Cúspide Tienda oficial","true","MLA2708350924","MLA2708350924","","MLAU3689641497","MLAU3689641497","ORGANIC","false","false","libros de terror","","","1000","+9.999 resultados","https://articulo.mercadolibre.com.ar/MLA-2708350924","Envío gratis","","","","","MLA412445","MLA-BOOKS","","CORE","CORE","","2026-09-26T20:47:25.171Z",
