imgDireccion,Moneda,nuevoPrecio,precioAnterior,precioDiscount,vehiculoAno,vehiculoKilometraje,anticipo,transmision,articuloTitulo,installments,promociones,cantidadVendida,envioGratis,enStock,Vendedor,esTiendaOficial,SKU,idPublicacion,idProductoCatalogo,idProductoUsuario,idVariacion,tipoResultado,esPrecioPorCantidad,esCompraInternacional,palabraClave,produtoReviews,numeroEvaluaciones,itemPosition,resultadosTotales,zProductoLink,Envio,highlight,disponibleEn,envioDesde,productoMarca,produtoCategoryID,produtoDomainID,sellerID,vertical,verticalID,ubicacion,Tiempo,promocionado
https://http2.mlstatic.com/D_NQ_NP_798445-MLA73667522709_122023-O.webp,ARS,50348,,,,,,,Un Vecino Anormal  -  Ladron Del Chocolate + Casa Del Terror,6 cuotas de 11327,,,True,,VENTADELIBROSCOMAR PALERMO Tienda oficial,True,MLA1612044072,MLA1612044072,,MLAU246375627,MLAU246375627,ORGANIC,False,False,libros de terror,,2.0,522,+9.999 resultados,https://articulo.mercadolibre.com.ar/MLA-1612044072,Llega gratis el lunes,ÚLTIMAS 2 | ÚLTIMAS UNIDADES,,,,MLA412445,MLA-BOOKS,,CORE,CORE,,2026-09-26T20:40:58.961Z,
https://http2.mlstatic.com/D_NQ_NP_977354-MLA82787466298_032025-O.webp,ARS,77900,,,,,,,Dulces Sueños de Robert Bloch Tapa Dura Editorial Valdemar 2025,6 cuotas de 17526,,,True,True,Libreria Hernandez Tienda oficial,True,MLA47136750,MLA3407145726,MLA47136750,MLAU4006665029,MLA47136750,ORGANIC,False,False,libros de terror,,,738,+9.999 resultados,https://articulo.mercadolibre.com.ar/MLA-3407145726,Llega gratis el lunes,,,,,MLA412445,MLA-BOOKS,,CORE,CORE,,2026-09-26T20:42:57.466Z,
https://http2.mlstatic.com/D_NQ_NP_817799-MLA112070500515_052026-O.webp,ARS,30000,,,,,,,Ovni - Superman #2: La Saga De Superboy - John Byrne - Nuevo,,,,True,,,False,MLA3360708530,MLA3360708530,,MLAU3996186388,MLAU3996186388,ORGANIC,False,False,libros de terror,,,741,+9.999 resultados,https://articulo.mercadolibre.com.ar/MLA-3360708530,Llega gratis el lunes,,,,,MLA412445,MLA-BOOKS,,CORE,CORE,,2026-09-26T20:43:22.770Z,
https://http2.mlstatic.com/D_NQ_NP_689097-MLA41780443244_052020-O.webp,ARS,15842,,,,,,,Wigetta Y Los Secretos Del Cuerpo Humano - Vegetta777,,,,False,True,LIBRENTA Tienda oficial,True,MLA22078108,MLA2230333142,MLA22078108,MLAU3349669117,MLA22078108,ORGANIC,False,False,libros de terror,,,661,+9.999 resultados,https://articulo.mercadolibre.com.ar/MLA-2230333142,,,,,,MLA412445,MLA-BOOKS,,CORE,CORE,,2026-09-26T20:42:26.363Z,
https://http2.mlstatic.com/D_NQ_NP_828049-MLA100008964169_122025-O.webp,ARS,80000,,,,,,,"Cabal: La Raza De La Noche, De Barker, Clive. Serie Gótica, Vol. 127. Editorial Valdemar, Tapa Dura, Edición 1 En Español, 2023",Mismo precio 3 cuotas de 26666,,25.0,True,True,,False,MLA23597596,MLA2853599874,MLA23597596,MLAU3714272057,MLA23597596,ORGANIC,False,False,libros de terror,4.8,,412,+9.999 resultados,https://articulo.mercadolibre.com.ar/MLA-2853599874,Envío gratis,,,,,MLA412445,MLA-BOOKS,,CORE,CORE,,2026-09-26T20:38:48.174Z,
https://http2.mlstatic.com/D_NQ_NP_942861-MLA93489001925_092025-O.webp,ARS,51298,,,,,,,"Libro El Negocio Del Terrorismo: Una Perspectiva Economica, De Presburger, Dr. Enrique. Editorial Shanti Nilaya, Tapa Blanda (2025)",6 cuotas de 11541,,,True,True,,False,MLA58097557,MLA1796458443,MLA58097557,MLAU3990138104,MLA58097557,ORGANIC,False,False,libros de terror,,1.0,679,+9.999 resultados,https://articulo.mercadolibre.com.ar/MLA-1796458443,Envío gratis,,,,,MLA412445,MLA-BOOKS,,CORE,CORE,,2026-09-26T20:42:26.363Z,
https://http2.mlstatic.com/D_NQ_NP_942794-MLA111997991454_062026-O.webp,ARS,32999,,,,,,,Libro Posesion - Stephen King - Tapa Dura,,,,False,True,,False,MLA73388124,MLA3724543024,MLA73388124,MLAU3710551375,MLA73388124,ORGANIC,False,False,libros de terror,,,627,+9.999 resultados,https://articulo.mercadolibre.com.ar/MLA-3724543024,,,,,,MLA412445,MLA-BOOKS,,CORE,CORE,,2026-09-26T20:42:15.766Z,
https://http2.mlstatic.com/D_NQ_NP_697999-MLA111998478126_062026-O.webp,ARS,18900,,,,,,,Libro Maleficio - Stephen King,,,,False,True,,False,MLA73382006,MLA3876535286,MLA73382006,MLAU4996615780,MLA73382006,ORGANIC,False,False,libros de terror,,,514,+9.999 resultados,https://articulo.mercadolibre.com.ar/MLA-3876535286,,,,,,MLA412445,MLA-BOOKS,,CORE,CORE,,2026-09-26T20:40:58.961Z,
https://http2.mlstatic.com/D_NQ_NP_753559-MLA111603257590_062026-O.webp,ARS,19900,,,,,,,El Terror De Sexto B - Yolanda Reyes - Alfaguara Infantil,,,,False,True,,False,MLA71789427,MLA3524107854,MLA71789427,MLAU3129802755,MLA71789427,ORGANIC,False,False,libros de terror,,,860,+9.999 resultados,https://articulo.mercadolibre.com.ar/MLA-3524107854,,,,,,MLA412445,MLA-BOOKS,,CORE,CORE,,2026-09-26T20:45:19.264Z,
https://http2.mlstatic.com/D_NQ_NP_616703-MLA97121390668_112025-O.webp,ARS,18810,20900,10% OFF,,,,,"Libro Una Piyamada De Terror, De Regina, Michael, Vol. 1. Editorial Capicua, Tapa Blanda (2025)",,,25.0,False,True,NADIR LIBROS Tienda oficial,True,MLA61854510,MLA2789203288,MLA61854510,MLAU3520528145,MLA61854510,ORGANIC,False,False,libros de terror,5.0,,137,+9.999 resultados,https://articulo.mercadolibre.com.ar/MLA-2789203288,,¡ÚLTIMA! | ÚLTIMA UNIDAD,,,,MLA412445,MLA-BOOKS,,CORE,CORE,,2026-09-26T20:36:02.365Z,
https://http2.mlstatic.com/D_NQ_NP_679660-MLU70683001367_072023-O.webp,ARS,23000,,,,,,,"Cuentos 4 - Lovecraft - 1928 -01935, De Lovecraft, Howard Phillips. Editorial Andrómeda, Tapa Blanda En Español",,,,False,True,,False,MLA24915311,MLA1813631926,MLA24915311,MLAU388493116,MLA24915311,ORGANIC,False,False,libros de terror,,2.0,812,+9.999 resultados,https://articulo.mercadolibre.com.ar/MLA-1813631926,,,,,,MLA412445,MLA-BOOKS,,CORE,CORE,,2026-09-26T20:43:43.961Z,
https://http2.mlstatic.com/D_NQ_NP_689725-MLA79527916696_102024-O.webp,ARS,20699,22999,10% OFF,,,,,La Fábrica Del Terror 1 - Ana María Shua - Sudamericana,,,100.0,False,True,NADIR LIBROS Tienda oficial,True,MLA22012483,MLA1380227757,MLA22012483,MLAU220173414,MLA22012483,ORGANIC,False,False,libros de terror,4.8,12.0,77,+9.999 resultados,https://articulo.mercadolibre.com.ar/MLA-1380227757,,¡ÚLTIMA! | ÚLTIMA UNIDAD,,,,MLA412445,MLA-BOOKS,,CORE,CORE,,2026-09-26T20:35:45.064Z,
https://http2.mlstatic.com/D_NQ_NP_669660-MLA74828683465_022024-O.webp,ARS,137800,,,,,,,Libro Clasicos Del Terror - Varios,Mismo precio 3 cuotas de 45933,,,True,,,False,MLA1116251377,MLA1116251377,,MLAU144456932,MLAU144456932,ORGANIC,False,False,libros de terror,,,637,+9.999 resultados,https://articulo.mercadolibre.com.ar/MLA-1116251377,Envío gratis,,,,,MLA412445,MLA-BOOKS,,CORE,CORE,,2026-09-26T20:42:15.767Z,
https://http2.mlstatic.com/D_NQ_NP_700314-MLU70884926710_082023-O.webp,ARS,12060,,,,,,,"Libro La liga del terror, de Creepy, Jeff. Editorial Destino Infantil & Juvenil, tapa blanda",,,,False,True,LIBRENTA Tienda oficial,True,MLA25605419,MLA2278031312,MLA25605419,MLAU3378720680,MLA25605419,ORGANIC,False,False,libros de terror,,,974,+9.999 resultados,https://articulo.mercadolibre.com.ar/MLA-2278031312,,,,,,MLA412445,MLA-BOOKS,,CORE,CORE,,2026-09-26T20:47:08.561Z,
https://http2.mlstatic.com/D_NQ_NP_651794-MLA112622742471_062026-O.webp,ARS,27052,,,,,,,"El Muñeco Melancólico - López, Tamara",,,,False,True,LIBRENTA Tienda oficial,True,MLA71470599,MLA3774340000,MLA71470599,MLAU3639819797,MLA71470599,ORGANIC,False,False,libros de terror,,,939,+9.999 resultados,https://articulo.mercadolibre.com.ar/MLA-3774340000,,,,,,MLA412445,MLA-BOOKS,,CORE,CORE,,2026-09-26T20:47:08.560Z,
https://http2.mlstatic.com/D_NQ_NP_887157-MLA80703573088_112024-O.webp,ARS,26000,,,,,,,Festival De La Blasfemia - Dross,,,,False,,,False,MLA1462807109,MLA1462807109,,MLAU2862070194,MLAU2862070194,ORGANIC,False,False,libros de terror,,,900,+9.999 resultados,https://articulo.mercadolibre.com.ar/MLA-1462807109,,,,,,MLA412445,MLA-BOOKS,,CORE,CORE,,2026-09-26T20:46:42.473Z,
https://http2.mlstatic.com/D_NQ_NP_666954-MLU77493483421_072024-O.webp,ARS,9900,,,,,,,Cuentos Terror La Nacion Bolsillo Varios Autores,,,25.0,False,True,,False,MLA22029218,MLA1798446720,MLA22029218,MLAU379576262,MLA22029218,ORGANIC,False,False,libros de terror,4.7,4.0,281,+9.999 resultados,https://articulo.mercadolibre.com.ar/MLA-1798446720,Llega el lunes,¡ÚLTIMA! | ÚLTIMA UNIDAD,,,,MLA412445,MLA-BOOKS,,CORE,CORE,,2026-09-26T20:37:19.480Z,
https://http2.mlstatic.com/D_NQ_NP_641736-MLA111600404162_062026-O.webp,ARS,24999,,,,,,,Necronomicón - Relatos De Terror - Lovecraft - 2023,,,,False,True,,False,MLA71779043,MLA1817090179,MLA71779043,MLAU2900516064,MLA71779043,ORGANIC,False,False,libros de terror,,,884,+9.999 resultados,https://articulo.mercadolibre.com.ar/MLA-1817090179,Llega el lunes,,,,,MLA412445,MLA-BOOKS,,CORE,CORE,,2026-09-26T20:45:19.267Z,
https://http2.mlstatic.com/D_NQ_NP_791799-MLA45576374878_042021-O.webp,ARS,43288,,,,,,,"El Terror Que Acecha En La Noche - Hufford, David",,,,True,True,MASLIBROS Tienda oficial,True,MLA21181551,MLA1381341175,MLA21181551,MLAU191294562,MLA21181551,ORGANIC,False,False,libros de terror,,2.0,762,+9.999 resultados,https://articulo.mercadolibre.com.ar/MLA-1381341175,Envío gratis,,,,,MLA412445,MLA-BOOKS,,CORE,CORE,,2026-09-26T20:43:22.771Z,
https://http2.mlstatic.com/D_NQ_NP_960928-MLA84437779357_052025-O.webp,ARS,54055,56900,5% OFF,,,,,"Lo Que Mueve A Los Muertos, De Kingfisher, T.. 1049, Vol. 1. Editorial Crononauta, Tapa Blanda, Edición 1 En Español, 2025",6 cuotas de 12161,,,True,True,Zivals Tienda oficial,True,MLA49029322,MLA2067517659,MLA49029322,MLAU4943119582,MLA49029322,ORGANIC,False,False,libros de terror,,,320,+9.999 resultados,https://articulo.mercadolibre.com.ar/MLA-2067517659,Llega gratis el lunes,OFERTA IMPERDIBLE,,,,MLA412445,MLA-BOOKS,,CORE,CORE,,2026-09-26T20:37:45.568Z,
https://http2.mlstatic.com/D_NQ_NP_968999-MLA99562815194_122025-O.webp,ARS,41110,,,,,,,"Nuevos Cuentos De Los Mitos De Cthulhu, De Vv. Aa.. Editorial Valdemar, Tapa Blanda En Español, 2021",,,,True,True,MASLIBROS Tienda oficial,True,MLA23664169,MLA1381342985,MLA23664169,MLAU145570129,MLA23664169,ORGANIC,False,False,libros de terror,,1.0,550,+9.999 resultados,https://articulo.mercadolibre.com.ar/MLA-1381342985,Envío gratis,,,,,MLA412445,MLA-BOOKS,,CORE,CORE,,2026-09-26T20:41:27.587Z,
https://http2.mlstatic.com/D_NQ_NP_960779-MLM48256507151_112021-O.webp,ARS,19855,,,,,,,Libro La Llamada De Cthulhu - H P Lovecraft [ Pasta Dura ],,,100.0,True,True,,False,MLA20938434,MLA2109015029,MLA20938434,MLAU5200107488,MLA20938434,ORGANIC,False,False,libros de terror,4.9,,175,+9.999 resultados,https://articulo.mercadolibre.com.ar/MLA-2109015029,Llega gratis el lunes,,,,,MLA412445,MLA-BOOKS,,CORE,CORE,,2026-09-26T20:36:29.367Z,
https://http2.mlstatic.com/D_NQ_NP_722007-MLU77291989690_072024-O.webp,ARS,30600,,,,,,,"La Filosofia En Una Epoca De Terror: Dialogos Con Jurgen Habermas Y Jacques Derrida, De Borradori/ Habermas/derrida. N/a, Vol. Volumen Unico. Editorial Taurus, Tapa Blanda, Edición 1 En Español",,,,True,True,Libreria Hernandez Tienda oficial,True,MLA34234994,MLA1702363940,MLA34234994,MLAU124406584,MLA34234994,ORGANIC,False,False,libros de terror,,6.0,372,+9.999 resultados,https://articulo.mercadolibre.com.ar/MLA-1702363940,Llega gratis el lunes,ÚLTIMAS 3 | ÚLTIMAS UNIDADES,,,,MLA412445,MLA-BOOKS,,CORE,CORE,,2026-09-26T20:38:25.457Z,
https://http2.mlstatic.com/D_NQ_NP_737808-MLA111531578520_062026-O.webp,ARS,10351,11000,5% OFF,,,,,Tokyo Underworld 05 - Kenji Sakaki - Ivrea Argentina,,,,False,True,SBS Librerias Tienda oficial,True,MLA70842227,MLA3756571864,MLA70842227,MLAU3962554391,MLA70842227,ORGANIC,False,False,libros de terror,,,528,+9.999 resultados,https://articulo.mercadolibre.com.ar/MLA-3756571864,Llega el lunes,,,,,MLA412445,MLA-BOOKS,,CORE,CORE,,2026-09-26T20:40:58.965Z,
https://http2.mlstatic.com/D_NQ_NP_922879-MLU69796023847_062023-O.webp,ARS,17010,18900,10% OFF,,,,,"Los Mejores Cuentos De Terror (bolsillo), De Antología. Editorial El Ateneo, Tapa Blanda En Español, 2018",,,,False,True,Eterna Cadencia Tienda oficial,True,MLA23706995,MLA2015972004,MLA23706995,MLAU283934008,MLA23706995,ORGANIC,False,False,libros de terror,,,211,+9.999 resultados,https://articulo.mercadolibre.com.ar/MLA-2015972004,,,,,,MLA412445,MLA-BOOKS,,CORE,CORE,,2026-09-26T20:36:55.659Z,
https://http2.mlstatic.com/D_NQ_NP_873274-MLU69746952896_062023-O.webp,ARS,6975,,,,,,,"Blood On The Tracks - Tomo 2, De Shuzo Oshimi., Vol. 2. Editorial Ivrea, Tapa Blanda En Español",,,25.0,False,True,,False,MLA23452989,MLA3342565330,MLA23452989,MLAU221627632,MLA23452989,ORGANIC,False,False,libros de terror,5.0,,236,+9.999 resultados,https://articulo.mercadolibre.com.ar/MLA-3342565330,,,,,,MLA412445,MLA-BOOKS,,CORE,CORE,,2026-09-26T20:36:55.660Z,
https://http2.mlstatic.com/D_NQ_NP_968150-MLA41606190937_052020-O.webp,ARS,21643,23000,5% OFF,,,,,Estrella Maligna Remina,,,500.0,True,True,SBS Librerias Tienda oficial,True,MLA22164163,MLA1901995988,MLA22164163,MLAU263034137,MLA22164163,ORGANIC,False,False,libros de terror,4.9,60.0,102,+9.999 resultados,https://articulo.mercadolibre.com.ar/MLA-1901995988,Llega gratis el lunes,,,,,MLA412445,MLA-BOOKS,,CORE,CORE,,2026-09-26T20:36:02.363Z,
https://http2.mlstatic.com/D_NQ_NP_682752-MLU70629829582_072023-O.webp,ARS,26118,,,,,,,El Rey Pantaloncetes Y Los Muñecos Del Terror - Andy Riley - Libro Tapa Blanda,,,,False,True,LIBRENTA Tienda oficial,True,MLA24810154,MLA2269456534,MLA24810154,MLAU3368138001,MLA24810154,ORGANIC,False,False,libros de terror,,,987,+9.999 resultados,https://articulo.mercadolibre.com.ar/MLA-2269456534,,,,,,MLA412445,MLA-BOOKS,,CORE,CORE,,2026-09-26T20:47:25.170Z,
https://http2.mlstatic.com/D_NQ_NP_800105-MLU78769666809_082024-O.webp,ARS,16200,,,,,,,"Fantasia Y Terror En Cuerno Callado, de Bayona, Victoria. Editorial GERBERA, tapa blanda en español, 2016",,,50.0,True,True,,False,MLA23723912,MLA2461339482,MLA23723912,MLAU3492231903,MLA23723912,ORGANIC,False,False,libros de terror,4.8,13.0,903,+9.999 resultados,https://articulo.mercadolibre.com.ar/MLA-2461339482,Llega gratis el lunes,,,,,MLA412445,MLA-BOOKS,,CORE,CORE,,2026-09-26T20:46:42.474Z,
https://http2.mlstatic.com/D_NQ_NP_956200-MLU71294696281_082023-O.webp,ARS,20393,,,,,,,"Krestor, El Terror Aplastante, De Blade, Adam. Editorial Destino Infantil & Juvenil, Tapa Blanda En Español",,,,False,True,LIBRENTA Tienda oficial,True,MLA26560993,MLA2308175892,MLA26560993,MLAU3392287145,MLA26560993,ORGANIC,False,False,libros de terror,,,948,+9.999 resultados,https://articulo.mercadolibre.com.ar/MLA-2308175892,,,,,,MLA412445,MLA-BOOKS,,CORE,CORE,,2026-09-26T20:47:08.560Z,
https://http2.mlstatic.com/D_NQ_NP_664738-MLA42926605111_072020-O.webp,ARS,19350,21500,10% OFF,,,,,Colegio Maldito Iii - Gabriel Korenfeld,,,50.0,False,True,Eterna Cadencia Tienda oficial,True,MLA21221097,MLA2828702872,MLA21221097,MLAU283963024,MLA21221097,ORGANIC,False,False,libros de terror,5.0,,347,+9.999 resultados,https://articulo.mercadolibre.com.ar/MLA-2828702872,,,,,,MLA412445,MLA-BOOKS,,CORE,CORE,,2026-09-26T20:38:25.366Z,
https://http2.mlstatic.com/D_NQ_NP_735156-MLA32711693501_102019-O.webp,ARS,22400,,,,,,,"Tales Of Mystery And Imagination - Bookworms.3 + Mp3 Audio, de Poe, Edgar Allan. Editorial Oxford University Press, tapa blanda en inglés internacional, 2016",,,100.0,True,True,PYQ Tienda oficial,True,MLA20946296,MLA2856096926,MLA20946296,MLAU3782429583,MLA20946296,ORGANIC,False,False,libros de terror,4.8,33.0,140,+9.999 resultados,https://articulo.mercadolibre.com.ar/MLA-2856096926,Llega gratis el lunes,ÚLTIMAS 4 | ÚLTIMAS UNIDADES,,,,MLA412445,MLA-BOOKS,,CORE,CORE,,2026-09-26T20:36:02.366Z,
https://http2.mlstatic.com/D_NQ_NP_887541-MLU74906367618_032024-O.webp,ARS,15000,,,,,,,Libro El Hombre Sin Cabeza De Ricardo Mari¤o,,,100.0,False,True,,False,MLA21200848,MLA1395893359,MLA21200848,MLAU236847851,MLA21200848,ORGANIC,False,False,libros de terror,4.9,7.0,622,+9.999 resultados,https://articulo.mercadolibre.com.ar/MLA-1395893359,Llega el lunes,,,,,MLA412445,MLA-BOOKS,,CORE,CORE,,2026-09-26T20:42:15.766Z,
https://http2.mlstatic.com/D_NQ_NP_909450-MLA98079533676_112025-O.webp,ARS,9499,,,,,,,"Tokyo Underworld, De Kenji Sakaki, Vol. 3. Editorial Ivrea Argentina (2025)",,,,False,True,,False,MLA62236998,MLA1651696219,MLA62236998,MLAU3559491801,MLA62236998,ORGANIC,False,False,libros de terror,,,500,+9.999 resultados,https://articulo.mercadolibre.com.ar/MLA-1651696219,Llega el lunes,,,,,MLA412445,MLA-BOOKS,,CORE,CORE,,2026-09-26T20:40:58.960Z,
https://http2.mlstatic.com/D_NQ_NP_872361-MLU74826019278_032024-O.webp,ARS,29990,,,,,,,Libro Terror De Ferdinand Von Schirach,,,25.0,True,True,,False,MLA21501411,MLA3373596870,MLA21501411,MLAU4016865558,MLA21501411,ORGANIC,False,False,libros de terror,4.8,,371,+9.999 resultados,https://articulo.mercadolibre.com.ar/MLA-3373596870,Llega gratis el lunes,,,,,MLA412445,MLA-BOOKS,,CORE,CORE,,2026-09-26T20:38:25.457Z,
https://http2.mlstatic.com/D_NQ_NP_770341-MLA52083253061_102022-O.webp,ARS,21560,,,,,,,Soichi Y Sus Maldiciones Caprichosas - Junji Ito - Ivrea,,,500.0,True,True,UBIK Libros Comics Tienda oficial,True,MLA22060855,MLA1424659191,MLA22060855,MLAU200450407,MLA22060855,ORGANIC,False,False,libros de terror,4.9,86.0,199,+9.999 resultados,https://articulo.mercadolibre.com.ar/MLA-1424659191,Llega gratis el lunes,¡ÚLTIMA! | ÚLTIMA UNIDAD,,,,MLA412445,MLA-BOOKS,,CORE,CORE,,2026-09-26T20:36:55.659Z,
https://http2.mlstatic.com/D_NQ_NP_789915-MLA41563330587_042020-O.webp,ARS,55000,,,,,,,Socorro + Queridos Monstruos ,6 cuotas de 12374,,,True,,,False,MLA851860137,MLA851860137,,MLAU177316330,MLAU177316330,ORGANIC,False,False,libros de terror,,5.0,688,+9.999 resultados,https://articulo.mercadolibre.com.ar/MLA-851860137,Envío gratis,¡ÚLTIMA! | ÚLTIMA UNIDAD,,,,MLA412445,MLA-BOOKS,,CORE,CORE,,2026-09-26T20:42:26.364Z,
https://http2.mlstatic.com/D_NQ_NP_876496-MLA92568144770_092025-O.webp,ARS,47900,,,,,,,"Libro Libro Las Redes Del Terror - Reclasificar, De Reclasificar. Editorial Penguin Random House, Tapa Blanda (2024)",6 cuotas de 10776,,,True,True,Libreria Hernandez Tienda oficial,True,MLA57164309,MLA1549907217,MLA57164309,MLAU3048644947,MLA57164309,ORGANIC,False,False,libros de terror,,3.0,585,+9.999 resultados,https://articulo.mercadolibre.com.ar/MLA-1549907217,Llega gratis el lunes,,,,,MLA412445,MLA-BOOKS,,CORE,CORE,,2026-09-26T20:41:27.659Z,
https://http2.mlstatic.com/D_NQ_NP_851584-MLA74092224123_012024-O.webp,ARS,35860,,,,,,,Cujo De King Stephen Editorial Debolsillo,,,,True,,Galantos Tienda oficial,True,MLA1636490028,MLA1636490028,,MLAU263609702,MLAU263609702,ORGANIC,False,False,libros de terror,,,902,+9.999 resultados,https://articulo.mercadolibre.com.ar/MLA-1636490028,Envío gratis,,,,,MLA412445,MLA-BOOKS,,CORE,CORE,,2026-09-26T20:46:42.473Z,
https://http2.mlstatic.com/D_NQ_NP_811327-MLA112057047825_052026-O.webp,ARS,12599,13999,10% OFF,,,,,Cuentos De Terror Y Locura,o 13999 con otros medios,,,False,True,LIBRENTA Tienda oficial,True,MLA70106433,MLA3363420618,MLA70106433,MLAU3970648003,MLA70106433,ORGANIC,False,False,libros de terror,,2.0,60,+9.999 resultados,https://articulo.mercadolibre.com.ar/MLA-3363420618,Llega mañana Enviado por FULL,,,,,MLA412445,MLA-BOOKS,,CORE,CORE,,2026-09-26T20:35:45.063Z,
https://http2.mlstatic.com/D_NQ_NP_951626-MLA53647159059_022023-O.webp,ARS,30500,,,,,,,"Tras Las Huellas Del Terror - Jemio, Ana Sofía",,,50.0,True,True,,False,MLA22046534,MLA1540572438,MLA22046534,MLAU307840147,MLA22046534,ORGANIC,False,False,libros de terror,4.4,,329,+9.999 resultados,https://articulo.mercadolibre.com.ar/MLA-1540572438,Llega gratis el lunes,,,,,MLA412445,MLA-BOOKS,,CORE,CORE,,2026-09-26T20:37:45.568Z,
https://http2.mlstatic.com/D_NQ_NP_629562-MLA89186577377_082025-O.webp,ARS,45315,47700,5% OFF,,,,,"El Terror: Una Novela Basada En La Historia Real De La Expedición Franklin, De Dan Simmons. Editorial B De Bolsillo, Tapa Blanda En Español, 2025",,,25.0,True,True,Zivals Tienda oficial,True,MLA53263815,MLA3039636386,MLA53263815,MLAU3834775984,MLA53263815,ORGANIC,False,False,libros de terror,5.0,10.0,97,+9.999 resultados,https://articulo.mercadolibre.com.ar/MLA-3039636386,Llega gratis el lunes,ÚLTIMAS 2 | ÚLTIMAS UNIDADES,,,,MLA412445,MLA-BOOKS,,CORE,CORE,,2026-09-26T20:36:02.363Z,
https://http2.mlstatic.com/D_NQ_NP_669735-MLC47436528128_092021-O.webp,ARS,44549,49499,10% OFF,,,,,La Cupula | Stephen King,,,100.0,True,True,NADIR LIBROS Tienda oficial,True,MLA19896952,MLA1388944733,MLA19896952,MLAU313829886,MLA19896952,ORGANIC,False,False,libros de terror,4.8,18.0,313,+9.999 resultados,https://articulo.mercadolibre.com.ar/MLA-1388944733,Envío gratis,¡ÚLTIMA! | ÚLTIMA UNIDAD,,,,MLA412445,MLA-BOOKS,,CORE,CORE,,2026-09-26T20:37:45.568Z,
https://http2.mlstatic.com/D_NQ_NP_677108-MLU78226956814_082024-O.webp,ARS,42983,,,,,,,"El Terrorista Y El Confidente, De Braulio Garcia Jaen. Editorial Ariel, Tapa Blanda En Español",,,,True,True,LIBRENTA Tienda oficial,True,MLA29983251,MLA2309403672,MLA29983251,MLAU3394265643,MLA29983251,ORGANIC,False,False,libros de terror,,,975,+9.999 resultados,https://articulo.mercadolibre.com.ar/MLA-2309403672,Envío gratis,,,,,MLA412445,MLA-BOOKS,,CORE,CORE,,2026-09-26T20:47:08.561Z,
https://http2.mlstatic.com/D_NQ_NP_741674-MLA107651386769_022026-O.webp,ARS,30000,,,,,,,El Que No Sabe Morir Soy Yo,,,,False,,,False,MLA1682536211,MLA1682536211,,MLAU3815942794,MLAU3815942794,ORGANIC,False,False,libros de terror,,,300,+9.999 resultados,https://articulo.mercadolibre.com.ar/MLA-1682536211,,,,,,MLA412445,MLA-BOOKS,,CORE,CORE,,2026-09-26T20:37:45.567Z,
https://http2.mlstatic.com/D_NQ_NP_847094-MLA50601282642_072022-O.webp,ARS,19999,,,,,,,El Fantasma De La Opera - Gaston Leroux - Del Fondo,,,25.0,True,True,,False,MLA21005397,MLA2117111813,MLA21005397,MLAU5242037369,MLA21005397,ORGANIC,False,False,libros de terror,4.7,,278,+9.999 resultados,https://articulo.mercadolibre.com.ar/MLA-2117111813,Llega gratis el lunes,,,,,MLA412445,MLA-BOOKS,,CORE,CORE,,2026-09-26T20:37:19.479Z,
https://http2.mlstatic.com/D_NQ_NP_847568-MLA111553195116_062026-O.webp,ARS,39900,,,,,,,"Libro La Yihad Terrorista., de Luis de la Corte Ibáñez, vol. 1. Editorial Síntesis, tapa blanda (2007)",,,,True,True,,False,MLA71373983,MLA3420282910,MLA71373983,MLAU4042100207,MLA71373983,ORGANIC,False,False,libros de terror,,,925,+9.999 resultados,https://articulo.mercadolibre.com.ar/MLA-3420282910,Llega gratis el lunes,,,,,MLA412445,MLA-BOOKS,,CORE,CORE,,2026-09-26T20:46:42.556Z,
https://http2.mlstatic.com/D_NQ_NP_868842-MLA31335157853_072019-O.webp,ARS,27010,,,,,,,Cumple Zombi - Roberto Cubillas / Alberto Pez,,,25.0,False,True,,False,MLA21201998,MLA3969957082,MLA21201998,MLAU5174399366,MLA21201998,ORGANIC,False,False,libros de terror,5.0,,602,+9.999 resultados,https://articulo.mercadolibre.com.ar/MLA-3969957082,,,,,,MLA412445,MLA-BOOKS,,CORE,CORE,,2026-09-26T20:42:15.765Z,
https://http2.mlstatic.com/D_NQ_NP_946109-MLU72972260911_112023-O.webp,ARS,16951,,,,,,,"Mejores Cuentos De Terror Latinoamericano,los, De Vários Autores. Editorial Mestas, Tapa Blanda, Edición 1 En Español",,,,False,True,LIBRENTA Tienda oficial,True,MLA24107793,MLA2282118618,MLA24107793,MLAU3378906276,MLA24107793,ORGANIC,False,False,libros de terror,,3.0,440,+9.999 resultados,https://articulo.mercadolibre.com.ar/MLA-2282118618,,,,,,MLA412445,MLA-BOOKS,,CORE,CORE,,2026-09-26T20:39:20.662Z,
https://http2.mlstatic.com/D_NQ_NP_930768-MLA81310030161_122024-O.webp,ARS,12800,,,,,,,"Cuentos De Terror En La Habitacion De Huespedes, De Tato Affif. Editorial Maya, Tapa Blanda En Español",,,,False,True,,False,MLA44669131,MLA2040133605,MLA44669131,MLAU4973545692,MLA44669131,ORGANIC,False,False,libros de terror,,,838,+9.999 resultados,https://articulo.mercadolibre.com.ar/MLA-2040133605,,,,,,MLA412445,MLA-BOOKS,,CORE,CORE,,2026-09-26T20:44:48.359Z,
https://http2.mlstatic.com/D_NQ_NP_648432-MLA46668583756_072021-O.webp,ARS,10500,,,,,,,Libro Ruina Y Putrefaccion - Jonathan Maberry,,,,False,True,,False,MLA21614933,MLA2700302840,MLA21614933,MLAU181178704,MLA21614933,ORGANIC,False,False,libros de terror,,,571,+9.999 resultados,https://articulo.mercadolibre.com.ar/MLA-2700302840,Llega el lunes,,,,,MLA412445,MLA-BOOKS,,CORE,CORE,,2026-09-26T20:41:27.588Z,
https://http2.mlstatic.com/D_NQ_NP_634861-MLA42287394311_062020-O.webp,ARS,22900,,,,,,,"Confesora, La - Vol.22 La Espada De La Verdad",,,,True,True,Zivals Tienda oficial,True,MLA22176060,MLA1381352357,MLA22176060,MLAU145515923,MLA22176060,ORGANIC,False,False,libros de terror,,,880,+9.999 resultados,https://articulo.mercadolibre.com.ar/MLA-1381352357,Llega gratis el lunes,,,,,MLA412445,MLA-BOOKS,,CORE,CORE,,2026-09-26T20:45:19.267Z,
https://http2.mlstatic.com/D_NQ_NP_602409-MLA112733629815_062026-O.webp,ARS,33000,,,,,,,Lovecraft Prosa Completa Tomo I / Lea Índice,,,,True,True,,False,MLA72175663,MLA3450572876,MLA72175663,MLAU4011649242,MLA72175663,ORGANIC,False,False,libros de terror,,1.0,262,+9.999 resultados,https://articulo.mercadolibre.com.ar/MLA-3450572876,Llega gratis el lunes,,,,,MLA412445,MLA-BOOKS,,CORE,CORE,,2026-09-26T20:37:19.479Z,
https://http2.mlstatic.com/D_NQ_NP_775515-MLA27526517109_062018-O.webp,ARS,24990,,,,,,,Cuentos De Terror,Mismo precio 3 cuotas de 8330,,,False,,EDICIONES CONTINENTE Tienda oficial,True,MLA694214292,MLA694214292,,MLAU162153626,MLAU162153626,ORGANIC,False,False,libros de terror,,,579,+9.999 resultados,https://articulo.mercadolibre.com.ar/MLA-694214292,,,,,,MLA412445,MLA-BOOKS,,CORE,CORE,,2026-09-26T20:41:27.659Z,
https://http2.mlstatic.com/D_NQ_NP_694572-MLA118061394457_092026-O.webp,ARS,41900,,,,,,,Lo Que Nos Siguio A Casa,,,,True,,Cúspide Tienda oficial,True,MLA2116091151,MLA2116091151,,MLAU5238567899,MLAU5238567899,ORGANIC,False,False,libros de terror,,,24,+9.999 resultados,https://articulo.mercadolibre.com.ar/MLA-2116091151,Envío gratis,,,,,MLA412445,MLA-BOOKS,,CORE,CORE,,2026-09-26T20:35:20.459Z,
https://http2.mlstatic.com/D_NQ_NP_959978-MLA117941905087_092026-O.webp,ARS,194000,,,,,,,Lote X12 Libros Alfred Hitchcock A Sangre Viva Tumba Abierta,6 cuotas de 43646,,,True,,,False,MLA3972336014,MLA3972336014,,MLAU5217269517,MLAU5217269517,ORGANIC,False,False,libros de terror,,,31,+9.999 resultados,https://articulo.mercadolibre.com.ar/MLA-3972336014,Envío gratis,,,,,MLA412445,MLA-BOOKS,,CORE,CORE,,2026-09-26T20:35:20.459Z,
https://http2.mlstatic.com/D_NQ_NP_746116-MLA99972932197_112025-O.webp,ARS,6400,,,,,,,"Libro TERROR Y SUSPENSO, de Arthur Conan Doyle. Editorial Gradifco, tapa blanda (2022)",,,,False,True,,False,MLA25311835,MLA1532357422,MLA25311835,MLAU166055467,MLA25311835,ORGANIC,False,False,libros de terror,,,618,+9.999 resultados,https://articulo.mercadolibre.com.ar/MLA-1532357422,Llega el lunes,,,,,MLA412445,MLA-BOOKS,,CORE,CORE,,2026-09-26T20:42:15.766Z,
https://http2.mlstatic.com/D_NQ_NP_777301-MLA48404417264_122021-O.webp,ARS,82990,,,,,,,Las Cronicas De Dune - Frank Herbert - Debolsillo - 3 Libros,6 cuotas de 18671,,1000.0,True,True,TIENDALAVOZ Tienda oficial,True,MLA19921918,MLA1432748622,MLA19921918,MLAU219842322,MLA19921918,ORGANIC,False,False,libros de terror,4.9,308.0,11,+9.999 resultados,https://articulo.mercadolibre.com.ar/MLA-1432748622,Llega gratis mañana Enviado por FULL,,,,,MLA412445,MLA-BOOKS,,CORE,CORE,,2026-09-26T20:35:20.458Z,
https://http2.mlstatic.com/D_NQ_NP_916684-MLU72612719229_112023-O.webp,ARS,7600,,,,,,,Libro El Fantasma De Canterville,,,100.0,False,True,,False,MLA22841368,MLA1457482186,MLA22841368,MLAU218200268,MLA22841368,ORGANIC,False,False,libros de terror,4.8,5.0,222,+9.999 resultados,https://articulo.mercadolibre.com.ar/MLA-1457482186,,,,,,MLA412445,MLA-BOOKS,,CORE,CORE,,2026-09-26T20:36:55.660Z,
https://http2.mlstatic.com/D_NQ_NP_801136-MLA83378042319_032025-O.webp,ARS,58481,,,,,,,"Fundido A Negro, De Cañadas, Jesús., Vol. 1. Editorial Ndenovela, Tapa Blanda En Español, 2025",6 cuotas de 13157,,,True,True,MASLIBROS Tienda oficial,True,MLA47490794,MLA2099791374,MLA47490794,MLAU3101192040,MLA47490794,ORGANIC,False,False,libros de terror,,,821,+9.999 resultados,https://articulo.mercadolibre.com.ar/MLA-2099791374,Envío gratis,,,,,MLA412445,MLA-BOOKS,,CORE,CORE,,2026-09-26T20:43:43.962Z,
https://http2.mlstatic.com/D_NQ_NP_864952-MLA49291717111_032022-O.webp,ARS,15500,,,,,,,Cuentos De Horror Contados Para Niños - Lovecraft,,,50.0,False,True,CASASSA Y LORENZO LIBREROS Tienda oficial,True,MLA22177404,MLA3844705978,MLA22177404,MLAU4904841102,MLA22177404,ORGANIC,False,False,libros de terror,5.0,,297,+9.999 resultados,https://articulo.mercadolibre.com.ar/MLA-3844705978,,,,,,MLA412445,MLA-BOOKS,,CORE,CORE,,2026-09-26T20:37:45.567Z,
https://http2.mlstatic.com/D_NQ_NP_786186-MLA100019191003_122025-O.webp,ARS,61001,,,,,,,"Libro EL RITUAL (NE), de Nevill, Adam. Editorial Minotauro México, tapa blanda (2023)",6 cuotas de 13724,,25.0,True,True,MASLIBROS Tienda oficial,True,MLA23621383,MLA2017635686,MLA23621383,MLAU3024491292,MLA23621383,ORGANIC,False,False,libros de terror,4.9,12.0,55,+9.999 resultados,https://articulo.mercadolibre.com.ar/MLA-2017635686,Llega gratis mañana Enviado por FULL,ÚLTIMAS 2 | ÚLTIMAS UNIDADES,,,,MLA412445,MLA-BOOKS,,CORE,CORE,,2026-09-26T20:35:45.063Z,
https://http2.mlstatic.com/D_NQ_NP_790305-MLU32169087580_092019-O.webp,ARS,7000,,,,,,,Libro: La Guarida Del Gusano Blanco / Bram Stoker,,,,False,True,,False,MLA21171989,MLA1504422980,MLA21171989,MLAU260377268,MLA21171989,ORGANIC,False,False,libros de terror,,,543,+9.999 resultados,https://articulo.mercadolibre.com.ar/MLA-1504422980,Llega el lunes,,,,,MLA412445,MLA-BOOKS,,CORE,CORE,,2026-09-26T20:40:58.966Z,
https://http2.mlstatic.com/D_NQ_NP_973021-MLA82338991585_022025-O.webp,ARS,16300,,,,,,,"Tu Mano En Mi Tumba - Serie Negra - Fabian Sevilla, De Sevilla, Fabian. Serie Negra, Vol. 1. Editorial Quipu, Tapa Blanda En Español, 2024",,,100.0,True,True,,False,MLA45998130,MLA3955805874,MLA45998130,MLAU5208176402,MLA45998130,ORGANIC,False,False,libros de terror,4.9,,210,+9.999 resultados,https://articulo.mercadolibre.com.ar/MLA-3955805874,Llega gratis el lunes,,,,,MLA412445,MLA-BOOKS,,CORE,CORE,,2026-09-26T20:36:55.659Z,
https://http2.mlstatic.com/D_NQ_NP_927350-MLA83563815711_042025-O.webp,ARS,29984,,,,,,,"Misterio En El Castillo Del Terror (los Tres Investigadores 1), De Arthur Robert. Editorial Molino, Tapa Blanda En Español, 2025",,,,False,True,LIBERATE Tienda oficial,True,MLA47720601,MLA2045512360,MLA47720601,MLAU3102180638,MLA47720601,ORGANIC,False,False,libros de terror,,1.0,605,+9.999 resultados,https://articulo.mercadolibre.com.ar/MLA-2045512360,,,,,,MLA412445,MLA-BOOKS,,CORE,CORE,,2026-09-26T20:42:15.765Z,
https://http2.mlstatic.com/D_NQ_NP_843289-MLA99925276277_112025-O.webp,ARS,8000,,,,,,,"Urotsukidoji La Leyenda Del Gran Demonio, De Toshio Maeda., Vol. 2. Editorial Popfiction, Tapa Blanda, Edición 1 En Español, 2021",,,,False,True,UBIK Libros Comics Tienda oficial,True,MLA23257434,MLA1387012469,MLA23257434,MLAU142021225,MLA23257434,ORGANIC,False,False,libros de terror,,,693,+9.999 resultados,https://articulo.mercadolibre.com.ar/MLA-1387012469,Llega el lunes,,,,,MLA412445,MLA-BOOKS,,CORE,CORE,,2026-09-26T20:42:26.364Z,
https://http2.mlstatic.com/D_NQ_NP_941270-MLA42042988207_062020-O.webp,ARS,45000,,,,,,,"Filo De La Navaja,el - Maugham,somerset",,,,True,True,,False,MLA21258631,MLA3785102206,MLA21258631,MLAU4698238885,MLA21258631,ORGANIC,False,False,libros de terror,,,663,+9.999 resultados,https://articulo.mercadolibre.com.ar/MLA-3785102206,Llega gratis el lunes,,,,,MLA412445,MLA-BOOKS,,CORE,CORE,,2026-09-26T20:42:26.363Z,
https://http2.mlstatic.com/D_NQ_NP_879413-MLA98249426021_112025-O.webp,ARS,25000,,,,,,,Black Cat - Croma Comics: Especial Super Terror - Nuevo!,,,,True,,,False,MLA1582485671,MLA1582485671,,MLAU3556638995,MLAU3556638995,ORGANIC,False,False,libros de terror,,,867,+9.999 resultados,https://articulo.mercadolibre.com.ar/MLA-1582485671,Llega gratis el lunes,,,,,MLA412445,MLA-BOOKS,,CORE,CORE,,2026-09-26T20:45:19.265Z,
https://http2.mlstatic.com/D_NQ_NP_999267-MLA83455974236_042025-O.webp,ARS,20492,22999,10% OFF,,,,,"El Terror De La Princesa, De Cecilia Pisos. Editorial Penguin Kids, Tapa Blanda, Edición 1 En Español, 2025",,,100.0,False,True,LIBRENTA Tienda oficial,True,MLA48294102,MLA1493681513,MLA48294102,MLAU3048162861,MLA48294102,ORGANIC,False,False,libros de terror,4.9,27.0,71,+9.999 resultados,https://articulo.mercadolibre.com.ar/MLA-1493681513,Llega mañana Enviado por FULL,,,,,MLA412445,MLA-BOOKS,,CORE,CORE,,2026-09-26T20:35:45.064Z,
https://http2.mlstatic.com/D_NQ_NP_966519-MLA99558123448_122025-O.webp,ARS,8000,,,,,,,"El Terror De Los Maridos, De Ana Rosenfeld. Editorial Planeta En Español",,,25.0,False,True,Libros del Camino Tienda oficial,True,MLA23636407,MLA2097867443,MLA23636407,MLAU3517616034,MLA23636407,ORGANIC,False,False,libros de terror,5.0,,544,+9.999 resultados,https://articulo.mercadolibre.com.ar/MLA-2097867443,Llega el lunes,,,,,MLA412445,MLA-BOOKS,,CORE,CORE,,2026-09-26T20:40:58.966Z,
https://http2.mlstatic.com/D_NQ_NP_822682-MLA82430857751_022025-O.webp,ARS,25630,,,,,,,Libro Necronomicon / H. P. Lovecraft / Ilustrado Tapa Dura,,,100.0,False,True,REFUGIO DEL LECTOR Tienda oficial,True,MLA22139875,MLA2776434278,MLA22139875,MLAU3314441093,MLA22139875,ORGANIC,False,False,libros de terror,4.8,,108,+9.999 resultados,https://articulo.mercadolibre.com.ar/MLA-2776434278,,,,,,MLA412445,MLA-BOOKS,,CORE,CORE,,2026-09-26T20:36:02.364Z,
https://http2.mlstatic.com/D_NQ_NP_692776-MLA107485196301_022026-O.webp,ARS,26080,,,,,,,"Libro Los Relojes - Agatha Christie, De Agatha Christie. Editorial Booket, Tapa Blanda, En Castellano",,,,False,True,LIBRENTA Tienda oficial,True,MLA65892232,MLA2898154420,MLA65892232,MLAU3647616322,MLA65892232,ORGANIC,False,False,libros de terror,,,494,+9.999 resultados,https://articulo.mercadolibre.com.ar/MLA-2898154420,,,,,,MLA412445,MLA-BOOKS,,CORE,CORE,,2026-09-26T20:39:50.863Z,
https://http2.mlstatic.com/D_NQ_NP_975678-MLA111529528458_062026-O.webp,ARS,54578,"58000,8",5% OFF,,,,,Witchcraft For Wayward Girls - Grady Hendrix,Mismo precio 3 cuotas de 18192,,,True,True,SBS Librerias Tienda oficial,True,MLA70785665,MLA3773425878,MLA70785665,MLAU3422122007,MLA70785665,ORGANIC,False,False,libros de terror,,,591,+9.999 resultados,https://articulo.mercadolibre.com.ar/MLA-3773425878,Llega gratis el lunes,,,,,MLA412445,MLA-BOOKS,,CORE,CORE,,2026-09-26T20:41:27.659Z,
https://http2.mlstatic.com/D_NQ_NP_783294-MLA80153300334_112024-O.webp,ARS,38000,,,,,,,En Las Montañas De La Locura Breccia Lovecraft Stock,,5000 ARS OFF con Cupón,,True,,,False,MLA1950416578,MLA1950416578,,MLAU2702595010,MLAU2702595010,ORGANIC,False,False,libros de terror,,,742,+9.999 resultados,https://articulo.mercadolibre.com.ar/MLA-1950416578,Envío gratis,,,,,MLA412445,MLA-BOOKS,,CORE,CORE,,2026-09-26T20:43:22.770Z,
https://http2.mlstatic.com/D_NQ_NP_796795-MLU75716354687_042024-O.webp,ARS,34816,38900,10% OFF,,,,,"Cuentos De Imaginacion Y Misterio, De Poe, Edgar Allan. Editorial Libros Del Zorro Rojo, Tapa Blanda En Español, 2024",,,25.0,True,True,Yenny El Ateneo Tienda oficial,True,MLA35646656,MLA2007542926,MLA35646656,MLAU311963221,MLA35646656,ORGANIC,False,False,libros de terror,5.0,3.0,293,+9.999 resultados,https://articulo.mercadolibre.com.ar/MLA-2007542926,Envío gratis,¡ÚLTIMA! | ÚLTIMA UNIDAD,,,,MLA412445,MLA-BOOKS,,CORE,CORE,,2026-09-26T20:37:45.567Z,
https://http2.mlstatic.com/D_NQ_NP_697781-MLA114119112756_082026-O.webp,ARS,23800,,,,,,,Maestros Del Fantastico - N 17 La Sombra Sobre Innsmouth,,,,False,,,False,MLA3711067190,MLA3711067190,,MLAU4529659295,MLAU4529659295,ORGANIC,False,False,libros de terror,,,290,+9.999 resultados,https://articulo.mercadolibre.com.ar/MLA-3711067190,,,,,,MLA412445,MLA-BOOKS,,CORE,CORE,,2026-09-26T20:37:45.567Z,
https://http2.mlstatic.com/D_NQ_NP_674840-MLA48063443041_102021-O.webp,ARS,90000,,,,,,,Filosofia Del Terror O Paradojas Del Corazon - Noël Carroll,6 cuotas de 20248,,50.0,True,True,,False,MLA20933917,MLA1893240235,MLA20933917,MLAU4314301874,MLA20933917,ORGANIC,False,False,libros de terror,5.0,,653,+9.999 resultados,https://articulo.mercadolibre.com.ar/MLA-1893240235,Envío gratis,,,,,MLA412445,MLA-BOOKS,,CORE,CORE,,2026-09-26T20:42:26.363Z,
https://http2.mlstatic.com/D_NQ_NP_629549-MLA112608545847_062026-O.webp,ARS,28000,,,,,,,"Una Breve Estancia En El Infierno - L.peck, Steven",,,25.0,False,True,LIBRENTA Tienda oficial,True,MLA71170177,MLA3540404594,MLA71170177,MLAU3919573998,MLA71170177,ORGANIC,False,False,libros de terror,5.0,2.0,40,+9.999 resultados,https://articulo.mercadolibre.com.ar/MLA-3540404594,Llega mañana Enviado por FULL,,,,,MLA412445,MLA-BOOKS,,CORE,CORE,,2026-09-26T20:35:20.460Z,
https://http2.mlstatic.com/D_NQ_NP_611883-MLC53169599623_012023-O.webp,ARS,51452,56900,9% OFF,,,,,Pack Historias De Vampiros,Mismo precio 3 cuotas de 17150,,,True,True,EDICIONES CONTINENTE Tienda oficial,True,MLA21433981,MLA1951849110,MLA21433981,MLAU2703079685,MLA21433981,ORGANIC,False,False,libros de terror,,2.0,590,+9.999 resultados,https://articulo.mercadolibre.com.ar/MLA-1951849110,Envío gratis,,,,,MLA412445,MLA-BOOKS,,CORE,CORE,,2026-09-26T20:41:27.659Z,
https://http2.mlstatic.com/D_NQ_NP_851744-MLA28782993732_112018-O.webp,ARS,6500,,,,,,,Relatos De Horror - Howard Lovecraft,,,100.0,False,True,,False,MLA21137758,MLA1479728738,MLA21137758,MLAU275079451,MLA21137758,ORGANIC,False,False,libros de terror,4.8,,308,+9.999 resultados,https://articulo.mercadolibre.com.ar/MLA-1479728738,Llega el lunes,,,,,MLA412445,MLA-BOOKS,,CORE,CORE,,2026-09-26T20:37:45.568Z,
https://http2.mlstatic.com/D_NQ_NP_680523-MLA53543863452_012023-O.webp,ARS,13860,,,,,,,Blood On The Tracks 04 Ivrea Manga,,,25.0,False,True,,False,MLA22091985,MLA1494182987,MLA22091985,MLAU158668156,MLA22091985,ORGANIC,False,False,libros de terror,5.0,,680,+9.999 resultados,https://articulo.mercadolibre.com.ar/MLA-1494182987,,,,,,MLA412445,MLA-BOOKS,,CORE,CORE,,2026-09-26T20:42:26.363Z,
https://http2.mlstatic.com/D_NQ_NP_759363-MLA115978156460_092026-O.webp,ARS,41900,,,,,,,Lo Que Nos Siguio A Casa - Vv Aa (libro),,,,True,,Zivals Tienda oficial,True,MLA2077750871,MLA2077750871,,MLAU5125825399,MLAU5125825399,ORGANIC,False,False,libros de terror,,,67,+9.999 resultados,https://articulo.mercadolibre.com.ar/MLA-2077750871,Llega gratis el lunes,,,,,MLA412445,MLA-BOOKS,,CORE,CORE,,2026-09-26T20:35:45.064Z,
https://http2.mlstatic.com/D_NQ_NP_682733-MLA40110016614_122019-O.webp,ARS,70537,74250,5% OFF,,,,,"Creepshow de Stephen King y Bernie Wrightson, de King, Stephen. Cómics Editorial Comics Mexico, tapa dura en español, 2019",6 cuotas de 15869,,50.0,True,True,ENTELEQUIA Tienda oficial,True,MLA21260278,MLA2058404156,MLA21260278,MLAU221763829,MLA21260278,ORGANIC,False,False,libros de terror,4.9,25.0,276,+9.999 resultados,https://articulo.mercadolibre.com.ar/MLA-2058404156,Llega gratis el lunes,,,,,MLA412445,MLA-BOOKS,,CORE,CORE,,2026-09-26T20:37:19.479Z,
https://http2.mlstatic.com/D_NQ_NP_626407-MLM49182263752_022022-O.webp,ARS,68175,"75749,6",9% OFF,,,,,Clark Ashton Smith Cuentos de Averoigne Editorial Valdemar Gótica 2021,6 cuotas de 15338,,25.0,True,True,MASLIBROS Tienda oficial,True,MLA21734116,MLA1739261703,MLA21734116,MLAU3883213783,MLA21734116,ORGANIC,False,False,libros de terror,4.8,,68,+9.999 resultados,https://articulo.mercadolibre.com.ar/MLA-1739261703,Llega gratis mañana Enviado por FULL,,,,,MLA412445,MLA-BOOKS,,CORE,CORE,,2026-09-26T20:35:45.064Z,
https://http2.mlstatic.com/D_NQ_NP_799874-MLA54141222987_032023-O.webp,ARS,26500,,,,,,,"Cuentos De Fantasmas - Wharton, Edith",,,,True,True,Zivals Tienda oficial,True,MLA22214277,MLA2845890508,MLA22214277,MLAU3778300466,MLA22214277,ORGANIC,False,False,libros de terror,,3.0,319,+9.999 resultados,https://articulo.mercadolibre.com.ar/MLA-2845890508,Llega gratis el lunes,,,,,MLA412445,MLA-BOOKS,,CORE,CORE,,2026-09-26T20:37:45.568Z,
https://http2.mlstatic.com/D_NQ_NP_670778-MLA44012492202_112020-O.webp,ARS,32652,34700,5% OFF,,,,,Historias De Terror - Liz Phair - Editorial Contra,,,,True,True,SBS Librerias Tienda oficial,True,MLA22092370,MLA1496216892,MLA22092370,MLAU263500139,MLA22092370,ORGANIC,False,False,libros de terror,,,549,+9.999 resultados,https://articulo.mercadolibre.com.ar/MLA-1496216892,Llega gratis el lunes,,,,,MLA412445,MLA-BOOKS,,CORE,CORE,,2026-09-26T20:41:27.587Z,
https://http2.mlstatic.com/D_NQ_NP_880212-MLU70873015883_082023-O.webp,ARS,46687,,,,,,,"Libro ANTOLOGÃÂA HISPÃÂNICA DEL CUENTO DE TERROR, de Varios autores. Quálea Editorial, tapa blanda",6 cuotas de 10503,,,True,True,MASLIBROS Tienda oficial,True,MLA25607643,MLA1468896666,MLA25607643,MLAU143356888,MLA25607643,ORGANIC,False,False,libros de terror,,,999,+9.999 resultados,https://articulo.mercadolibre.com.ar/MLA-1468896666,Envío gratis,,,,,MLA412445,MLA-BOOKS,,CORE,CORE,,2026-09-26T20:47:25.171Z,
https://http2.mlstatic.com/D_NQ_NP_858905-MLA111560998592_062026-O.webp,ARS,4000,,,,,,,Cuentos De Terror El Usurpador De Cadaveres Robert Stevenson,,,,False,True,,False,MLA71556817,MLA1935493901,MLA71556817,MLAU3349654156,MLA71556817,ORGANIC,False,False,libros de terror,,,715,+9.999 resultados,https://articulo.mercadolibre.com.ar/MLA-1935493901,Llega el lunes,,,,,MLA412445,MLA-BOOKS,,CORE,CORE,,2026-09-26T20:42:57.465Z,
https://http2.mlstatic.com/D_NQ_NP_749880-MLU77447050896_072024-O.webp,ARS,22584,24000,5% OFF,,,,,"La Cosa - John W. Campbell, de Campbell, John. Del Fondo Editorial, tapa blanda en español",,,50.0,True,True,SBS Librerias Tienda oficial,True,MLA22278981,MLA1479727058,MLA22278981,MLAU230344931,MLA22278981,ORGANIC,False,False,libros de terror,4.9,20.0,754,+9.999 resultados,https://articulo.mercadolibre.com.ar/MLA-1479727058,Llega gratis el lunes,,,,,MLA412445,MLA-BOOKS,,CORE,CORE,,2026-09-26T20:43:22.771Z,
https://http2.mlstatic.com/D_NQ_NP_629123-MLA29587684581_032019-O.webp,ARS,18500,,,,,,,"El Diablo En La Botella Y Otros Cuentos - Loqueleo Juvenil, De Stevenson, Robert Louis. Editorial Santillana, Tapa Blanda En Español, 2016",,,100.0,True,True,SBS Librerias Tienda oficial,True,MLA22009570,MLA1503789080,MLA22009570,MLAU262651495,MLA22009570,ORGANIC,False,False,libros de terror,4.9,18.0,328,+9.999 resultados,https://articulo.mercadolibre.com.ar/MLA-1503789080,Llega gratis el lunes,ÚLTIMAS 4 | ÚLTIMAS UNIDADES,,,,MLA412445,MLA-BOOKS,,CORE,CORE,,2026-09-26T20:37:45.568Z,
https://http2.mlstatic.com/D_NQ_NP_981288-MLU79091470524_092024-O.webp,ARS,24000,,,,,,,"El Palacio Infinito, De Kago, Shintaro., Vol. 1. Editorial Moztros Producciones Sl, Tapa Blanda En Español",,,25.0,True,True,,False,MLA40899347,MLA2247421502,MLA40899347,MLAU3364730190,MLA40899347,ORGANIC,False,False,libros de terror,5.0,,383,+9.999 resultados,https://articulo.mercadolibre.com.ar/MLA-2247421502,Llega gratis el lunes,,,,,MLA412445,MLA-BOOKS,,CORE,CORE,,2026-09-26T20:38:25.457Z,
https://http2.mlstatic.com/D_NQ_NP_956813-MLU71139828681_082023-O.webp,ARS,40619,,,,,,,"El Juego De Westing, De Ellen Raskin. Editorial Planeta, Tapa Dura En Español, 2022",,,,True,True,LIBRENTA Tienda oficial,True,MLA26188613,MLA2208617898,MLA26188613,MLAU3329834197,MLA26188613,ORGANIC,False,False,libros de terror,,,452,+9.999 resultados,https://articulo.mercadolibre.com.ar/MLA-2208617898,Envío gratis,,,,,MLA412445,MLA-BOOKS,,CORE,CORE,,2026-09-26T20:39:20.662Z,
https://http2.mlstatic.com/D_NQ_NP_996045-MLA45996240479_052021-O.webp,ARS,44000,,,,,,,Ivrea - Tomie #1 Y #2 Historia Completa - Junji Ito - Nuevo!,,,100.0,True,,,False,MLA920569374,MLA920569374,,MLAU203346821,MLAU203346821,ORGANIC,False,False,libros de terror,5.0,17.0,523,+9.999 resultados,https://articulo.mercadolibre.com.ar/MLA-920569374,Llega gratis el lunes,,,,,MLA412445,MLA-BOOKS,,CORE,CORE,,2026-09-26T20:40:58.961Z,
https://http2.mlstatic.com/D_NQ_NP_605871-MLA47229358588_082021-O.webp,ARS,41780,44400,5% OFF,,,,,Los Mitos De Cthulhú -(nva Ed) (clasicos),Mismo precio 3 cuotas de 13926,,100.0,True,True,SBS Librerias Tienda oficial,True,MLA22028625,MLA1426274693,MLA22028625,MLAU210691996,MLA22028625,ORGANIC,False,False,libros de terror,5.0,26.0,219,+9.999 resultados,https://articulo.mercadolibre.com.ar/MLA-1426274693,Llega gratis el lunes,ÚLTIMAS 3 | ÚLTIMAS UNIDADES,,,,MLA412445,MLA-BOOKS,,CORE,CORE,,2026-09-26T20:36:55.660Z,
https://http2.mlstatic.com/D_NQ_NP_778310-MLA49829598437_052022-O.webp,ARS,33210,,,,,,,"Los extraños, de Jon Bilbao. Editorial Impedimenta, tapa blanda en español, 2022",,2000 ARS OFF con Cupón,50.0,True,True,,False,MLA20953689,MLA1367341512,MLA20953689,MLAU147154718,MLA20953689,ORGANIC,False,False,libros de terror,4.8,5.0,788,+9.999 resultados,https://articulo.mercadolibre.com.ar/MLA-1367341512,Llega gratis hoy,ÚLTIMAS 3 | ÚLTIMAS UNIDADES,,,,MLA412445,MLA-BOOKS,,CORE,CORE,,2026-09-26T20:43:43.960Z,
https://http2.mlstatic.com/D_NQ_NP_874381-MLM44756372554_012021-O.webp,ARS,48190,,,,,,,Libro Drácula - Bram Stoker [ Valdemar ] Pasta Dura,6 cuotas de 10841,,25.0,True,True,MASLIBROS Tienda oficial,True,MLA19988843,MLA1459871368,MLA19988843,MLAU140883791,MLA19988843,ORGANIC,False,False,libros de terror,4.9,4.0,437,+9.999 resultados,https://articulo.mercadolibre.com.ar/MLA-1459871368,Envío gratis,,,,,MLA412445,MLA-BOOKS,,CORE,CORE,,2026-09-26T20:39:20.662Z,
https://http2.mlstatic.com/D_NQ_NP_937664-MLA94349500653_102025-O.webp,ARS,29430,32700,10% OFF,,,,,"Libro Terrorismo De Estado Y Genocidio En America Latina, De Feierstein, Daniel (compilador). Editorial Prometeo, Tapa Blanda",,,,False,True,Eterna Cadencia Tienda oficial,True,MLA59142174,MLA2898637236,MLA59142174,MLAU308439475,MLA59142174,ORGANIC,False,False,libros de terror,,,765,+9.999 resultados,https://articulo.mercadolibre.com.ar/MLA-2898637236,,,,,,MLA412445,MLA-BOOKS,,CORE,CORE,,2026-09-26T20:43:22.771Z,
https://http2.mlstatic.com/D_NQ_NP_647796-MLA112640398715_062026-O.webp,ARS,43353,,,,,,,Todos Los Demonios Del Infierno,Mismo precio 3 cuotas de 14451,2000 ARS OFF con Cupón,,True,True,,False,MLA71597231,MLA1904538357,MLA71597231,MLAU4354065958,MLA71597231,ORGANIC,False,False,libros de terror,,5.0,89,+9.999 resultados,https://articulo.mercadolibre.com.ar/MLA-1904538357,Llega gratis hoy,,,,,MLA412445,MLA-BOOKS,,CORE,CORE,,2026-09-26T20:35:45.066Z,
https://http2.mlstatic.com/D_NQ_NP_612663-MLU53306426949_012023-O.webp,ARS,33990,,,,,,,"Libro Armand, el vampiro ( Crónicas Vampíricas 6 ), de Anne Rice. Editorial B de Bolsillo, tapa blanda (2020)",,,50.0,True,True,,False,MLA21136553,MLA1684808425,MLA21136553,MLAU3158261341,MLA21136553,ORGANIC,False,False,libros de terror,4.8,9.0,64,+9.999 resultados,https://articulo.mercadolibre.com.ar/MLA-1684808425,Llega gratis el lunes,,,,,MLA412445,MLA-BOOKS,,CORE,CORE,,2026-09-26T20:35:45.064Z,
https://http2.mlstatic.com/D_NQ_NP_856036-MLA111083383126_052026-O.webp,ARS,59000,,,,,,,Ovni - Superman De John Byrne - Tomos A La Fecha - Nuevo!,6 cuotas de 13274,,,True,,,False,MLA3360695942,MLA3360695942,,MLAU3983400085,MLAU3983400085,ORGANIC,False,False,libros de terror,,,827,+9.999 resultados,https://articulo.mercadolibre.com.ar/MLA-3360695942,Llega gratis el lunes,,,,,MLA412445,MLA-BOOKS,,CORE,CORE,,2026-09-26T20:43:43.962Z,
https://http2.mlstatic.com/D_NQ_NP_770520-MLA116554773105_082026-O.webp,ARS,42000,,,,,,,Ovni - Flash #4: Carrera Contra El Tiempo - Messner Loebs,,,,True,,,False,MLA3841919690,MLA3841919690,,MLAU4869462731,MLAU4869462731,ORGANIC,False,False,libros de terror,,,717,+9.999 resultados,https://articulo.mercadolibre.com.ar/MLA-3841919690,Llega gratis el lunes,,,,,MLA412445,MLA-BOOKS,,CORE,CORE,,2026-09-26T20:42:57.465Z,
https://http2.mlstatic.com/D_NQ_NP_716059-MLU76769788225_062024-O.webp,ARS,23760,,,,,,,"Angela Della Morte, De Salvador Sanz. Editorial Ovni Press, Tapa Blanda, Edición 2024 En Español, 2024",,,50.0,False,True,,False,MLA37401625,MLA1460585251,MLA37401625,MLAU363677241,MLA37401625,ORGANIC,False,False,libros de terror,4.8,,352,+9.999 resultados,https://articulo.mercadolibre.com.ar/MLA-1460585251,,,,,,MLA412445,MLA-BOOKS,,CORE,CORE,,2026-09-26T20:38:25.366Z,
https://http2.mlstatic.com/D_NQ_NP_600797-MLA112600295453_062026-O.webp,ARS,46483,,,,,,,"La Busqueda Del Grial 4 El Viaje Del Terror - Brennan, H. J",6 cuotas de 10457,,,True,True,LIBRENTA Tienda oficial,True,MLA70966819,MLA3753531970,MLA70966819,MLAU3838964986,MLA70966819,ORGANIC,False,False,libros de terror,,,937,+9.999 resultados,https://articulo.mercadolibre.com.ar/MLA-3753531970,Envío gratis,,,,,MLA412445,MLA-BOOKS,,CORE,CORE,,2026-09-26T20:47:08.560Z,
https://http2.mlstatic.com/D_NQ_NP_709901-MLA112664221711_062026-O.webp,ARS,30035,"31918,19",5% OFF,,,,,Troubling Tonsils - Aaron Reynolds - Peter Brown,,,,True,True,SBS Librerias Tienda oficial,True,MLA71714515,MLA3417369874,MLA71714515,MLAU3811621412,MLA71714515,ORGANIC,False,False,libros de terror,,,257,+9.999 resultados,https://articulo.mercadolibre.com.ar/MLA-3417369874,Llega gratis el lunes,,,,,MLA412445,MLA-BOOKS,,CORE,CORE,,2026-09-26T20:37:19.477Z,
https://http2.mlstatic.com/D_NQ_NP_654527-MLA95651486511_102025-O.webp,ARS,42750,45000,5% OFF,,,,,"Libro Relatos De Terror Escritos Por Mujeres, De Gaskell, Elizabeth Braddon, Mary Elizabeth Aa.vv.. Editorial Akal",Mismo precio 3 cuotas de 14250,2000 ARS OFF con Cupón,,True,True,,False,MLA60654799,MLA3227997416,MLA60654799,MLAU3921998588,MLA60654799,ORGANIC,False,False,libros de terror,,,636,+9.999 resultados,https://articulo.mercadolibre.com.ar/MLA-3227997416,Llega gratis hoy,OFERTA IMPERDIBLE,,,,MLA412445,MLA-BOOKS,,CORE,CORE,,2026-09-26T20:42:15.767Z,
https://http2.mlstatic.com/D_NQ_NP_614485-MLA85313713125_052025-O.webp,ARS,19000,,,,,,,"La Pantalla Ensangrentada - Historia Del Cine Gore, De Varios Es. Editorial Cuarto Menguante, Tapa Blanda En Español, 2025",,,25.0,False,True,,False,MLA50572380,MLA2013031273,MLA50572380,MLAU4038938769,MLA50572380,ORGANIC,False,False,libros de terror,5.0,,645,+9.999 resultados,https://articulo.mercadolibre.com.ar/MLA-2013031273,,,,,,MLA412445,MLA-BOOKS,,CORE,CORE,,2026-09-26T20:42:15.767Z,
https://http2.mlstatic.com/D_NQ_NP_767441-MLA53158686402_012023-O.webp,ARS,31200,,,,,,,Cuentos De Terror Para Franco Vii - Hugo Daniel Mitoire,,,,True,True,,False,MLA21197545,MLA1507501007,MLA21197545,MLAU3263021432,MLA21197545,ORGANIC,False,False,libros de terror,,,555,+9.999 resultados,https://articulo.mercadolibre.com.ar/MLA-1507501007,Llega gratis el lunes,,,,,MLA412445,MLA-BOOKS,,CORE,CORE,,2026-09-26T20:41:27.587Z,
https://http2.mlstatic.com/D_NQ_NP_815911-MLU75246390769_032024-O.webp,ARS,55233,,,,,,,"Libro Lo Que Decimos En La Oscuridad [ Original ], De Kirsty Logan. Editorial Obrador Editorial, Tapa Blanda En Español, 2024",6 cuotas de 12426,,,True,True,LIBRENTA Tienda oficial,True,MLA34519581,MLA3339495344,MLA34519581,MLAU3633962441,MLA34519581,ORGANIC,False,False,libros de terror,,,960,+9.999 resultados,https://articulo.mercadolibre.com.ar/MLA-3339495344,Envío gratis,,,,,MLA412445,MLA-BOOKS,,CORE,CORE,,2026-09-26T20:47:08.560Z,
https://http2.mlstatic.com/D_NQ_NP_772328-CBT116067221118_092026-O.webp,ARS,130071,,,,,,,Libro: The 'red Terror' And The Spanish Civil War: Revolutio,,,,True,,,False,MLA2083751951,MLA2083751951,,MLAU5178689178,MLAU5178689178,ORGANIC,False,True,libros de terror,,,169,+9.999 resultados,https://articulo.mercadolibre.com.ar/MLA-2083751951,Envío gratis,,,USA,,MLA412445,MLA-BOOKS,,CORE,CORE,,2026-09-26T20:36:29.366Z,
https://http2.mlstatic.com/D_NQ_NP_791719-MLU70807851447_072023-O.webp,ARS,9990,,,,,,,"Libro Body Shots - Daniel Exposito, de DANIEL EXPOSITO. Editorial DOLMEN",,,,False,True,,False,MLA25461409,MLA1392639799,MLA25461409,MLAU274390739,MLA25461409,ORGANIC,False,False,libros de terror,,,918,+9.999 resultados,https://articulo.mercadolibre.com.ar/MLA-1392639799,,,,,,MLA412445,MLA-BOOKS,,CORE,CORE,,2026-09-26T20:46:42.474Z,
https://http2.mlstatic.com/D_NQ_NP_676569-MLA87782849050_072025-O.webp,ARS,30510,33900,10% OFF,,,,,"Microcentro. 9 Cuentos De Terror, De Varios Autores., Vol. 1. Editorial Emecé, Tapa Blanda En Español, 2025",,,,False,True,NADIR LIBROS Tienda oficial,True,MLA52681379,MLA3540810682,MLA52681379,MLAU3913636132,MLA52681379,ORGANIC,False,False,libros de terror,,,529,+9.999 resultados,https://articulo.mercadolibre.com.ar/MLA-3540810682,,,,,,MLA412445,MLA-BOOKS,,CORE,CORE,,2026-09-26T20:40:58.965Z,
https://http2.mlstatic.com/D_NQ_NP_812410-MLA72642742839_112023-O.webp,ARS,69290,,,,,,,Combo Manga Blood On The Tracks Tomos 1 Al 5 + Señalador Dgl,6 cuotas de 15589,,,True,,,False,MLA1554420106,MLA1554420106,,MLAU187343480,MLAU187343480,ORGANIC,False,False,libros de terror,,,824,+9.999 resultados,https://articulo.mercadolibre.com.ar/MLA-1554420106,Envío gratis,,,,,MLA412445,MLA-BOOKS,,CORE,CORE,,2026-09-26T20:43:43.962Z,
https://http2.mlstatic.com/D_NQ_NP_704396-MLA85577984635_062025-O.webp,ARS,86357,,,,,,,"Creepy 19, De Varios Autores. 3601 Editorial Planeta Cómic, Tapa Dura En Español, 2025",6 cuotas de 19428,,,True,True,LIBRENTA Tienda oficial,True,MLA50867460,MLA2213702160,MLA50867460,MLAU3343662908,MLA50867460,ORGANIC,False,False,libros de terror,,,986,+9.999 resultados,https://articulo.mercadolibre.com.ar/MLA-2213702160,Envío gratis,,,,,MLA412445,MLA-BOOKS,,CORE,CORE,,2026-09-26T20:47:25.170Z,
https://http2.mlstatic.com/D_NQ_NP_647832-MLU74486426220_022024-O.webp,ARS,9400,,,,,,,"El Fantasma Mordido, De Shua, Ana María. Editorial Emecé, Tapa Blanda En Español, 2010",,,,False,True,,False,MLA33822658,MLA2236684420,MLA33822658,MLAU3313078556,MLA33822658,ORGANIC,False,False,libros de terror,,,817,+9.999 resultados,https://articulo.mercadolibre.com.ar/MLA-2236684420,,,,,,MLA412445,MLA-BOOKS,,CORE,CORE,,2026-09-26T20:43:43.962Z,
https://http2.mlstatic.com/D_NQ_NP_926464-MLA99507422752_112025-O.webp,ARS,32500,,,,,,,"It ( en inglés ) - Stephen King, De King, Stephen. Editorial Hodder Pub, Tapa Blanda",,,100.0,True,True,PYQ Tienda oficial,True,MLA23596528,MLA1432873695,MLA23596528,MLAU387780132,MLA23596528,ORGANIC,False,False,libros de terror,5.0,3.0,87,+9.999 resultados,https://articulo.mercadolibre.com.ar/MLA-1432873695,Llega gratis el lunes,ÚLTIMAS 2 | ÚLTIMAS UNIDADES,,,,MLA412445,MLA-BOOKS,,CORE,CORE,,2026-09-26T20:35:45.066Z,
https://http2.mlstatic.com/D_NQ_NP_939452-MLA112649557263_062026-O.webp,ARS,30140,,,,,,,"La Novia Gitana (inspectora Elena Blanco, 1) - Carmen Mola",,,,False,True,LIBRENTA Tienda oficial,True,MLA71648955,MLA1823768625,MLA71648955,MLAU3973664053,MLA71648955,ORGANIC,False,False,libros de terror,,1.0,433,+9.999 resultados,https://articulo.mercadolibre.com.ar/MLA-1823768625,,,,,,MLA412445,MLA-BOOKS,,CORE,CORE,,2026-09-26T20:39:20.661Z,
https://http2.mlstatic.com/D_NQ_NP_623269-MLU78581281223_082024-O.webp,ARS,34003,36900,7% OFF,,,,,Libro El Hombre Del Traje Negro [pasta Dura] Stephen King,,,50.0,True,True,Zivals Tienda oficial,True,MLA22114198,MLA1891143765,MLA22114198,MLAU4210212661,MLA22114198,ORGANIC,False,False,libros de terror,5.0,,185,+9.999 resultados,https://articulo.mercadolibre.com.ar/MLA-1891143765,Llega gratis el lunes,OFERTA IMPERDIBLE,,,,MLA412445,MLA-BOOKS,,CORE,CORE,,2026-09-26T20:36:29.367Z,
https://http2.mlstatic.com/D_NQ_NP_695456-MLU79000070958_092024-O.webp,ARS,44137,,,,,,,"Aquellos Mitos Con Los Que Mataron: Valores, Democracia Y Terrorismo, De Mateo Santamaria, Eduardo (ed.)., Vol. 1. Editorial Los Libros De La Catarata, Tapa Blanda En Español",,,,True,True,LIBRENTA Tienda oficial,True,MLA40727762,MLA1515274391,MLA40727762,MLAU3370004310,MLA40727762,ORGANIC,False,False,libros de terror,,,979,+9.999 resultados,https://articulo.mercadolibre.com.ar/MLA-1515274391,Envío gratis,,,,,MLA412445,MLA-BOOKS,,CORE,CORE,,2026-09-26T20:47:08.561Z,
https://http2.mlstatic.com/D_NQ_NP_751062-MLA29963950030_042019-O.webp,ARS,22800,,,,,,,Gyo Completa 2 Tomos - Junji Ito - Ivrea,,,,False,,,False,MLA781815427,MLA781815427,,MLAU280329282,MLAU280329282,ORGANIC,False,False,libros de terror,,5.0,535,+9.999 resultados,https://articulo.mercadolibre.com.ar/MLA-781815427,,¡ÚLTIMA! | ÚLTIMA UNIDAD,,,,MLA412445,MLA-BOOKS,,CORE,CORE,,2026-09-26T20:40:58.965Z,
https://http2.mlstatic.com/D_NQ_NP_780624-MLA49678547984_042022-O.webp,ARS,23500,,,,,,,Horacio Quiroga / Edgar A Poe / Ph Lovecraft Lote X 3 Libros,,,,True,,,False,MLA882205758,MLA882205758,,MLAU301315274,MLAU301315274,ORGANIC,False,False,libros de terror,,1.0,295,+9.999 resultados,https://articulo.mercadolibre.com.ar/MLA-882205758,Llega gratis el lunes,ÚLTIMAS 3 | ÚLTIMAS UNIDADES,,,,MLA412445,MLA-BOOKS,,CORE,CORE,,2026-09-26T20:37:45.567Z,
https://http2.mlstatic.com/D_NQ_NP_620440-MLA80197619236_112024-O.webp,ARS,29610,,,,,,,"La Sangre Que Heredamos, De Daniela Anselmo. Editorial Editorial El Ateneo, Tapa Blanda En Español, 2024",,,100.0,True,True,,False,MLA42698163,MLA1848234595,MLA42698163,MLAU4120117415,MLA42698163,ORGANIC,False,False,libros de terror,4.9,,893,+9.999 resultados,https://articulo.mercadolibre.com.ar/MLA-1848234595,Llega gratis el lunes,,,,,MLA412445,MLA-BOOKS,,CORE,CORE,,2026-09-26T20:46:42.473Z,
https://http2.mlstatic.com/D_NQ_NP_734304-MLA111555431040_062026-O.webp,ARS,32999,,,,,,,El Retrato De Dorian Gray - Oscar Wilde - Tapa Dura,,,,True,True,,False,MLA71444110,MLA3835146180,MLA71444110,MLAU4437474374,MLA71444110,ORGANIC,False,False,libros de terror,,,426,+9.999 resultados,https://articulo.mercadolibre.com.ar/MLA-3835146180,Llega gratis el lunes,,,,,MLA412445,MLA-BOOKS,,CORE,CORE,,2026-09-26T20:38:48.174Z,
https://http2.mlstatic.com/D_NQ_NP_699448-MLU77950301885_072024-O.webp,ARS,47860,,,,,,,"Libro PURO TERROR, de ENRIQUE AGUDO. Editorial Manontroppo, tapa blanda",Mismo precio 3 cuotas de 15953,,,True,True,EDICIONES CONTINENTE Tienda oficial,True,MLA25609277,MLA2398841080,MLA25609277,MLAU161171757,MLA25609277,ORGANIC,False,False,libros de terror,,6.0,714,+9.999 resultados,https://articulo.mercadolibre.com.ar/MLA-2398841080,Envío gratis,,,,,MLA412445,MLA-BOOKS,,CORE,CORE,,2026-09-26T20:42:57.465Z,
https://http2.mlstatic.com/D_NQ_NP_807276-CBT109197713776_042026-O.webp,ARS,98910,,,,,,,Goosebumps Series R.l. Stine Colección Terror Infantil,,,,True,True,,False,MLA2090284331,MLA3147783708,MLA2090284331,MLAU3987081119,MLA2090284331,ORGANIC,False,True,libros de terror,,,261,+9.999 resultados,https://articulo.mercadolibre.com.ar/MLA-3147783708,Envío gratis,,,USA,,MLA412445,MLA-BOOKS,,CORE,CORE,,2026-09-26T20:37:19.479Z,
https://http2.mlstatic.com/D_NQ_NP_989779-MLA31893444308_082019-O.webp,ARS,35036,37210,5% OFF,,,,,Peliculas Clave Del Cine De Terror Moderno,Mismo precio 3 cuotas de 11678,,,True,True,EDICIONES CONTINENTE Tienda oficial,True,MLA21191386,MLA1405464641,MLA21191386,MLAU161641194,MLA21191386,ORGANIC,False,False,libros de terror,,4.0,238,+9.999 resultados,https://articulo.mercadolibre.com.ar/MLA-1405464641,Envío gratis,,,,,MLA412445,MLA-BOOKS,,CORE,CORE,,2026-09-26T20:36:55.661Z,
https://http2.mlstatic.com/D_NQ_NP_868152-MLA115632991310_092026-O.webp,ARS,23800,,,,,,,Maestros Del Fantastico - N 22 El Último Hombre,,,,False,,,False,MLA2057548685,MLA2057548685,,MLAU5062944853,MLAU5062944853,ORGANIC,False,False,libros de terror,,,560,+9.999 resultados,https://articulo.mercadolibre.com.ar/MLA-2057548685,,,,,,MLA412445,MLA-BOOKS,,CORE,CORE,,2026-09-26T20:41:27.588Z,
https://http2.mlstatic.com/D_NQ_NP_913778-MLA46957282895_082021-O.webp,ARS,6000,,,,,,,Wunderding - Drennen - Quipu,,,,False,True,,False,MLA22075465,MLA3534607028,MLA22075465,MLAU4171455747,MLA22075465,ORGANIC,False,False,libros de terror,,,584,+9.999 resultados,https://articulo.mercadolibre.com.ar/MLA-3534607028,Llega el lunes,,,,,MLA412445,MLA-BOOKS,,CORE,CORE,,2026-09-26T20:41:27.659Z,
https://http2.mlstatic.com/D_NQ_NP_666849-MLU70845125986_082023-O.webp,ARS,94969,,,,,,,"Soy Leyenda - Matheson, Richard, De Matheson, Rich. Editorial Pla Publishing En Español",6 cuotas de 21366,,,True,True,EL BAZAR DIGITAL Tienda oficial,True,MLA21061228,MLA3215887826,MLA21061228,MLAU142424707,MLA21061228,ORGANIC,False,False,libros de terror,,,446,+9.999 resultados,https://articulo.mercadolibre.com.ar/MLA-3215887826,Envío gratis,,,,,MLA412445,MLA-BOOKS,,CORE,CORE,,2026-09-26T20:39:20.662Z,
https://http2.mlstatic.com/D_NQ_NP_710889-MLA50208079244_062022-O.webp,ARS,16200,,,,,,,Relatos Abominables - Tipografia Opendyslexic,,,25.0,True,True,,False,MLA21184025,MLA1611500063,MLA21184025,MLAU3682928448,MLA21184025,ORGANIC,False,False,libros de terror,4.9,,868,+9.999 resultados,https://articulo.mercadolibre.com.ar/MLA-1611500063,Llega gratis el lunes,,,,,MLA412445,MLA-BOOKS,,CORE,CORE,,2026-09-26T20:45:19.265Z,
https://http2.mlstatic.com/D_NQ_NP_612639-MLA73114287900_122023-O.webp,ARS,65000,,,,,,,Five Nights At Freddy´s 2 Y 3,Mismo precio 3 cuotas de 21666,,,True,,,False,MLA1397603389,MLA1397603389,,MLAU183044508,MLAU183044508,ORGANIC,False,False,libros de terror,,3.0,801,+9.999 resultados,https://articulo.mercadolibre.com.ar/MLA-1397603389,Envío gratis,¡ÚLTIMA! | ÚLTIMA UNIDAD,,,,MLA412445,MLA-BOOKS,,CORE,CORE,,2026-09-26T20:43:43.961Z,
https://http2.mlstatic.com/D_NQ_NP_977071-MLU70682996831_072023-O.webp,ARS,4900,,,,,,,"El Hombre Lobo, De Manuela Villa. Editorial Brainy Kids, Tapa Dura En Español, 2022",,,,False,True,,False,MLA24906907,MLA1734215012,MLA24906907,MLAU232043746,MLA24906907,ORGANIC,False,False,libros de terror,,1.0,600,+9.999 resultados,https://articulo.mercadolibre.com.ar/MLA-1734215012,Llega el lunes,,,,,MLA412445,MLA-BOOKS,,CORE,CORE,,2026-09-26T20:42:15.765Z,
https://http2.mlstatic.com/D_NQ_NP_833310-MLA115357528120_082026-O.webp,ARS,28000,,,,,,,El Exorcista William Peter Blatty 1° Edición 1975 Impecable,,,,False,,,False,MLA2039129311,MLA2039129311,,MLAU4974522304,MLAU4974522304,ORGANIC,False,False,libros de terror,,,850,+9.999 resultados,https://articulo.mercadolibre.com.ar/MLA-2039129311,,,,,,MLA412445,MLA-BOOKS,,CORE,CORE,,2026-09-26T20:44:48.360Z,
https://http2.mlstatic.com/D_NQ_NP_639421-MLA116501615077_082026-O.webp,ARS,27621,,,,,,,Tower Of God 03 Ivrea Argentina,,,,False,True,,False,MLA77872578,MLA3927364606,MLA77872578,MLAU4715934755,MLA77872578,ORGANIC,False,False,libros de terror,,,266,+9.999 resultados,https://articulo.mercadolibre.com.ar/MLA-3927364606,,,,,,MLA412445,MLA-BOOKS,,CORE,CORE,,2026-09-26T20:37:19.479Z,
https://http2.mlstatic.com/D_NQ_NP_606325-MLA106047804850_022026-O.webp,ARS,30000,,,,,,,Espirales: Crónicas Del Espanto - Marcela Gabriela Martínez,,,,False,,,False,MLA2837410910,MLA2837410910,,MLAU3771976071,MLAU3771976071,ORGANIC,False,False,libros de terror,,,996,+9.999 resultados,https://articulo.mercadolibre.com.ar/MLA-2837410910,,,,,,MLA412445,MLA-BOOKS,,CORE,CORE,,2026-09-26T20:47:25.171Z,
https://http2.mlstatic.com/D_NQ_NP_901784-MLA112670991441_062026-O.webp,ARS,55611,,,,,,,El Exorcista - William Peter Blatty,6 cuotas de 12511,,,True,True,,False,MLA71769744,MLA3714491578,MLA71769744,MLAU4538541083,MLA71769744,ORGANIC,False,False,libros de terror,,,530,+9.999 resultados,https://articulo.mercadolibre.com.ar/MLA-3714491578,Envío gratis,,,,,MLA412445,MLA-BOOKS,,CORE,CORE,,2026-09-26T20:40:58.965Z,
https://http2.mlstatic.com/D_NQ_NP_813107-MLA99886334205_112025-O.webp,ARS,28724,,,,,,,"La Casa Al Final De Needless Street, De Ward, Catriona. Alianza Editorial, Tapa Blanda En Español",,,100.0,False,True,LIBRENTA Tienda oficial,True,MLA23648092,MLA1870218706,MLA23648092,MLAU416641940,MLA23648092,ORGANIC,False,False,libros de terror,4.7,35.0,56,+9.999 resultados,https://articulo.mercadolibre.com.ar/MLA-1870218706,Llega mañana Enviado por FULL,ÚLTIMAS 4 | ÚLTIMAS UNIDADES,,,,MLA412445,MLA-BOOKS,,CORE,CORE,,2026-09-26T20:35:45.063Z,
https://http2.mlstatic.com/D_NQ_NP_938426-MLA87886001894_072025-O.webp,ARS,23000,25000,8% OFF,,,,,"Nadie Sale Vivo De Aqui - Antonio Santa Ana, De Santa Ana, Antonio. Editorial Norma, Tapa Blanda En Español, 2025",,,50.0,True,True,La Revistería Comics Tienda oficial,True,MLA52969719,MLA2198687398,MLA52969719,MLAU3299968073,MLA52969719,ORGANIC,False,False,libros de terror,4.8,15.0,121,+9.999 resultados,https://articulo.mercadolibre.com.ar/MLA-2198687398,Llega gratis mañana,,,,,MLA412445,MLA-BOOKS,,CORE,CORE,,2026-09-26T20:36:02.364Z,
https://http2.mlstatic.com/D_NQ_NP_830406-MLA40692783922_022020-O.webp,ARS,33000,,,,,,,"Stand,the - Hodder **new Edition** Kel Ediciones",,,50.0,True,True,,False,MLA21221214,MLA3806536666,MLA21221214,MLAU4658198662,MLA21221214,ORGANIC,False,False,libros de terror,5.0,,216,+9.999 resultados,https://articulo.mercadolibre.com.ar/MLA-3806536666,Llega gratis el lunes,,,,,MLA412445,MLA-BOOKS,,CORE,CORE,,2026-09-26T20:36:55.660Z,
https://http2.mlstatic.com/D_NQ_NP_692028-MLM48968520916_012022-O.webp,ARS,22792,,,,,,,Coraline (En inglés),,2000 ARS OFF con Cupón,100.0,True,True,,False,MLA22227324,MLA2048149955,MLA22227324,MLAU5020608194,MLA22227324,ORGANIC,False,False,libros de terror,4.7,,26,+9.999 resultados,https://articulo.mercadolibre.com.ar/MLA-2048149955,Llega gratis hoy,,,,,MLA412445,MLA-BOOKS,,CORE,CORE,,2026-09-26T20:35:20.459Z,
https://http2.mlstatic.com/D_NQ_NP_734610-MLA99502466932_112025-O.webp,ARS,106001,,,,,,,H.p. Lovecraft - Estuche Obras Completas - Antología Terror,6 cuotas de 23848,,100.0,True,True,MASLIBROS Tienda oficial,True,MLA19950248,MLA2009253012,MLA19950248,MLAU3003859092,MLA19950248,ORGANIC,False,False,libros de terror,4.9,46.0,73,+9.999 resultados,https://articulo.mercadolibre.com.ar/MLA-2009253012,Llega gratis mañana Enviado por FULL,ÚLTIMAS 3 | ÚLTIMAS UNIDADES,,,,MLA412445,MLA-BOOKS,,CORE,CORE,,2026-09-26T20:35:45.064Z,
https://http2.mlstatic.com/D_NQ_NP_961173-MLA110810657395_042026-O.webp,ARS,20938,23499,10% OFF,,,,,La Llamada De Cthulhu Y Otros Cuentos - Lovecraft Howard Phi,,,,False,True,LIBRENTA Tienda oficial,True,MLA68558643,MLA3265423950,MLA68558643,MLAU3910965849,MLA68558643,ORGANIC,False,False,libros de terror,,2.0,45,+9.999 resultados,https://articulo.mercadolibre.com.ar/MLA-3265423950,Llega mañana Enviado por FULL,ÚLTIMAS 4 | ÚLTIMAS UNIDADES,,,,MLA412445,MLA-BOOKS,,CORE,CORE,,2026-09-26T20:35:20.460Z,
https://http2.mlstatic.com/D_NQ_NP_623410-MLU69787717708_062023-O.webp,ARS,31780,,,,,,,"Carmilla Pluton Ilustrado, De Carmilla., Vol. 1. Editorial Pluton, Tapa Blanda En Español, 2022",Mismo precio 3 cuotas de 10593,,,False,True,EDICIONES CONTINENTE Tienda oficial,True,MLA23728584,MLA3361930256,MLA23728584,MLAU3409839431,MLA23728584,ORGANIC,False,False,libros de terror,,,248,+9.999 resultados,https://articulo.mercadolibre.com.ar/MLA-3361930256,,,,,,MLA412445,MLA-BOOKS,,CORE,CORE,,2026-09-26T20:37:19.476Z,
https://http2.mlstatic.com/D_NQ_NP_881628-MLA80049423248_102024-O.webp,ARS,137997,,,,,,,Asistenta + Secreto Asistenta + Asistenta Vigila - Mcfadden,Mismo precio 3 cuotas de 45999,,,True,,,False,MLA1457671845,MLA1457671845,,MLAU2604150521,MLAU2604150521,ORGANIC,False,False,libros de terror,,,722,+9.999 resultados,https://articulo.mercadolibre.com.ar/MLA-1457671845,Llega gratis el lunes,,,,,MLA412445,MLA-BOOKS,,CORE,CORE,,2026-09-26T20:42:57.465Z,
https://http2.mlstatic.com/D_NQ_NP_777022-MLU78176998366_082024-O.webp,ARS,25900,,,,,,,Cuentos De Terror - Alberto Laiseca,Mismo precio 3 cuotas de 8633,,50.0,False,True,Bookin Tienda oficial,True,MLA22010156,MLA1819313684,MLA22010156,MLAU390157868,MLA22010156,ORGANIC,False,False,libros de terror,5.0,,282,+9.999 resultados,https://articulo.mercadolibre.com.ar/MLA-1819313684,,,,,,MLA412445,MLA-BOOKS,,CORE,CORE,,2026-09-26T20:37:19.556Z,
https://http2.mlstatic.com/D_NQ_NP_683670-MLA79479959632_102024-O.webp,ARS,39130,,,,,,,"La Via Damna, De Francisca Solar. Editorial Ediciones Minotauro S.a En Español",,,,True,True,LIBERATE Tienda oficial,True,MLA30224350,MLA1814196446,MLA30224350,MLAU144240596,MLA30224350,ORGANIC,False,False,libros de terror,,1.0,894,+9.999 resultados,https://articulo.mercadolibre.com.ar/MLA-1814196446,Envío gratis,,,,,MLA412445,MLA-BOOKS,,CORE,CORE,,2026-09-26T20:46:42.473Z,
https://http2.mlstatic.com/D_NQ_NP_608744-MLU69749084215_062023-O.webp,ARS,9999,,,,,,,"En La Puerta De Gehenna - Zona Limite, De Peter Beere. Editorial Gaviota, Tapa Blanda En Español",,,,False,True,,False,MLA23597900,MLA1394773977,MLA23597900,MLAU178987934,MLA23597900,ORGANIC,False,False,libros de terror,,,915,+9.999 resultados,https://articulo.mercadolibre.com.ar/MLA-1394773977,Llega el lunes,,,,,MLA412445,MLA-BOOKS,,CORE,CORE,,2026-09-26T20:46:42.474Z,
https://http2.mlstatic.com/D_NQ_NP_652068-MLA82486439263_022025-O.webp,ARS,19800,,,,,,,"Damas De Lo Extraño - Teresita Pumara Piladora): Siete Escritoras De Gótico Y Terror, De Aa.vv.., Vol. 1. Editorial A-z, Tapa Dura En Español",,,25.0,True,True,,False,MLA41464257,MLA3117260112,MLA41464257,MLAU363997253,MLA41464257,ORGANIC,False,False,libros de terror,4.8,8.0,811,+9.999 resultados,https://articulo.mercadolibre.com.ar/MLA-3117260112,Llega gratis el lunes,,,,,MLA412445,MLA-BOOKS,,CORE,CORE,,2026-09-26T20:43:43.961Z,
https://http2.mlstatic.com/D_NQ_NP_848823-MLA105706129112_012026-O.webp,ARS,31188,33900,8% OFF,,,,,"Libro Las Que Moran En La Sombra, De Ever Oroná, Vol. 1. Editorial Minotauro, Tapa Blanda (2026)",,,50.0,True,True,Zivals Tienda oficial,True,MLA65156520,MLA3095436992,MLA65156520,MLAU3742571046,MLA65156520,ORGANIC,False,False,libros de terror,5.0,,245,+9.999 resultados,https://articulo.mercadolibre.com.ar/MLA-3095436992,Llega gratis el lunes,OFERTA IMPERDIBLE,,,,MLA412445,MLA-BOOKS,,CORE,CORE,,2026-09-26T20:37:19.476Z,
https://http2.mlstatic.com/D_NQ_NP_801278-MLA91431135488_092025-O.webp,ARS,5250,,,,,,,"Libro La Leyenda Del Jinete Sin Cabeza / El Fantasma De Canterville, De Washington Irving / Oscar Wilde. Editorial Debolsillo, Tapa Blanda (2023), Colección Literatura",,,25.0,False,True,,False,MLA54812849,MLA1532740763,MLA54812849,MLAU333444698,MLA54812849,ORGANIC,False,False,libros de terror,4.8,5.0,823,+9.999 resultados,https://articulo.mercadolibre.com.ar/MLA-1532740763,Llega el lunes,,,,,MLA412445,MLA-BOOKS,,CORE,CORE,,2026-09-26T20:43:43.962Z,
https://http2.mlstatic.com/D_NQ_NP_681394-MLA90272107596_082025-O.webp,ARS,18820,20000,5% OFF,,,,,Cuentos De Terror Para Franco V - Hugo Daniel Mitoire,,,,True,,SBS Librerias Tienda oficial,True,MLA1516513487,MLA1516513487,,MLAU3379352196,MLAU3379352196,ORGANIC,False,False,libros de terror,,,322,+9.999 resultados,https://articulo.mercadolibre.com.ar/MLA-1516513487,Llega gratis el lunes,,,,,MLA412445,MLA-BOOKS,,CORE,CORE,,2026-09-26T20:37:45.568Z,
https://http2.mlstatic.com/D_NQ_NP_812720-MLU72972408657_112023-O.webp,ARS,40499,,,,,,,"La Condesa Sangrienta (edicion Aniversario) - Pizarnik, Caru",,,25.0,True,True,ENTELEQUIA Tienda oficial,True,MLA21138170,MLA3659067052,MLA21138170,MLAU224936215,MLA21138170,ORGANIC,False,False,libros de terror,4.9,,644,+9.999 resultados,https://articulo.mercadolibre.com.ar/MLA-3659067052,Llega gratis el lunes,,,,,MLA412445,MLA-BOOKS,,CORE,CORE,,2026-09-26T20:42:15.767Z,
https://http2.mlstatic.com/D_NQ_NP_964901-MLA111553877831_052026-O.webp,ARS,21988,23900,8% OFF,,,,,El Horror De Dunwich 2 - H.p. Lovecraft / Tanabe Gou Adaptaci,,,,True,True,Zivals Tienda oficial,True,MLA69549736,MLA3893157396,MLA69549736,MLAU3851059415,MLA69549736,ORGANIC,False,False,libros de terror,,,159,+9.999 resultados,https://articulo.mercadolibre.com.ar/MLA-3893157396,Llega gratis el lunes,,,,,MLA412445,MLA-BOOKS,,CORE,CORE,,2026-09-26T20:36:29.366Z,
https://http2.mlstatic.com/D_NQ_NP_645107-MLA82142972346_022025-O.webp,ARS,42355,,,,,,,"Del Final Del Terrorismo A La Convivencia, De López Romo, Raúl. Editorial Los Libros De La Catarata, Tapa Blanda En Español",,,,True,True,LIBRENTA Tienda oficial,True,MLA35795568,MLA1515208491,MLA35795568,MLAU3369896136,MLA35795568,ORGANIC,False,False,libros de terror,,,978,+9.999 resultados,https://articulo.mercadolibre.com.ar/MLA-1515208491,Envío gratis,,,,,MLA412445,MLA-BOOKS,,CORE,CORE,,2026-09-26T20:47:08.561Z,
https://http2.mlstatic.com/D_NQ_NP_742191-MLU77825617046_072024-O.webp,ARS,17600,,,,,,,"El Horror De Dunwich - H P Lovecraft, De Lovecraft, H. P.. Editorial Gargola, Tapa Blanda En Español, 2017",,,25.0,True,True,,False,MLA22066425,MLA2206407456,MLA22066425,MLAU3331551472,MLA22066425,ORGANIC,False,False,libros de terror,5.0,,430,+9.999 resultados,https://articulo.mercadolibre.com.ar/MLA-2206407456,Llega gratis el lunes,,,,,MLA412445,MLA-BOOKS,,CORE,CORE,,2026-09-26T20:38:48.174Z,
https://http2.mlstatic.com/D_NQ_NP_639754-MLU74104749428_012024-O.webp,ARS,45187,,,,,,,Cómic El Pequeño Vampir La Peli De Terror Joann Sfar Español,,,,True,True,LIBRENTA Tienda oficial,True,MLA30085788,MLA1515300033,MLA30085788,MLAU3363912703,MLA30085788,ORGANIC,False,False,libros de terror,,,942,+9.999 resultados,https://articulo.mercadolibre.com.ar/MLA-1515300033,Envío gratis,,,,,MLA412445,MLA-BOOKS,,CORE,CORE,,2026-09-26T20:47:08.560Z,
https://http2.mlstatic.com/D_NQ_NP_749911-MLA99862849385_112025-O.webp,ARS,24099,,,,,,,"Niña Desdichada, La - Edward Gorey",,,,True,True,Libros del Camino Tienda oficial,True,MLA21454264,MLA1411986786,MLA21454264,MLAU169611482,MLA21454264,ORGANIC,False,False,libros de terror,,,463,+9.999 resultados,https://articulo.mercadolibre.com.ar/MLA-1411986786,Llega gratis el lunes,,,,,MLA412445,MLA-BOOKS,,CORE,CORE,,2026-09-26T20:39:20.663Z,
https://http2.mlstatic.com/D_NQ_NP_623000-MLU77438267858_072024-O.webp,ARS,19800,22000,10% OFF,,,,,Palomas Del Infierno Y Otros Cuentos De Horror - Lectosfera,,,,False,True,Eterna Cadencia Tienda oficial,True,MLA21218162,MLA1667429153,MLA21218162,MLAU282860591,MLA21218162,ORGANIC,False,False,libros de terror,,,310,+9.999 resultados,https://articulo.mercadolibre.com.ar/MLA-1667429153,,,,,,MLA412445,MLA-BOOKS,,CORE,CORE,,2026-09-26T20:37:45.568Z,
https://http2.mlstatic.com/D_NQ_NP_737872-MLA102380927928_122025-O.webp,ARS,51000,,,,,,,Kentukis + Buen Mal - Samantha Schweblin - 2 Libros Lrh,Mismo precio 3 cuotas de 17000,,,True,,,False,MLA1623283595,MLA1623283595,,MLAU3695687247,MLAU3695687247,ORGANIC,False,False,libros de terror,,,698,+9.999 resultados,https://articulo.mercadolibre.com.ar/MLA-1623283595,Envío gratis,,,,,MLA412445,MLA-BOOKS,,CORE,CORE,,2026-09-26T20:42:57.465Z,
https://http2.mlstatic.com/D_NQ_NP_657445-MLC50654407756_072022-O.webp,ARS,23611,26499,10% OFF,,,,,Libro Gaturro 2. Gaturro Y La Mansión Del Terror - Nik,,,100.0,False,True,LIBRENTA Tienda oficial,True,MLA19838650,MLA1894739118,MLA19838650,MLAU241970291,MLA19838650,ORGANIC,False,False,libros de terror,4.8,33.0,61,+9.999 resultados,https://articulo.mercadolibre.com.ar/MLA-1894739118,Llega mañana Enviado por FULL,¡ÚLTIMA! | ÚLTIMA UNIDAD,,,,MLA412445,MLA-BOOKS,,CORE,CORE,,2026-09-26T20:35:45.063Z,
https://http2.mlstatic.com/D_NQ_NP_904402-MLA91318599537_082025-O.webp,ARS,11999,,,,,,,"Stalin (hc) Rostros Del Mal 07: El Terror Soviético, De Varios Es. Rostros Del Mal Editorial Fasciculos Coleccionables, Tapa Dura En Español, 2025",,,,False,True,,False,MLA54238682,MLA3860735442,MLA54238682,MLAU3653117454,MLA54238682,ORGANIC,False,False,libros de terror,,,885,+9.999 resultados,https://articulo.mercadolibre.com.ar/MLA-3860735442,Llega el lunes,,,,,MLA412445,MLA-BOOKS,,CORE,CORE,,2026-09-26T20:45:19.267Z,
https://http2.mlstatic.com/D_NQ_NP_726028-MLA95374363226_102025-O.webp,ARS,10999,,,,,,,To Your Eternity 22 Ivrea Manga,,,,False,True,ENTELEQUIA Tienda oficial,True,MLA60720483,MLA2778830142,MLA60720483,MLAU3501081476,MLA60720483,ORGANIC,False,False,libros de terror,,,596,+9.999 resultados,https://articulo.mercadolibre.com.ar/MLA-2778830142,Llega el lunes,,,,,MLA412445,MLA-BOOKS,,CORE,CORE,,2026-09-26T20:41:53.067Z,
https://http2.mlstatic.com/D_NQ_NP_926429-MLA91747876068_092025-O.webp,ARS,24884,,,,,,,The Adventures Of Huckleberry Finn - Mark Twain - Puffin,,,,True,,,False,MLA2341240612,MLA2341240612,,MLAU3417742476,MLAU3417742476,ORGANIC,False,False,libros de terror,,,768,+9.999 resultados,https://articulo.mercadolibre.com.ar/MLA-2341240612,Llega gratis el lunes,,,,,MLA412445,MLA-BOOKS,,CORE,CORE,,2026-09-26T20:43:22.771Z,
https://http2.mlstatic.com/D_NQ_NP_835854-MLA111696779362_062026-O.webp,ARS,50649,,,,,,,Historias De Miedo Para Contar En La Oscuridad: Historias De Terror Cortas Para Adultos Y Adolescentes (spanish Edition),6 cuotas de 11395,,,True,True,EL BAZAR DIGITAL Tienda oficial,True,MLA72456740,MLA1948792155,MLA72456740,MLAU4228150369,MLA72456740,ORGANIC,False,False,libros de terror,,,650,+9.999 resultados,https://articulo.mercadolibre.com.ar/MLA-1948792155,Envío gratis,,,,,MLA412445,MLA-BOOKS,,CORE,CORE,,2026-09-26T20:42:26.363Z,
https://http2.mlstatic.com/D_NQ_NP_929377-MLA79805678409_102024-O.webp,ARS,6500,,,,,,,El Que Susurraba En La Oscuridad - Aire Frio - H P Lovecraft,,,25.0,False,True,,False,MLA21157414,MLA1391600297,MLA21157414,MLAU187008378,MLA21157414,ORGANIC,False,False,libros de terror,4.5,2.0,651,+9.999 resultados,https://articulo.mercadolibre.com.ar/MLA-1391600297,Llega el lunes,ÚLTIMAS 3 | ÚLTIMAS UNIDADES,,,,MLA412445,MLA-BOOKS,,CORE,CORE,,2026-09-26T20:42:26.363Z,
https://http2.mlstatic.com/D_NQ_NP_794766-MLA26540310652_122017-O.webp,ARS,32990,,,,,,,Carrie (bolsillo) - Stephen King,,,50.0,False,True,,False,MLA22174976,MLA1398693709,MLA22174976,MLAU250036610,MLA22174976,ORGANIC,False,False,libros de terror,5.0,,866,+9.999 resultados,https://articulo.mercadolibre.com.ar/MLA-1398693709,,,,,,MLA412445,MLA-BOOKS,,CORE,CORE,,2026-09-26T20:45:19.265Z,
https://http2.mlstatic.com/D_NQ_NP_746432-MLU74559072937_022024-O.webp,ARS,49869,,,,,,,"La Casa De Las Sombras: No Aplica, De Nevill, Adam. Editorial Minotauro Ediciones, Tapa Blanda En Español",6 cuotas de 11219,,,True,True,MASLIBROS Tienda oficial,True,MLA25337465,MLA1388859733,MLA25337465,MLAU143384477,MLA25337465,ORGANIC,False,False,libros de terror,,2.0,669,+9.999 resultados,https://articulo.mercadolibre.com.ar/MLA-1388859733,Envío gratis,,,,,MLA412445,MLA-BOOKS,,CORE,CORE,,2026-09-26T20:42:26.363Z,
https://http2.mlstatic.com/D_NQ_NP_974206-MLA111600401821_052026-O.webp,ARS,26990,,,,,,,Libro Despues - Stephen King,,,1000.0,True,True,,False,MLA21150895,MLA1402688183,MLA21150895,MLAU209353602,MLA21150895,ORGANIC,False,False,libros de terror,4.8,162.0,299,+9.999 resultados,https://articulo.mercadolibre.com.ar/MLA-1402688183,Llega gratis el lunes,,,,,MLA412445,MLA-BOOKS,,CORE,CORE,,2026-09-26T20:37:45.567Z,
https://http2.mlstatic.com/D_NQ_NP_756352-MLA82457990897_022025-O.webp,ARS,22400,,,,,,,"Carmilla Joseph Sheridan Le Fanu, De Joseph Sheridan Le Fanu. Editorial Editores Mexicanos Unidos, Tapa Blanda, Edición 01 En Español, 2012",,,,False,True,Yenny El Ateneo Tienda oficial,True,MLA46090569,MLA2796765066,MLA46090569,MLAU3736442307,MLA46090569,ORGANIC,False,False,libros de terror,,,690,+9.999 resultados,https://articulo.mercadolibre.com.ar/MLA-2796765066,,,,,,MLA412445,MLA-BOOKS,,CORE,CORE,,2026-09-26T20:42:26.364Z,
https://http2.mlstatic.com/D_NQ_NP_883855-MLA31018307127_062019-O.webp,ARS,30000,,,,,,,Cuentos De H. P. Lovecraft Ilustrados Por Ziperart,,,25.0,True,True,Libreria Hernandez Tienda oficial,True,MLA21197695,MLA1501430844,MLA21197695,MLAU129036887,MLA21197695,ORGANIC,False,False,libros de terror,5.0,,315,+9.999 resultados,https://articulo.mercadolibre.com.ar/MLA-1501430844,Llega gratis el lunes,,,,,MLA412445,MLA-BOOKS,,CORE,CORE,,2026-09-26T20:37:45.568Z,
https://http2.mlstatic.com/D_NQ_NP_951767-MLA108517987734_032026-O.webp,ARS,13200,,,,,,,"Libro Los mejores cuentos de Terror Psicológico, de VV. AA., vol. 1. Editorial Mestas, tapa blanda",,,,False,True,Yenny El Ateneo Tienda oficial,True,MLA67038807,MLA3912237700,MLA67038807,MLAU5106577816,MLA67038807,ORGANIC,False,False,libros de terror,,,311,+9.999 resultados,https://articulo.mercadolibre.com.ar/MLA-3912237700,,,,,,MLA412445,MLA-BOOKS,,CORE,CORE,,2026-09-26T20:37:45.568Z,
https://http2.mlstatic.com/D_NQ_NP_882865-MLA99566839402_122025-O.webp,ARS,13700,,,,,,,Asesinatos En La Escuela Del Perro Y Otra Historia De Terror,,,100.0,False,True,,False,MLA22633514,MLA1603270257,MLA22633514,MLAU3657850357,MLA22633514,ORGANIC,False,False,libros de terror,4.9,,362,+9.999 resultados,https://articulo.mercadolibre.com.ar/MLA-1603270257,Llega el lunes,,,,,MLA412445,MLA-BOOKS,,CORE,CORE,,2026-09-26T20:38:25.456Z,
https://http2.mlstatic.com/D_NQ_NP_802645-MLA117471792021_092026-O.webp,ARS,192799,,,,,,,Libro: Intervenção Internacional Contra O Terrorismo No A E,Mismo precio 6 cuotas de 32133,,,True,,,False,MLA2079311555,MLA2079311555,,MLAU5164629480,MLAU5164629480,ORGANIC,False,False,libros de terror,,,480,+9.999 resultados,https://articulo.mercadolibre.com.ar/MLA-2079311555,Envío gratis,,,,,MLA412445,MLA-BOOKS,,CORE,CORE,,2026-09-26T20:39:20.664Z,
https://http2.mlstatic.com/D_NQ_NP_633704-MLU53348492670_012023-O.webp,ARS,20231,21500,5% OFF,,,,,"Colegio Maldito II. El Secreto Del Director - Korenfeld, Gab",,,100.0,True,True,SBS Librerias Tienda oficial,True,MLA21496549,MLA1471818400,MLA21496549,MLAU278727256,MLA21496549,ORGANIC,False,False,libros de terror,4.6,16.0,111,+9.999 resultados,https://articulo.mercadolibre.com.ar/MLA-1471818400,Llega gratis el lunes,OFERTA IMPERDIBLE,,,,MLA412445,MLA-BOOKS,,CORE,CORE,,2026-09-26T20:36:02.364Z,
https://http2.mlstatic.com/D_NQ_NP_822882-MLA29444835290_022019-O.webp,ARS,14900,,,,,,,"Bullying, Terror En La Escuela, De Dori Couñago",,,,False,,,False,MLA771690327,MLA771690327,,MLAU278658742,MLAU278658742,ORGANIC,False,False,libros de terror,,,990,+9.999 resultados,https://articulo.mercadolibre.com.ar/MLA-771690327,,,,,,MLA412445,MLA-BOOKS,,CORE,CORE,,2026-09-26T20:47:25.171Z,
https://http2.mlstatic.com/D_NQ_NP_917105-MLA115694077984_092026-O.webp,ARS,72999,,,,,,,Libro: Checklist Of Terror: Vampire & Werewolf Movies Of,Mismo precio 6 cuotas de 12166,,,True,,,False,MLA2060769401,MLA2060769401,,MLAU5072731893,MLAU5072731893,ORGANIC,False,False,libros de terror,,,487,+9.999 resultados,https://articulo.mercadolibre.com.ar/MLA-2060769401,Envío gratis,,,,,MLA412445,MLA-BOOKS,,CORE,CORE,,2026-09-26T20:39:50.863Z,
https://http2.mlstatic.com/D_NQ_NP_898611-MLA52758946657_122022-O.webp,ARS,11000,,,,,,,"Color Que Cayó Del Cielo, El / Llamada De Cthulhu, La - H.p.",,,25.0,False,True,,False,MLA21136306,MLA1370179098,MLA21136306,MLAU214603757,MLA21136306,ORGANIC,False,False,libros de terror,4.8,,364,+9.999 resultados,https://articulo.mercadolibre.com.ar/MLA-1370179098,Llega el lunes,,,,,MLA412445,MLA-BOOKS,,CORE,CORE,,2026-09-26T20:38:25.457Z,
https://http2.mlstatic.com/D_NQ_NP_876423-MLA29583658191_032019-O.webp,ARS,14999,,,,,,,"El Secreto Del Hombre Muerto - Loqueleo Azul, de Gisbert Joan Manuel. Editorial SANTILLANA, tapa blanda en español",,,50.0,False,True,,False,MLA22215778,MLA1504939922,MLA22215778,MLAU272831533,MLA22215778,ORGANIC,False,False,libros de terror,4.6,1.0,255,+9.999 resultados,https://articulo.mercadolibre.com.ar/MLA-1504939922,Llega el lunes,,,,,MLA412445,MLA-BOOKS,,CORE,CORE,,2026-09-26T20:37:19.477Z,
https://http2.mlstatic.com/D_NQ_NP_621065-MLA54981765398_042023-O.webp,ARS,16999,,,,,,,Cuentos Fantasticos Que Dan Miedo - La Puerta Secreta,,,100.0,True,True,PYQ Tienda oficial,True,MLA22297707,MLA1639153978,MLA22297707,MLAU152712116,MLA22297707,ORGANIC,False,False,libros de terror,4.9,11.0,260,+9.999 resultados,https://articulo.mercadolibre.com.ar/MLA-1639153978,Llega gratis el lunes,¡ÚLTIMA! | ÚLTIMA UNIDAD,,,,MLA412445,MLA-BOOKS,,CORE,CORE,,2026-09-26T20:37:19.479Z,
https://http2.mlstatic.com/D_NQ_NP_899118-MLA94124511457_102025-O.webp,ARS,18180,,,,,,,"Libro Monstruos De Coleccion - Graciela Sverdlick, De Sverdlick, Graciela. Editorial Aique, Tapa Blanda (2025)",,,25.0,False,True,,False,MLA58972988,MLA2071323591,MLA58972988,MLAU5065267849,MLA58972988,ORGANIC,False,False,libros de terror,5.0,,803,+9.999 resultados,https://articulo.mercadolibre.com.ar/MLA-2071323591,,,,,,MLA412445,MLA-BOOKS,,CORE,CORE,,2026-09-26T20:43:43.961Z,
https://http2.mlstatic.com/D_NQ_NP_971853-MLU76163629699_052024-O.webp,ARS,25220,,,,,,,Libro El Asesino De Policías - Serie Martin Beck Ix,,,25.0,True,True,,False,MLA26047192,MLA1475610269,MLA26047192,MLAU2994404669,MLA26047192,ORGANIC,False,False,libros de terror,5.0,,678,+9.999 resultados,https://articulo.mercadolibre.com.ar/MLA-1475610269,Llega gratis el lunes,,,,,MLA412445,MLA-BOOKS,,CORE,CORE,,2026-09-26T20:42:26.363Z,
https://http2.mlstatic.com/D_NQ_NP_937790-MLA85075727923_052025-O.webp,ARS,22381,,,,,,,"Terror En El Titanic: Elige Tu Propia Aventura, De Wallace, Jim., Vol. 1. Editorial Molino, Tapa Blanda En Español, 2025",,,,False,True,LIBRENTA Tienda oficial,True,MLA50294181,MLA1514304203,MLA50294181,MLAU3355711834,MLA50294181,ORGANIC,False,False,libros de terror,,,495,+9.999 resultados,https://articulo.mercadolibre.com.ar/MLA-1514304203,,,,,,MLA412445,MLA-BOOKS,,CORE,CORE,,2026-09-26T20:39:50.864Z,
https://http2.mlstatic.com/D_NQ_NP_757182-MLA86349875486_062025-O.webp,ARS,23310,25900,10% OFF,,,,,La Chica Mas Rara Del Mundo - Mariano Cattaneo,,,,False,,NADIR LIBROS Tienda oficial,True,MLA1368551197,MLA1368551197,,MLAU252586697,MLAU252586697,ORGANIC,False,False,libros de terror,,,671,+9.999 resultados,https://articulo.mercadolibre.com.ar/MLA-1368551197,,,,,,MLA412445,MLA-BOOKS,,CORE,CORE,,2026-09-26T20:42:26.363Z,
https://http2.mlstatic.com/D_NQ_NP_875759-MLA99590911438_122025-O.webp,ARS,13495,,,,,,,Dracula - Novela Grafica - Jose A. Ocampo Ruiz / Bram Stoker,,2000 ARS OFF con Cupón,100.0,False,True,,False,MLA21199189,MLA1367060108,MLA21199189,MLAU169604773,MLA21199189,ORGANIC,False,False,libros de terror,4.8,18.0,378,+9.999 resultados,https://articulo.mercadolibre.com.ar/MLA-1367060108,Llega hoy,ÚLTIMAS 3 | ÚLTIMAS UNIDADES,,,,MLA412445,MLA-BOOKS,,CORE,CORE,,2026-09-26T20:38:25.457Z,
https://http2.mlstatic.com/D_NQ_NP_703567-MLA85434015782_062025-O.webp,ARS,47040,,,,,,,"Hogar, Dulce Hogar, De Hino, Hideshi. 1560, Vol. 1. Editorial La Cupula, Tapa Blanda En Castellano, 2025",6 cuotas de 10583,,,True,True,UBIK Libros Comics Tienda oficial,True,MLA51025546,MLA2145932330,MLA51025546,MLAU3266210672,MLA51025546,ORGANIC,False,False,libros de terror,,,527,+9.999 resultados,https://articulo.mercadolibre.com.ar/MLA-2145932330,Llega gratis el lunes,,,,,MLA412445,MLA-BOOKS,,CORE,CORE,,2026-09-26T20:40:58.965Z,
https://http2.mlstatic.com/D_NQ_NP_894920-MLA80713348074_112024-O.webp,ARS,52000,,,,,,,Joker Año Uno Ecc Chip Zdarsky Tapa Dura En Stock,6 cuotas de 11699,5000 ARS OFF con Cupón,,True,,,False,MLA1966507920,MLA1966507920,,MLAU2858793681,MLAU2858793681,ORGANIC,False,False,libros de terror,,,846,+9.999 resultados,https://articulo.mercadolibre.com.ar/MLA-1966507920,Envío gratis,,,,,MLA412445,MLA-BOOKS,,CORE,CORE,,2026-09-26T20:44:48.360Z,
https://http2.mlstatic.com/D_NQ_NP_706217-MLA84715417909_052025-O.webp,ARS,36418,39900,8% OFF,,,,,"Drácula, De Bram Stoker. Editorial Del Fondo Editorial, Tapa Blanda En Español",,,25.0,True,True,SBS Librerias Tienda oficial,True,MLA50011046,MLA1696267991,MLA50011046,MLAU3837556150,MLA50011046,ORGANIC,False,False,libros de terror,5.0,6.0,138,+9.999 resultados,https://articulo.mercadolibre.com.ar/MLA-1696267991,Llega gratis el lunes,OFERTA IMPERDIBLE,,,,MLA412445,MLA-BOOKS,,CORE,CORE,,2026-09-26T20:36:02.365Z,
https://http2.mlstatic.com/D_NQ_NP_797120-MLA84321898378_052025-O.webp,ARS,5409,,,,,,,"La Momia, De Manuela Villa. Editorial Brainy Kids, Tapa Blanda, Edición 1 En Español, 2022",,,,False,True,Librería Palito Tienda oficial,True,MLA49775747,MLA2255520634,MLA49775747,MLAU3196845751,MLA49775747,ORGANIC,False,False,libros de terror,,,356,+9.999 resultados,https://articulo.mercadolibre.com.ar/MLA-2255520634,,,,,,MLA412445,MLA-BOOKS,,CORE,CORE,,2026-09-26T20:38:25.366Z,
https://http2.mlstatic.com/D_NQ_NP_637526-MLU72456206398_102023-O.webp,ARS,6500,,,,,,,"Narraciones Extraordinarias, De Edgar Allan Poe. Editorial Gradifco, Tapa Blanda En Español, 2021",,,50.0,False,True,,False,MLA23513813,MLA1371642365,MLA23513813,MLAU303233583,MLA23513813,ORGANIC,False,False,libros de terror,4.5,,366,+9.999 resultados,https://articulo.mercadolibre.com.ar/MLA-1371642365,Llega el lunes,,,,,MLA412445,MLA-BOOKS,,CORE,CORE,,2026-09-26T20:38:25.457Z,
https://http2.mlstatic.com/D_NQ_NP_888708-MLA83239677275_032025-O.webp,ARS,86357,,,,,,,"Creepy Nº 18/29: 0, De Varios Es. Terror, Vol. 18. Editorial Planeta Cómic, Tapa Dura, Edición 0 En Español, 2025",6 cuotas de 19428,,,True,True,LIBRENTA Tienda oficial,True,MLA47348358,MLA2213585270,MLA47348358,MLAU3343662884,MLA47348358,ORGANIC,False,False,libros de terror,,,943,+9.999 resultados,https://articulo.mercadolibre.com.ar/MLA-2213585270,Envío gratis,,,,,MLA412445,MLA-BOOKS,,CORE,CORE,,2026-09-26T20:47:08.560Z,
https://http2.mlstatic.com/D_NQ_NP_982869-MLA82175677230_022025-O.webp,ARS,16000,,,,,,,"Monstruos De Terror - Cande Y Nico - Mayuscula - Esses, de Esses, Florencia. Editorial AZ, tapa blanda en español, 2021",,2000 ARS OFF con Cupón,100.0,True,True,,False,MLA21181409,MLA1364210865,MLA21181409,MLAU159448576,MLA21181409,ORGANIC,False,False,libros de terror,4.9,7.0,750,+9.999 resultados,https://articulo.mercadolibre.com.ar/MLA-1364210865,Llega gratis hoy,ÚLTIMAS 3 | ÚLTIMAS UNIDADES,,,,MLA412445,MLA-BOOKS,,CORE,CORE,,2026-09-26T20:43:22.771Z,
https://http2.mlstatic.com/D_NQ_NP_835419-MLU75158005772_032024-O.webp,ARS,37441,,,,,,,"Libro Historias De Terror Carnavalescas [ Original ], De Fernando Macías. Editorial Samarcanda, Tapa Blanda En Español, 2024",,,,True,True,LIBRENTA Tienda oficial,True,MLA34769686,MLA3125291764,MLA34769686,MLAU3393738457,MLA34769686,ORGANIC,False,False,libros de terror,,,949,+9.999 resultados,https://articulo.mercadolibre.com.ar/MLA-3125291764,Envío gratis,,,,,MLA412445,MLA-BOOKS,,CORE,CORE,,2026-09-26T20:47:08.560Z,
https://http2.mlstatic.com/D_NQ_NP_881812-MLU79309898909_092024-O.webp,ARS,24750,,,,,,,"Bad Idea Antologia: Antología, De Vvaa., Vol. 1. Editorial Moztros, Tapa Blanda En Español",,,,False,True,,False,MLA40852677,MLA1709864225,MLA40852677,MLAU3758004084,MLA40852677,ORGANIC,False,False,libros de terror,,,830,+9.999 resultados,https://articulo.mercadolibre.com.ar/MLA-1709864225,,,,,,MLA412445,MLA-BOOKS,,CORE,CORE,,2026-09-26T20:43:43.962Z,
https://http2.mlstatic.com/D_NQ_NP_796988-MLM49015964500_022022-O.webp,ARS,112090,,,,,,,Howard Phillips Lovecraft Cthulhu Una celebración de los mitos Editorial Valdemar,6 cuotas de 25218,,,True,True,,False,MLA22063969,MLA2040183981,MLA22063969,MLAU4974672750,MLA22063969,ORGANIC,False,False,libros de terror,,,657,+9.999 resultados,https://articulo.mercadolibre.com.ar/MLA-2040183981,Envío gratis,,,,,MLA412445,MLA-BOOKS,,CORE,CORE,,2026-09-26T20:42:26.363Z,
https://http2.mlstatic.com/D_NQ_NP_968137-MLA45519589027_042021-O.webp,ARS,82500,,,,,,,El Rey De Amarillo Robert W Chambers Editorial Valdemar,6 cuotas de 18561,,25.0,True,True,,False,MLA21185349,MLA1679381221,MLA21185349,MLAU3798453649,MLA21185349,ORGANIC,False,False,libros de terror,4.9,,200,+9.999 resultados,https://articulo.mercadolibre.com.ar/MLA-1679381221,Llega gratis el lunes,,,,,MLA412445,MLA-BOOKS,,CORE,CORE,,2026-09-26T20:36:55.659Z,
https://http2.mlstatic.com/D_NQ_NP_600317-MLA51376121079_092022-O.webp,ARS,6000,,,,,,,Narraciones Extraordinarias - Edgar Allan Poe,,,100.0,False,True,PYQ Tienda oficial,True,MLA19812636,MLA1973180044,MLA19812636,MLAU170870610,MLA19812636,ORGANIC,False,False,libros de terror,4.9,25.0,214,+9.999 resultados,https://articulo.mercadolibre.com.ar/MLA-1973180044,Llega el lunes,ÚLTIMAS 2 | ÚLTIMAS UNIDADES,,,,MLA412445,MLA-BOOKS,,CORE,CORE,,2026-09-26T20:36:55.659Z,
https://http2.mlstatic.com/D_NQ_NP_887125-MLC47178699901_082021-O.webp,ARS,11880,,,,,,,Manga Deadman Wonderland Vol. 9 - Ivrea Argentina,,,,False,True,,False,MLA22195825,MLA1388951517,MLA22195825,MLAU180693417,MLA22195825,ORGANIC,False,False,libros de terror,,,409,+9.999 resultados,https://articulo.mercadolibre.com.ar/MLA-1388951517,,,,,,MLA412445,MLA-BOOKS,,CORE,CORE,,2026-09-26T20:38:48.174Z,
https://http2.mlstatic.com/D_NQ_NP_652706-MLA84555974535_052025-O.webp,ARS,26999,29999,10% OFF,,,,,"Dolores Claiborne - Stephen King, De King, Stephen., Vol. 1. Editorial Debolsillo, Tapa Blanda En Español, 2024",,,25.0,False,True,NADIR LIBROS Tienda oficial,True,MLA49431193,MLA3978515694,MLA49431193,MLAU3402041173,MLA49431193,ORGANIC,False,False,libros de terror,4.9,,333,+9.999 resultados,https://articulo.mercadolibre.com.ar/MLA-3978515694,,OFERTA IMPERDIBLE,,,,MLA412445,MLA-BOOKS,,CORE,CORE,,2026-09-26T20:37:45.569Z,
https://http2.mlstatic.com/D_NQ_NP_954044-MLA109552652891_032026-O.webp,ARS,55000,,,,,,,Los Otros Animatrónicos + El Cuarto Armario (novela Gráfica),Mismo precio 3 cuotas de 18333,,,True,,,False,MLA3106574646,MLA3106574646,,MLAU3860373909,MLAU3860373909,ORGANIC,False,False,libros de terror,,,209,+9.999 resultados,https://articulo.mercadolibre.com.ar/MLA-3106574646,Envío gratis,¡ÚLTIMA! | ÚLTIMA UNIDAD,,,,MLA412445,MLA-BOOKS,,CORE,CORE,,2026-09-26T20:36:55.659Z,
https://http2.mlstatic.com/D_NQ_NP_736645-MLA106535251457_022026-O.webp,ARS,9450,,,,,,,"Tokyo Underworld, De Kenji Sakaki, Vol. 4. Editorial Ivrea Argentina (2026)",,,,False,True,Urza Comics Tienda oficial,True,MLA65257700,MLA2843212238,MLA65257700,MLAU3784365696,MLA65257700,ORGANIC,False,False,libros de terror,,,614,+9.999 resultados,https://articulo.mercadolibre.com.ar/MLA-2843212238,Llega el lunes,,,,,MLA412445,MLA-BOOKS,,CORE,CORE,,2026-09-26T20:42:15.766Z,
https://http2.mlstatic.com/D_NQ_NP_983499-MLA79742935262_102024-O.webp,ARS,45886,,,,,,,"Carrie, De King, Stephen. Editorial Plaza & Janes, Tapa Dura En Español, 2024",6 cuotas de 10323,,100.0,True,True,LIBRENTA Tienda oficial,True,MLA41997162,MLA1939893790,MLA41997162,MLAU2366938459,MLA41997162,ORGANIC,False,False,libros de terror,4.9,31.0,79,+9.999 resultados,https://articulo.mercadolibre.com.ar/MLA-1939893790,Llega gratis mañana Enviado por FULL,ÚLTIMAS 4 | ÚLTIMAS UNIDADES,,,,MLA412445,MLA-BOOKS,,CORE,CORE,,2026-09-26T20:35:45.064Z,
https://http2.mlstatic.com/D_NQ_NP_834885-MLA83064869432_032025-O.webp,ARS,25149,,,,,,,"Jujutsu Kaisen, Vol. 25, De Gege Akutami. [jujutsu Kaisen] #25, Vol. 25. Editorial Viz Media Llc, Tapa Blanda En Inglés, 2025",,,25.0,False,True,MASLIBROS Tienda oficial,True,MLA47435116,MLA3194545570,MLA47435116,MLAU3909163638,MLA47435116,ORGANIC,False,False,libros de terror,5.0,12.0,30,+9.999 resultados,https://articulo.mercadolibre.com.ar/MLA-3194545570,Llega mañana Enviado por FULL,,,,,MLA412445,MLA-BOOKS,,CORE,CORE,,2026-09-26T20:35:20.459Z,
https://http2.mlstatic.com/D_NQ_NP_847727-MLA42829164232_072020-O.webp,ARS,6500,,,,,,,En La Noche De Los Tiempos - H . P . Lovecraft,,,100.0,False,True,PYQ Tienda oficial,True,MLA21081027,MLA1869369897,MLA21081027,MLAU4192081195,MLA21081027,ORGANIC,False,False,libros de terror,4.7,,536,+9.999 resultados,https://articulo.mercadolibre.com.ar/MLA-1869369897,Llega el lunes,,,,,MLA412445,MLA-BOOKS,,CORE,CORE,,2026-09-26T20:40:58.965Z,
https://http2.mlstatic.com/D_NQ_NP_959090-MLA106283181303_012026-O.webp,ARS,15000,,,,,,,"Relatos Completos Vi - 1930-1931 - H.p. Lovecraft, De Lovecraft, H. P.. Editorial Terramar, Tapa Blanda En Español, 2023",,,,False,True,,False,MLA31377477,MLA1848540646,MLA31377477,MLAU232901927,MLA31377477,ORGANIC,False,False,libros de terror,,,696,+9.999 resultados,https://articulo.mercadolibre.com.ar/MLA-1848540646,Llega el lunes,,,,,MLA412445,MLA-BOOKS,,CORE,CORE,,2026-09-26T20:42:57.465Z,
https://http2.mlstatic.com/D_NQ_NP_624235-MLA90067512958_082025-O.webp,ARS,75430,80160,5% OFF,,,,,A Tumba Abierta - Joe Hill,Mismo precio 3 cuotas de 25143,,,True,,SBS Librerias Tienda oficial,True,MLA2269891330,MLA2269891330,,MLAU3374862266,MLAU3374862266,ORGANIC,False,False,libros de terror,,,558,+9.999 resultados,https://articulo.mercadolibre.com.ar/MLA-2269891330,Llega gratis el lunes,,,,,MLA412445,MLA-BOOKS,,CORE,CORE,,2026-09-26T20:41:27.587Z,
https://http2.mlstatic.com/D_NQ_NP_856907-MLA96792568884_112025-O.webp,ARS,9000,,,,,,,Frankenstein Shelley Malva Gradifco Nuevo ^,,,,False,,,False,MLA1574752579,MLA1574752579,,MLAU3541664856,MLAU3541664856,ORGANIC,False,False,libros de terror,,,837,+9.999 resultados,https://articulo.mercadolibre.com.ar/MLA-1574752579,Llega el lunes,¡ÚLTIMA! | ÚLTIMA UNIDAD,,,,MLA412445,MLA-BOOKS,,CORE,CORE,,2026-09-26T20:44:48.359Z,
https://http2.mlstatic.com/D_NQ_NP_702120-MLA112596703591_062026-O.webp,ARS,27650,,,,,,,Abuela Nos Espera Y Otros Cuentos De Terror - Vaccarini,,,,False,True,,False,MLA70913819,MLA3863651912,MLA70913819,MLAU4955641084,MLA70913819,ORGANIC,False,False,libros de terror,,,597,+9.999 resultados,https://articulo.mercadolibre.com.ar/MLA-3863651912,,,,,,MLA412445,MLA-BOOKS,,CORE,CORE,,2026-09-26T20:41:53.068Z,
https://http2.mlstatic.com/D_NQ_NP_660750-MLU46025525996_052021-O.webp,ARS,9400,,,,,,,"Fantasma De Canterville, El - Wilde, Oscar",,,100.0,False,True,,False,MLA22088805,MLA1336363175,MLA22088805,MLAU191785366,MLA22088805,ORGANIC,False,False,libros de terror,4.9,,166,+9.999 resultados,https://articulo.mercadolibre.com.ar/MLA-1336363175,,,,,,MLA412445,MLA-BOOKS,,CORE,CORE,,2026-09-26T20:36:29.366Z,
https://http2.mlstatic.com/D_NQ_NP_732089-MLA112698843443_062026-O.webp,ARS,18000,,,,,,,El Vampiro - John Polidori,,,,False,True,,False,MLA72063471,MLA3421463508,MLA72063471,MLAU3084473411,MLA72063471,ORGANIC,False,False,libros de terror,,,919,+9.999 resultados,https://articulo.mercadolibre.com.ar/MLA-3421463508,,,,,,MLA412445,MLA-BOOKS,,CORE,CORE,,2026-09-26T20:46:42.474Z,
https://http2.mlstatic.com/D_NQ_NP_802518-MLA79465373916_102024-O.webp,ARS,27140,29500,8% OFF,,,,,"El Retrato De Dorian Gray, De Oscar Wilde. Editorial Del Fondo Editorial, Tapa Blanda En Español, 2023",,,25.0,False,True,Yenny El Ateneo Tienda oficial,True,MLA41386452,MLA1958591186,MLA41386452,MLAU244303187,MLA41386452,ORGANIC,False,False,libros de terror,5.0,4.0,496,+9.999 resultados,https://articulo.mercadolibre.com.ar/MLA-1958591186,,ÚLTIMAS 3 | ÚLTIMAS UNIDADES,,,,MLA412445,MLA-BOOKS,,CORE,CORE,,2026-09-26T20:39:50.864Z,
https://http2.mlstatic.com/D_NQ_NP_613903-MLA104288963667_012026-O.webp,ARS,73999,,,,,,,Enriquez Nuestra Parte De Noche Lugar Soleado Gente Sombría,6 cuotas de 16648,,,True,,,False,MLA2769624644,MLA2769624644,,MLAU3723067162,MLAU3723067162,ORGANIC,False,False,libros de terror,,,825,+9.999 resultados,https://articulo.mercadolibre.com.ar/MLA-2769624644,Llega gratis el lunes,ÚLTIMAS 4 | ÚLTIMAS UNIDADES,,,,MLA412445,MLA-BOOKS,,CORE,CORE,,2026-09-26T20:43:43.962Z,
https://http2.mlstatic.com/D_NQ_NP_782957-MLA85496498349_052025-O.webp,ARS,57928,,,,,,,"Infierno Embotellado,el, De Yumeno, Kyusaku. 3798, Vol. 1. Editorial Satori Ediciones C B, Tapa Blanda En Castellano, 2025",6 cuotas de 13032,,,True,True,MASLIBROS Tienda oficial,True,MLA50812743,MLA2283293804,MLA50812743,MLAU3374587095,MLA50812743,ORGANIC,False,False,libros de terror,,,66,+9.999 resultados,https://articulo.mercadolibre.com.ar/MLA-2283293804,Llega gratis mañana Enviado por FULL,,,,,MLA412445,MLA-BOOKS,,CORE,CORE,,2026-09-26T20:35:45.064Z,
https://http2.mlstatic.com/D_NQ_NP_649347-MLA115680341037_082026-O.webp,ARS,16110,17900,10% OFF,,,,,Hay Algo Matando Niños No 07 - James Tynion Iv,,,,False,True,Eterna Cadencia Tienda oficial,True,MLA76441004,MLA1954485547,MLA76441004,MLAU4501838198,MLA76441004,ORGANIC,False,False,libros de terror,,,142,+9.999 resultados,https://articulo.mercadolibre.com.ar/MLA-1954485547,,,,,,MLA412445,MLA-BOOKS,,CORE,CORE,,2026-09-26T20:36:02.366Z,
https://http2.mlstatic.com/D_NQ_NP_703253-MLA92709143270_092025-O.webp,ARS,82900,,,,,,,No Tengas Miedo + Si Te Gusta La Oscuridad King Pack Nuevo!!,6 cuotas de 18651,,,True,,,False,MLA2387184636,MLA2387184636,,MLAU3441598676,MLAU3441598676,ORGANIC,False,False,libros de terror,,,926,+9.999 resultados,https://articulo.mercadolibre.com.ar/MLA-2387184636,Llega gratis el lunes,¡ÚLTIMA! | ÚLTIMA UNIDAD,,,,MLA412445,MLA-BOOKS,,CORE,CORE,,2026-09-26T20:46:42.556Z,
https://http2.mlstatic.com/D_NQ_NP_642684-MLA91124099202_092025-O.webp,ARS,14000,,,,,,,Blood On The Tracks #15 Ivrea,,,,False,,,False,MLA1518923651,MLA1518923651,,MLAU3394782737,MLAU3394782737,ORGANIC,False,False,libros de terror,,,828,+9.999 resultados,https://articulo.mercadolibre.com.ar/MLA-1518923651,,,,,,MLA412445,MLA-BOOKS,,CORE,CORE,,2026-09-26T20:43:43.962Z,
https://http2.mlstatic.com/D_NQ_NP_871136-MLA82478156607_022025-O.webp,ARS,89480,,,,,,,"Guy de Maupassant Cuentos completos de terror, locura y de muerte Editorial Valdemar",6 cuotas de 20131,,25.0,True,True,MASLIBROS Tienda oficial,True,MLA23320875,MLA1542244732,MLA23320875,MLAU142803684,MLA23320875,ORGANIC,False,False,libros de terror,4.8,,656,+9.999 resultados,https://articulo.mercadolibre.com.ar/MLA-1542244732,Envío gratis,,,,,MLA412445,MLA-BOOKS,,CORE,CORE,,2026-09-26T20:42:26.363Z,
https://http2.mlstatic.com/D_NQ_NP_764719-MLA79594818227_092024-O.webp,ARS,30487,32399,5% OFF,,,,,Libro Misery - Stephen King,,,25.0,True,,SBS Librerias Tienda oficial,True,MLA1373089188,MLA1373089188,,MLAU261343174,MLAU261343174,ORGANIC,False,False,libros de terror,4.8,3.0,332,+9.999 resultados,https://articulo.mercadolibre.com.ar/MLA-1373089188,Llega gratis el lunes,,,,,MLA412445,MLA-BOOKS,,CORE,CORE,,2026-09-26T20:37:45.569Z,
https://http2.mlstatic.com/D_NQ_NP_969954-MLU74736048758_032024-O.webp,ARS,6500,,,,,,,"Clasicos De Terror Ii (clasicos Juveniles Sigmar), De Ambrose Bierce. Clasicos Juveniles Editorial Sigmar, Tapa Tapa Blanda En Español, 2024",,,,False,True,,False,MLA34147378,MLA1472809463,MLA34147378,MLAU2954969283,MLA34147378,ORGANIC,False,False,libros de terror,,,665,+9.999 resultados,https://articulo.mercadolibre.com.ar/MLA-1472809463,Llega el lunes,,,,,MLA412445,MLA-BOOKS,,CORE,CORE,,2026-09-26T20:42:26.363Z,
https://http2.mlstatic.com/D_NQ_NP_911518-MLA99467986588_112025-O.webp,ARS,34700,,,,,,,"Antología De Cuentos De Terror, 1, De Aa. Vv.. Alianza Editorial, Tapa Dura En Español",,,,True,True,Libreria Hernandez Tienda oficial,True,MLA24558543,MLA1437265519,MLA24558543,MLAU403310525,MLA24558543,ORGANIC,False,False,libros de terror,,3.0,250,+9.999 resultados,https://articulo.mercadolibre.com.ar/MLA-1437265519,Llega gratis el lunes,¡ÚLTIMA! | ÚLTIMA UNIDAD,,,,MLA412445,MLA-BOOKS,,CORE,CORE,,2026-09-26T20:37:19.477Z,
https://http2.mlstatic.com/D_NQ_NP_980371-MLA45615945733_042021-O.webp,ARS,39600,,,,,,,Una Historia Del Terrorismo - Laqueur Walter,Mismo precio 3 cuotas de 13200,,,True,,,False,MLA916816532,MLA916816532,,MLAU308499392,MLAU308499392,ORGANIC,False,False,libros de terror,,,908,+9.999 resultados,https://articulo.mercadolibre.com.ar/MLA-916816532,Llega gratis mañana,,,,,MLA412445,MLA-BOOKS,,CORE,CORE,,2026-09-26T20:46:42.474Z,
https://http2.mlstatic.com/D_NQ_NP_659012-MLA90916765046_082025-O.webp,ARS,16000,,,,,,,"Terror En El Jardín, De Rik Peters. Editorial La Brujita De Papel, Tapa Blanda En Español",,,25.0,True,True,,False,MLA54214586,MLA1521753715,MLA54214586,MLAU3348641498,MLA54214586,ORGANIC,False,False,libros de terror,4.8,,709,+9.999 resultados,https://articulo.mercadolibre.com.ar/MLA-1521753715,Llega gratis el lunes,,,,,MLA412445,MLA-BOOKS,,CORE,CORE,,2026-09-26T20:42:57.465Z,
https://http2.mlstatic.com/D_NQ_NP_698472-MLU79193073351_092024-O.webp,ARS,39999,,,,,,,"La Bahia Del Espejo, De Ward, Catriona. Alianza Editorial, Tapa Blanda En Español",,,,True,True,,False,MLA30050004,MLA3478894176,MLA30050004,MLAU4059932500,MLA30050004,ORGANIC,False,False,libros de terror,,,306,+9.999 resultados,https://articulo.mercadolibre.com.ar/MLA-3478894176,Llega gratis el lunes,,,,,MLA412445,MLA-BOOKS,,CORE,CORE,,2026-09-26T20:37:45.568Z,
https://http2.mlstatic.com/D_NQ_NP_834749-MLU78939153766_092024-O.webp,ARS,31228,,,,,,,"Los Cuadernos Lovecraft Nãâº 05 La Ceremonia: La Ceremonia, De Lovecraft, H. P.., Vol. 1. Editorial Minotauro, Tapa Dura En Español",,,,False,True,MASLIBROS Tienda oficial,True,MLA40614140,MLA2099839286,MLA40614140,MLAU393821786,MLA40614140,ORGANIC,False,False,libros de terror,,,735,+9.999 resultados,https://articulo.mercadolibre.com.ar/MLA-2099839286,,,,,,MLA412445,MLA-BOOKS,,CORE,CORE,,2026-09-26T20:42:57.466Z,
https://http2.mlstatic.com/D_NQ_NP_727372-MLA112059767640_062026-O.webp,ARS,25312,,,,,,,Coleccion Relatos De Terror,,,,False,True,LIBRENTA Tienda oficial,True,MLA73529385,MLA3742445846,MLA73529385,MLAU3377003722,MLA73529385,ORGANIC,False,False,libros de terror,,,976,+9.999 resultados,https://articulo.mercadolibre.com.ar/MLA-3742445846,,,,,,MLA412445,MLA-BOOKS,,CORE,CORE,,2026-09-26T20:47:08.561Z,
https://http2.mlstatic.com/D_NQ_NP_600669-MLA117758911153_092026-O.webp,ARS,37710,41900,10% OFF,,,,,"Lo que nos siguió a casa - Antología (Agustina Bazterrica, Mariana Enriquez, Isabel Cañas y otros) - Letras De Plata - Blanda",,,,True,True,Equis Libros Tienda oficial,True,MLA79415871,MLA3963502208,MLA79415871,MLAU5115834626,MLA79415871,ORGANIC,False,False,libros de terror,,,50,+9.999 resultados,https://articulo.mercadolibre.com.ar/MLA-3963502208,Llega gratis mañana Enviado por FULL,OFERTA IMPERDIBLE,,,,MLA412445,MLA-BOOKS,,CORE,CORE,,2026-09-26T20:35:45.063Z,
https://http2.mlstatic.com/D_NQ_NP_873967-MLA79645257361_092024-O.webp,ARS,38163,,,,,,,"El Misterio De Nicole Lacroix, De Martínez, Mado. Editorial Cazador De Ratas, Tapa Blanda En Español",,,,True,True,MASLIBROS Tienda oficial,True,MLA30042596,MLA1430889179,MLA30042596,MLAU143584203,MLA30042596,ORGANIC,False,False,libros de terror,,,897,+9.999 resultados,https://articulo.mercadolibre.com.ar/MLA-1430889179,Envío gratis,,,,,MLA412445,MLA-BOOKS,,CORE,CORE,,2026-09-26T20:46:42.473Z,
https://http2.mlstatic.com/D_NQ_NP_956282-MLA99499868338_112025-O.webp,ARS,23909,,,,,,,"Drácula (piel De Clásicos), De Bram Stoker. Editorial Edimat, Tapa Dura En Español, 2022",,,100.0,False,True,LIBRENTA Tienda oficial,True,MLA23926535,MLA1918203954,MLA23926535,MLAU1176726165,MLA23926535,ORGANIC,False,False,libros de terror,4.9,102.0,3,+9.999 resultados,https://articulo.mercadolibre.com.ar/MLA-1918203954,Llega mañana Enviado por FULL,,,,,MLA412445,MLA-BOOKS,,CORE,CORE,,2026-09-26T20:35:20.457Z,
https://http2.mlstatic.com/D_NQ_NP_784054-MLA99522100286_122025-O.webp,ARS,30360,33000,8% OFF,,,,,Las Cronicas De Harris Burdick - 14 Maravillosos Autores Cue,,,25.0,True,True,La Revistería Comics Tienda oficial,True,MLA21082570,MLA1394138165,MLA21082570,MLAU255450982,MLA21082570,ORGANIC,False,False,libros de terror,5.0,,545,+9.999 resultados,https://articulo.mercadolibre.com.ar/MLA-1394138165,Llega gratis mañana,,,,,MLA412445,MLA-BOOKS,,CORE,CORE,,2026-09-26T20:40:58.966Z,
https://http2.mlstatic.com/D_NQ_NP_746603-MLA87784371918_072025-O.webp,ARS,17100,18000,5% OFF,,,,,"Los Fantasmas De Kosmopolita - Magdi Kelisek, De Kelisek, Magdi., Vol. 1. Editorial Cántaro, Tapa Blanda En Español, 2024",,,100.0,False,True,NADIR LIBROS Tienda oficial,True,MLA52695635,MLA3012757762,MLA52695635,MLAU382799249,MLA52695635,ORGANIC,False,False,libros de terror,5.0,5.0,351,+9.999 resultados,https://articulo.mercadolibre.com.ar/MLA-3012757762,,,,,,MLA412445,MLA-BOOKS,,CORE,CORE,,2026-09-26T20:38:25.366Z,
https://http2.mlstatic.com/D_NQ_NP_636796-MLA105507018934_012026-O.webp,ARS,29000,,,,,,,Frankenstein / Metamorfosis / Wilde Poe Pack X 4 Libros,,,25.0,True,,,False,MLA2817205046,MLA2817205046,,MLAU3757291325,MLAU3757291325,ORGANIC,False,False,libros de terror,4.3,,905,+9.999 resultados,https://articulo.mercadolibre.com.ar/MLA-2817205046,Llega gratis el lunes,ÚLTIMAS 4 | ÚLTIMAS UNIDADES,,,,MLA412445,MLA-BOOKS,,CORE,CORE,,2026-09-26T20:46:42.474Z,
https://http2.mlstatic.com/D_NQ_NP_687457-MLC45758460120_042021-O.webp,ARS,32900,,,,,,,Cuentos De Terror - Alberto Laiseca,,,,True,True,Libros del Camino Tienda oficial,True,MLA22093620,MLA3013070388,MLA22093620,MLAU193596441,MLA22093620,ORGANIC,False,False,libros de terror,,,537,+9.999 resultados,https://articulo.mercadolibre.com.ar/MLA-3013070388,Llega gratis el lunes,,,,,MLA412445,MLA-BOOKS,,CORE,CORE,,2026-09-26T20:40:58.965Z,
https://http2.mlstatic.com/D_NQ_NP_749595-MLA52797463785_122022-O.webp,ARS,11292,12000,5% OFF,,,,,Manga Mieruko Chan Vol. 04 Tomoki Izumi Tomos Ivrea,,,50.0,False,True,SBS Librerias Tienda oficial,True,MLA21999539,MLA1685693466,MLA21999539,MLAU234960707,MLA21999539,ORGANIC,False,False,libros de terror,5.0,,345,+9.999 resultados,https://articulo.mercadolibre.com.ar/MLA-1685693466,Llega el lunes,,,,,MLA412445,MLA-BOOKS,,CORE,CORE,,2026-09-26T20:38:25.366Z,
https://http2.mlstatic.com/D_NQ_NP_934179-MLA69498650804_052023-O.webp,ARS,20000,,,,,,,Cuentos Para Dormir Con La Luz Prendida - Santiago Tomé,,,,False,,,False,MLA1370315105,MLA1370315105,,MLAU232665941,MLAU232665941,ORGANIC,False,False,libros de terror,,,995,+9.999 resultados,https://articulo.mercadolibre.com.ar/MLA-1370315105,,,,,,MLA412445,MLA-BOOKS,,CORE,CORE,,2026-09-26T20:47:25.171Z,
https://http2.mlstatic.com/D_NQ_NP_797228-MLA115987999210_092026-O.webp,ARS,123899,,,,,,,"Libro: Subgenres Of Terror, 2nd Edition: Musical Films Of",Mismo precio 6 cuotas de 20649,,,True,,,False,MLA2078606869,MLA2078606869,,MLAU5162969346,MLAU5162969346,ORGANIC,False,False,libros de terror,,,482,+9.999 resultados,https://articulo.mercadolibre.com.ar/MLA-2078606869,Envío gratis,,,,,MLA412445,MLA-BOOKS,,CORE,CORE,,2026-09-26T20:39:50.863Z,
https://http2.mlstatic.com/D_NQ_NP_748800-MLA105086214943_012026-O.webp,ARS,48400,,,,,,,"Libro La Sombra Dark Verse 5 - Runyx, De Runyx. Editorial B, Editorial, Tapa Blanda, En Castellano",6 cuotas de 10889,,,True,True,LIBRENTA Tienda oficial,True,MLA64395549,MLA3199300540,MLA64395549,MLAU3911238054,MLA64395549,ORGANIC,False,False,libros de terror,,,576,+9.999 resultados,https://articulo.mercadolibre.com.ar/MLA-3199300540,Llega gratis mañana Enviado por FULL,,,,,MLA412445,MLA-BOOKS,,CORE,CORE,,2026-09-26T20:41:27.588Z,
https://http2.mlstatic.com/D_NQ_NP_754831-MLA118069844409_092026-O.webp,ARS,41900,,,,,,,Lo Que Nos Siguio A Casa (cuentos De Terror Latino - Pelayo,,,,True,,MUNDO LECTURA Tienda oficial,True,MLA2116748905,MLA2116748905,,MLAU5278324270,MLAU5278324270,ORGANIC,False,False,libros de terror,,,34,+9.999 resultados,https://articulo.mercadolibre.com.ar/MLA-2116748905,Envío gratis,,,,,MLA412445,MLA-BOOKS,,CORE,CORE,,2026-09-26T20:35:20.460Z,
https://http2.mlstatic.com/D_NQ_NP_733600-MLA115362941002_082026-O.webp,ARS,57500,,,,,,,Fantasmas Joe Hill Editorial Suma 2009,6 cuotas de 12936,,,True,,,False,MLA3869616194,MLA3869616194,,MLAU4976902342,MLAU4976902342,ORGANIC,False,False,libros de terror,,,32,+9.999 resultados,https://articulo.mercadolibre.com.ar/MLA-3869616194,Envío gratis,,,,,MLA412445,MLA-BOOKS,,CORE,CORE,,2026-09-26T20:35:20.459Z,
https://http2.mlstatic.com/D_NQ_NP_787165-MLA82821985946_032025-O.webp,ARS,23830,"25324,65",5% OFF,,,,,The Fortune Blackwater V Michael Mcdowell de Mcdowell Michael Editorial Penguin Tapa Blanda 2024,,,,True,True,SBS Librerias Tienda oficial,True,MLA47204579,MLA1483239331,MLA47204579,MLAU3054972623,MLA47204579,ORGANIC,False,False,libros de terror,,2.0,232,+9.999 resultados,https://articulo.mercadolibre.com.ar/MLA-1483239331,Llega gratis el lunes,,,,,MLA412445,MLA-BOOKS,,CORE,CORE,,2026-09-26T20:36:55.660Z,
https://http2.mlstatic.com/D_NQ_NP_987149-MLU70766807470_072023-O.webp,ARS,45919,,,,,,,"Libro Memorias del terrorismo en EspaÃÂ±a, de López Romo, Raúl. Editorial Los Libros de la Catarata, tapa blanda",6 cuotas de 10331,,,True,True,LIBRENTA Tienda oficial,True,MLA25404340,MLA1519121505,MLA25404340,MLAU3396539649,MLA25404340,ORGANIC,False,False,libros de terror,,,964,+9.999 resultados,https://articulo.mercadolibre.com.ar/MLA-1519121505,Envío gratis,,,,,MLA412445,MLA-BOOKS,,CORE,CORE,,2026-09-26T20:47:08.561Z,
https://http2.mlstatic.com/D_NQ_NP_887228-MLA72363826793_102023-O.webp,ARS,21500,,,,,,,"Dracula - Penguin Readers Level 3 Kel Ediciones, De Stoker, Bram. Editorial Penguin Books Ltd. En Inglés",,,50.0,True,True,PYQ Tienda oficial,True,MLA27805407,MLA2180957524,MLA27805407,MLAU3294696101,MLA27805407,ORGANIC,False,False,libros de terror,4.8,10.0,193,+9.999 resultados,https://articulo.mercadolibre.com.ar/MLA-2180957524,Llega gratis el lunes,ÚLTIMAS 3 | ÚLTIMAS UNIDADES,,,,MLA412445,MLA-BOOKS,,CORE,CORE,,2026-09-26T20:36:55.658Z,
https://http2.mlstatic.com/D_NQ_NP_893817-MLU78184732024_082024-O.webp,ARS,54000,,,,,,,"Solsticio Siniestro, De Vv. Aa.. Editorial Impedimenta Editorial S.l En Español",6 cuotas de 12149,,,True,True,Libreria Hernandez Tienda oficial,True,MLA31374073,MLA1876021498,MLA31374073,MLAU444591680,MLA31374073,ORGANIC,False,False,libros de terror,,6.0,334,+9.999 resultados,https://articulo.mercadolibre.com.ar/MLA-1876021498,Llega gratis el lunes,,,,,MLA412445,MLA-BOOKS,,CORE,CORE,,2026-09-26T20:37:45.569Z,
https://http2.mlstatic.com/D_NQ_NP_809761-MLA49202754748_022022-O.webp,ARS,32850,36500,10% OFF,,,,,Libro El Resplandor,,,500.0,False,True,Zivals Tienda oficial,True,MLA21161906,MLA1792672076,MLA21161906,MLAU380944356,MLA21161906,ORGANIC,False,False,libros de terror,4.9,160.0,4,+9.999 resultados,https://articulo.mercadolibre.com.ar/MLA-1792672076,Llega mañana Enviado por FULL,OFERTA IMPERDIBLE,,,,MLA412445,MLA-BOOKS,,CORE,CORE,,2026-09-26T20:35:20.457Z,
https://http2.mlstatic.com/D_NQ_NP_852440-MLA111531571848_062026-O.webp,ARS,12116,13170,8% OFF,,,,,"Libro el Gato Negro y otros relatos, de Edgar Allan Poe, vol. 1. Editorial Plutón, tapa blanda (2025)",,,,False,True,Yenny El Ateneo Tienda oficial,True,MLA70835261,MLA1937658279,MLA70835261,MLAU4445875629,MLA70835261,ORGANIC,False,False,libros de terror,,,205,+9.999 resultados,https://articulo.mercadolibre.com.ar/MLA-1937658279,,,,,,MLA412445,MLA-BOOKS,,CORE,CORE,,2026-09-26T20:36:55.659Z,
https://http2.mlstatic.com/D_NQ_NP_737081-MLU70670401904_072023-O.webp,ARS,26000,,,,,,,Libro Una Educación Mortal - Naomi Novik,,,500.0,True,True,,False,MLA19880453,MLA3700067462,MLA19880453,MLAU4522780832,MLA19880453,ORGANIC,False,False,libros de terror,4.8,,515,+9.999 resultados,https://articulo.mercadolibre.com.ar/MLA-3700067462,Llega gratis el lunes,,,,,MLA412445,MLA-BOOKS,,CORE,CORE,,2026-09-26T20:40:58.961Z,
https://http2.mlstatic.com/D_NQ_NP_836959-MLU74212812437_012024-O.webp,ARS,41062,,,,,,,"A Dowry Of Blood, De S. T. Gibson. Editorial Ediciones Minotauro S.a, Tapa Blanda En Español",,,,True,True,MASLIBROS Tienda oficial,True,MLA45899116,MLA1431232873,MLA45899116,MLAU143560437,MLA45899116,ORGANIC,False,False,libros de terror,,5.0,800,+9.999 resultados,https://articulo.mercadolibre.com.ar/MLA-1431232873,Envío gratis,,,,,MLA412445,MLA-BOOKS,,CORE,CORE,,2026-09-26T20:43:43.961Z,
https://http2.mlstatic.com/D_NQ_NP_987466-MLU77925857408_082024-O.webp,ARS,21560,,,,,,,"Las Estatuas Sin Cabeza, De Junji Ito., Vol. 1. Editorial Ivrea, Tapa Blanda En Español, 2024",,,50.0,True,True,UBIK Libros Comics Tienda oficial,True,MLA38878723,MLA1870752658,MLA38878723,MLAU338633474,MLA38878723,ORGANIC,False,False,libros de terror,4.7,,307,+9.999 resultados,https://articulo.mercadolibre.com.ar/MLA-1870752658,Llega gratis el lunes,,,,,MLA412445,MLA-BOOKS,,CORE,CORE,,2026-09-26T20:37:45.568Z,
https://http2.mlstatic.com/D_NQ_NP_624160-MLA79770599622_102024-O.webp,ARS,6500,,,,,,,Relatos De Horror Howard P Lovecraft E Libertador,,,50.0,False,True,,False,MLA19895957,MLA1506353659,MLA19895957,MLAU283252542,MLA19895957,ORGANIC,False,False,libros de terror,4.8,,110,+9.999 resultados,https://articulo.mercadolibre.com.ar/MLA-1506353659,Llega el lunes,,,,,MLA412445,MLA-BOOKS,,CORE,CORE,,2026-09-26T20:36:02.364Z,
https://http2.mlstatic.com/D_NQ_NP_615401-MLA80300286916_112024-O.webp,ARS,42900,,,,,,,"Los Nombres Muertos - Jesus Cañadas, De Cañadas, Jesus. Editorial Ediciones T&t, Tapa Blanda En Español, 2023",,,,True,True,,False,MLA42933248,MLA1788996043,MLA42933248,MLAU2873000057,MLA42933248,ORGANIC,False,False,libros de terror,,,431,+9.999 resultados,https://articulo.mercadolibre.com.ar/MLA-1788996043,Llega gratis el lunes,,,,,MLA412445,MLA-BOOKS,,CORE,CORE,,2026-09-26T20:38:48.174Z,
https://http2.mlstatic.com/D_NQ_NP_903493-MLU75135936167_032024-O.webp,ARS,23157,,,,,,,"El Terror De Sexto B - Loqueleo Naranja, De Reyes, Yolanda. Editorial Santillana, Tapa Blanda En Español, 2015",,,100.0,True,True,Ribera Libros Tienda oficial,True,MLA22053124,MLA1495017227,MLA22053124,MLAU3162993156,MLA22053124,ORGANIC,False,False,libros de terror,4.8,51.0,78,+9.999 resultados,https://articulo.mercadolibre.com.ar/MLA-1495017227,Llega gratis el lunes,,,,,MLA412445,MLA-BOOKS,,CORE,CORE,,2026-09-26T20:35:45.064Z,
https://http2.mlstatic.com/D_NQ_NP_718529-MLA48329807452_112021-O.webp,ARS,10450,11000,5% OFF,,,,,Chainsaw Man 08 Ivrea Manga,,,1000.0,False,True,Zivals Tienda oficial,True,MLA20944563,MLA1391329949,MLA20944563,MLAU143753023,MLA20944563,ORGANIC,False,False,libros de terror,5.0,58.0,85,+9.999 resultados,https://articulo.mercadolibre.com.ar/MLA-1391329949,Llega el lunes,,,,,MLA412445,MLA-BOOKS,,CORE,CORE,,2026-09-26T20:35:45.066Z,
https://http2.mlstatic.com/D_NQ_NP_957972-MLU70502011157_072023-O.webp,ARS,88505,,,,,,,"Dia De Los Trifidos, El, De Wyndham, John. Editorial Minotauro En Español",6 cuotas de 19912,,,True,True,,False,MLA21101323,MLA1457761711,MLA21101323,MLAU278144349,MLA21101323,ORGANIC,False,False,libros de terror,,,287,+9.999 resultados,https://articulo.mercadolibre.com.ar/MLA-1457761711,Envío gratis,,,,,MLA412445,MLA-BOOKS,,CORE,CORE,,2026-09-26T20:37:19.557Z,
https://http2.mlstatic.com/D_NQ_NP_724978-MLU75043733767_032024-O.webp,ARS,16200,,,,,,,20 Poemas De Terror Y Una Cancion Disparatada,,,50.0,True,True,,False,MLA21270757,MLA2460623600,MLA21270757,MLAU3499186236,MLA21270757,ORGANIC,False,False,libros de terror,4.8,,83,+9.999 resultados,https://articulo.mercadolibre.com.ar/MLA-2460623600,Llega gratis el lunes,,,,,MLA412445,MLA-BOOKS,,CORE,CORE,,2026-09-26T20:35:45.066Z,
https://http2.mlstatic.com/D_NQ_NP_932339-MLA90363912585_082025-O.webp,ARS,48000,,,,,,,La Llamada De Cthulhu - H. P. Lovecraft (alianza),6 cuotas de 10799,,,True,,,False,MLA1515583481,MLA1515583481,,MLAU3372320330,MLAU3372320330,ORGANIC,False,False,libros de terror,,,992,+9.999 resultados,https://articulo.mercadolibre.com.ar/MLA-1515583481,Llega gratis el lunes,,,,,MLA412445,MLA-BOOKS,,CORE,CORE,,2026-09-26T20:47:25.171Z,
https://http2.mlstatic.com/D_NQ_NP_842916-MLU78230147230_082024-O.webp,ARS,58113,,,,,,,"Libro Ensamblajes Terroristas: El Homonacionalismo En Ti - Jasbir, de Jasbir K. Puar. Editorial Ediciones Bellaterra",6 cuotas de 13074,,,True,True,MASLIBROS Tienda oficial,True,MLA26506606,MLA1541010432,MLA26506606,MLAU194036583,MLA26506606,ORGANIC,False,False,libros de terror,,,790,+9.999 resultados,https://articulo.mercadolibre.com.ar/MLA-1541010432,Envío gratis,,,,,MLA412445,MLA-BOOKS,,CORE,CORE,,2026-09-26T20:43:43.960Z,
https://http2.mlstatic.com/D_NQ_NP_776674-MLU78565514086_082024-O.webp,ARS,47922,,,,,,,"Como Vender Una Casa Encantada, De Grady Hendrix. Editorial Ediciones Minotauro S.a En Español",6 cuotas de 10781,,,True,True,MASLIBROS Tienda oficial,True,MLA30386651,MLA1431318093,MLA30386651,MLAU144532308,MLA30386651,ORGANIC,False,False,libros de terror,,1.0,895,+9.999 resultados,https://articulo.mercadolibre.com.ar/MLA-1431318093,Envío gratis,,,,,MLA412445,MLA-BOOKS,,CORE,CORE,,2026-09-26T20:46:42.473Z,
https://http2.mlstatic.com/D_NQ_NP_697748-MLU79094031686_092024-O.webp,ARS,19900,,,,,,,"Casa De Los Siete Tejados, La, De Hawthorne, Nathaniel., Vol. 1. Editorial Sudamericana, Tapa Tapa Blanda En Español",,,,True,True,,False,MLA40904917,MLA1512645025,MLA40904917,MLAU3331831719,MLA40904917,ORGANIC,False,False,libros de terror,,,399,+9.999 resultados,https://articulo.mercadolibre.com.ar/MLA-1512645025,Llega gratis el lunes,,,,,MLA412445,MLA-BOOKS,,CORE,CORE,,2026-09-26T20:38:48.173Z,
https://http2.mlstatic.com/D_NQ_NP_676324-MLA46958705578_082021-O.webp,ARS,16000,,,,,,,La Estrella De Fuego - Avila - Salim,,,,False,True,CASASSA Y LORENZO LIBREROS Tienda oficial,True,MLA22112244,MLA3629477424,MLA22112244,MLAU4252700477,MLA22112244,ORGANIC,False,False,libros de terror,,,324,+9.999 resultados,https://articulo.mercadolibre.com.ar/MLA-3629477424,,,,,,MLA412445,MLA-BOOKS,,CORE,CORE,,2026-09-26T20:37:45.568Z,
https://http2.mlstatic.com/D_NQ_NP_988186-MLA112686015663_062026-O.webp,ARS,27160,,,,,,,"Libro Mujer De La Habitacion 11,la, De Ware, Ruth, Vol. 1. Editorial Newton Compton Editores, Tapa Blanda (2026)",,,,False,True,MASLIBROS Tienda oficial,True,MLA71893306,MLA3995198802,MLA71893306,MLAU3932886796,MLA71893306,ORGANIC,False,False,libros de terror,,,520,+9.999 resultados,https://articulo.mercadolibre.com.ar/MLA-3995198802,,,,,,MLA412445,MLA-BOOKS,,CORE,CORE,,2026-09-26T20:40:58.961Z,
https://http2.mlstatic.com/D_NQ_NP_703793-MLA113174832407_062026-O.webp,ARS,53800,,,,,,,Libro Sangre 2 - Clive Barker,6 cuotas de 12104,,,True,True,,False,MLA73460357,MLA3463481256,MLA73460357,MLAU238035418,MLA73460357,ORGANIC,False,False,libros de terror,,,917,+9.999 resultados,https://articulo.mercadolibre.com.ar/MLA-3463481256,Envío gratis,,,,,MLA412445,MLA-BOOKS,,CORE,CORE,,2026-09-26T20:46:42.474Z,
https://http2.mlstatic.com/D_NQ_NP_936319-MLU76558562496_052024-O.webp,ARS,66550,,,,,,,"Libro - Crossed 07 - Lapham, Zanier Y Otros, De Lapham Zanier Y S. Editorial Paniniics En Español",6 cuotas de 14972,,,True,True,ENTELEQUIA Tienda oficial,True,MLA37383248,MLA3517625694,MLA37383248,MLAU281650632,MLA37383248,ORGANIC,False,False,libros de terror,,,923,+9.999 resultados,https://articulo.mercadolibre.com.ar/MLA-3517625694,Llega gratis el lunes,,,,,MLA412445,MLA-BOOKS,,CORE,CORE,,2026-09-26T20:46:42.474Z,
https://http2.mlstatic.com/D_NQ_NP_869155-MLA49084861988_022022-O.webp,ARS,24613,,,,,,,"Libro Guerra Mundial Z - Brooks, Max",,,100.0,False,True,LIBRENTA Tienda oficial,True,MLA22008558,MLA1894804498,MLA22008558,MLAU408774992,MLA22008558,ORGANIC,False,False,libros de terror,4.9,42.0,6,+9.999 resultados,https://articulo.mercadolibre.com.ar/MLA-1894804498,Llega mañana Enviado por FULL,,,,,MLA412445,MLA-BOOKS,,CORE,CORE,,2026-09-26T20:35:20.457Z,
https://http2.mlstatic.com/D_NQ_NP_678016-MLA111561305648_062026-O.webp,ARS,9450,,,,,,,"Libro TOKYO UNDERWORLD, de Kenji Sakaki, vol. 6. Editorial Ivrea, tapa blanda",,,,False,True,Urza Comics Tienda oficial,True,MLA71564209,MLA3425036174,MLA71564209,MLAU3988430567,MLA71564209,ORGANIC,False,False,libros de terror,,,732,+9.999 resultados,https://articulo.mercadolibre.com.ar/MLA-3425036174,Llega el lunes,,,,,MLA412445,MLA-BOOKS,,CORE,CORE,,2026-09-26T20:42:57.465Z,
https://http2.mlstatic.com/D_NQ_NP_840705-MLA117226846325_092026-O.webp,ARS,29797,,,,,,,Crudely Drawn - Heather Ann Larson,,,,False,,MASLIBROS Tienda oficial,True,MLA2064012845,MLA2064012845,,MLAU5084398073,MLAU5084398073,ORGANIC,False,False,libros de terror,,,466,+9.999 resultados,https://articulo.mercadolibre.com.ar/MLA-2064012845,,,,,,MLA412445,MLA-BOOKS,,CORE,CORE,,2026-09-26T20:39:20.663Z,
https://http2.mlstatic.com/D_NQ_NP_843116-MLA99940588445_112025-O.webp,ARS,35972,37900,5% OFF,,,,,"Misery, De King, Stephen. Editorial Debolsillo, Tapa Blanda En Español, 2019",,,50.0,True,True,Zivals Tienda oficial,True,MLA24550195,MLA1623078345,MLA24550195,MLAU3688747161,MLA24550195,ORGANIC,False,False,libros de terror,4.8,89.0,98,+9.999 resultados,https://articulo.mercadolibre.com.ar/MLA-1623078345,Llega gratis mañana Enviado por FULL,ÚLTIMAS 4 | ÚLTIMAS UNIDADES,,,,MLA412445,MLA-BOOKS,,CORE,CORE,,2026-09-26T20:36:02.363Z,
https://http2.mlstatic.com/D_NQ_NP_962263-MLA99535832086_122025-O.webp,ARS,31053,33000,5% OFF,,,,,"Los Elementales - Michael Mcdowell, De Mcdowell, Michael. Editorial La Bestia Equilátera, Tapa Blanda En Español, 2018",,,100.0,True,True,SBS Librerias Tienda oficial,True,MLA22070944,MLA1458130280,MLA22070944,MLAU222959456,MLA22070944,ORGANIC,False,False,libros de terror,4.8,39.0,267,+9.999 resultados,https://articulo.mercadolibre.com.ar/MLA-1458130280,Llega gratis el lunes,OFERTA IMPERDIBLE,,,,MLA412445,MLA-BOOKS,,CORE,CORE,,2026-09-26T20:37:19.479Z,
https://http2.mlstatic.com/D_NQ_NP_974390-MLA106258775465_012026-O.webp,ARS,45000,,,,,,,Dracula Edicion Deluxe Bram Stoker,,,,True,,Temanun Tienda oficial,True,MLA2821915506,MLA2821915506,,MLAU3769817090,MLAU3769817090,ORGANIC,False,False,libros de terror,,,358,+9.999 resultados,https://articulo.mercadolibre.com.ar/MLA-2821915506,Llega gratis el lunes,,,,,MLA412445,MLA-BOOKS,,CORE,CORE,,2026-09-26T20:38:25.366Z,
https://http2.mlstatic.com/D_NQ_NP_608207-MLA44074736386_112020-O.webp,ARS,11500,,,,,,,Crueler Than Dead Manga Utopia Varios Tomos Anime,,,,False,True,,False,MLA22635642,MLA1776393994,MLA22635642,MLAU133628242,MLA22635642,ORGANIC,False,False,libros de terror,,,869,+9.999 resultados,https://articulo.mercadolibre.com.ar/MLA-1776393994,,,,,,MLA412445,MLA-BOOKS,,CORE,CORE,,2026-09-26T20:45:19.265Z,
https://http2.mlstatic.com/D_NQ_NP_603144-MLA91652299497_092025-O.webp,ARS,41309,43900,5% OFF,,,,,Calliope - La Voz De Las Llamas - Michael Mcdowell,Mismo precio 3 cuotas de 13769,,,True,,SBS Librerias Tienda oficial,True,MLA2305104328,MLA2305104328,,MLAU3393591650,MLAU3393591650,ORGANIC,False,False,libros de terror,,,799,+9.999 resultados,https://articulo.mercadolibre.com.ar/MLA-2305104328,Llega gratis el lunes,,,,,MLA412445,MLA-BOOKS,,CORE,CORE,,2026-09-26T20:43:43.961Z,
https://http2.mlstatic.com/D_NQ_NP_915605-MLU69419520780_052023-O.webp,ARS,14399,,,,,,,"Tren Fantasma: Espiritus Perdidos, De Ángeles Durini. Serie Tren Fantasma Editorial Guadal - La Letra Del Gato, Tapa Blanda, Edición 1 En Español, 2022",,,25.0,False,True,,False,MLA23307636,MLA1380431209,MLA23307636,MLAU130888112,MLA23307636,ORGANIC,False,False,libros de terror,,,381,+9.999 resultados,https://articulo.mercadolibre.com.ar/MLA-1380431209,Llega el lunes,,,,,MLA412445,MLA-BOOKS,,CORE,CORE,,2026-09-26T20:38:25.457Z,
https://http2.mlstatic.com/D_NQ_NP_685712-MLA99937002885_112025-O.webp,ARS,18000,,,,,,,Libro Alguien Llama A La Ventana De Cristina Bajo,,,25.0,False,True,,False,MLA22216619,MLA1492343353,MLA22216619,MLAU3143923705,MLA22216619,ORGANIC,False,False,libros de terror,5.0,,632,+9.999 resultados,https://articulo.mercadolibre.com.ar/MLA-1492343353,,,,,,MLA412445,MLA-BOOKS,,CORE,CORE,,2026-09-26T20:42:15.766Z,
https://http2.mlstatic.com/D_NQ_NP_606346-MLU76380309266_052024-O.webp,ARS,42900,,,,,,,Libro Si Te Gusta La Oscuridad - Stephen King,,,100.0,True,True,,False,MLA37044655,MLA1457617387,MLA37044655,MLAU2586208277,MLA37044655,ORGANIC,False,False,libros de terror,4.8,,382,+9.999 resultados,https://articulo.mercadolibre.com.ar/MLA-1457617387,Llega gratis el lunes,,,,,MLA412445,MLA-BOOKS,,CORE,CORE,,2026-09-26T20:38:25.457Z,
https://http2.mlstatic.com/D_NQ_NP_799180-MLA116612554696_092026-O.webp,ARS,166299,,,,,,,Libro: Kristallnacht: The Nazi Terror That Began The (the,Mismo precio 6 cuotas de 27716,,,True,,,False,MLA2120699333,MLA2120699333,,MLAU5251932739,MLAU5251932739,ORGANIC,False,False,libros de terror,,,491,+9.999 resultados,https://articulo.mercadolibre.com.ar/MLA-2120699333,Envío gratis,,,,,MLA412445,MLA-BOOKS,,CORE,CORE,,2026-09-26T20:39:50.863Z,
https://http2.mlstatic.com/D_NQ_NP_634186-MLU77620723513_072024-O.webp,ARS,47699,52999,10% OFF,,,,,"El Visitante - Stephen King, de King, Stephen. Editorial Plaza & Janes, tapa blanda en español, 2018",6 cuotas de 10731,,500.0,True,True,NADIR LIBROS Tienda oficial,True,MLA19812341,MLA1255315698,MLA19812341,MLAU215927788,MLA19812341,ORGANIC,False,False,libros de terror,4.8,55.0,119,+9.999 resultados,https://articulo.mercadolibre.com.ar/MLA-1255315698,Envío gratis,¡ÚLTIMA! | ÚLTIMA UNIDAD,,,,MLA412445,MLA-BOOKS,,CORE,CORE,,2026-09-26T20:36:02.364Z,
https://http2.mlstatic.com/D_NQ_NP_653347-MLA88225072331_072025-O.webp,ARS,24735,,,,,,,"Cuentos De Edgar Allan Poe, De Edgar Allan Poe. Editorial Booket, Tapa Blanda, Edición Booket En Español",,2000 ARS OFF con Cupón,,True,True,,False,MLA52972475,MLA2198779464,MLA52972475,MLAU3262767171,MLA52972475,ORGANIC,False,False,libros de terror,,7.0,901,+9.999 resultados,https://articulo.mercadolibre.com.ar/MLA-2198779464,Llega gratis hoy,,,,,MLA412445,MLA-BOOKS,,CORE,CORE,,2026-09-26T20:46:42.473Z,
https://http2.mlstatic.com/D_NQ_NP_864013-MLA108325250249_032026-O.webp,ARS,228150,,,,,,,"Libro The H. P. Lovecraft Experience - Deluxe Box Set, De Lovecraft, Howard Phillips. Editorial Weldon Owen International, Tapa Dura, En Inglés Internacional (2025)",6 cuotas de 51329,,,True,True,,False,MLA66347598,MLA2109012957,MLA66347598,MLAU4506225594,MLA66347598,ORGANIC,False,False,libros de terror,,,251,+9.999 resultados,https://articulo.mercadolibre.com.ar/MLA-2109012957,Llega gratis el lunes,,,,,MLA412445,MLA-BOOKS,,CORE,CORE,,2026-09-26T20:37:19.477Z,
https://http2.mlstatic.com/D_NQ_NP_791691-MLA110523670181_042026-O.webp,ARS,23594,"25073,69",5% OFF,,,,,"Outsider, The",,,,True,True,SBS Librerias Tienda oficial,True,MLA68170246,MLA3923324460,MLA68170246,MLAU3811989766,MLA68170246,ORGANIC,False,False,libros de terror,,,524,+9.999 resultados,https://articulo.mercadolibre.com.ar/MLA-3923324460,Llega gratis el lunes,,,,,MLA412445,MLA-BOOKS,,CORE,CORE,,2026-09-26T20:40:58.961Z,
https://http2.mlstatic.com/D_NQ_NP_777638-MLA116418298896_092026-O.webp,ARS,41900,,,,,,,Lo Que Nos Siguió A Casa: Cuentos De Terror Latino,,,,True,,Deser Libros Tienda oficial,True,MLA2106888607,MLA2106888607,,MLAU5213658291,MLAU5213658291,ORGANIC,False,False,libros de terror,,,10,+9.999 resultados,https://articulo.mercadolibre.com.ar/MLA-2106888607,Llega gratis el lunes,,,,,MLA412445,MLA-BOOKS,,CORE,CORE,,2026-09-26T20:35:20.458Z,
https://http2.mlstatic.com/D_NQ_NP_661130-MLU70918663575_082023-O.webp,ARS,34990,,,,,,,"Libro EL PRINCIPE LESTAT Y LOS REINOS DE LA ATLANTIDA (CRONICAS VAMPIRICAS 12), de Rice, Anne. Editorial B, tapa blanda",,,,True,True,,False,MLA25612605,MLA3278197614,MLA25612605,MLAU3163874820,MLA25612605,ORGANIC,False,False,libros de terror,,,197,+9.999 resultados,https://articulo.mercadolibre.com.ar/MLA-3278197614,Llega gratis el lunes,,,,,MLA412445,MLA-BOOKS,,CORE,CORE,,2026-09-26T20:36:55.659Z,
https://http2.mlstatic.com/D_NQ_NP_859138-MLA53145815751_012023-O.webp,ARS,27440,,,,,,,Saga De Swamp Thing Libro 05 (2ª Ed.) - Moore Alan,,,25.0,True,True,UBIK Libros Comics Tienda oficial,True,MLA21380049,MLA2830479218,MLA21380049,MLAU202244463,MLA21380049,ORGANIC,False,False,libros de terror,4.8,3.0,604,+9.999 resultados,https://articulo.mercadolibre.com.ar/MLA-2830479218,Llega gratis el lunes,,,,,MLA412445,MLA-BOOKS,,CORE,CORE,,2026-09-26T20:42:15.765Z,
https://http2.mlstatic.com/D_NQ_NP_941792-MLA97972714988_112025-O.webp,ARS,31999,,,,,,,"Holly, De Stephen King. Editorial Debolsillo - Penguin Random House (2025)",,,50.0,True,True,,False,MLA62192428,MLA2911503318,MLA62192428,MLAU3527142223,MLA62192428,ORGANIC,False,False,libros de terror,4.8,26.0,82,+9.999 resultados,https://articulo.mercadolibre.com.ar/MLA-2911503318,Llega gratis el lunes,ÚLTIMAS 2 | ÚLTIMAS UNIDADES,,,,MLA412445,MLA-BOOKS,,CORE,CORE,,2026-09-26T20:35:45.065Z,
https://http2.mlstatic.com/D_NQ_NP_829070-MLA43980552611_112020-O.webp,ARS,47434,52999,10% OFF,,,,,El Misterio De Salem's Lot (bolsillo) - Stephen King,Mismo precio 3 cuotas de 15811,,,True,,Yenny El Ateneo Tienda oficial,True,MLA886632686,MLA886632686,,MLAU268373116,MLAU268373116,ORGANIC,False,False,libros de terror,,1.0,784,+9.999 resultados,https://articulo.mercadolibre.com.ar/MLA-886632686,Llega gratis mañana Enviado por FULL,¡ÚLTIMA! | ÚLTIMA UNIDAD,,,,MLA412445,MLA-BOOKS,,CORE,CORE,,2026-09-26T20:43:22.772Z,
https://http2.mlstatic.com/D_NQ_NP_874196-MLA82208171121_022025-O.webp,ARS,12000,,,,,,,Bram Stoker - Drácula,,,,False,,,False,MLA1929026444,MLA1929026444,,MLAU1998418672,MLAU1998418672,ORGANIC,False,False,libros de terror,,1.0,588,+9.999 resultados,https://articulo.mercadolibre.com.ar/MLA-1929026444,Llega el lunes,,,,,MLA412445,MLA-BOOKS,,CORE,CORE,,2026-09-26T20:41:27.659Z,
https://http2.mlstatic.com/D_NQ_NP_635609-MLA110945007187_042026-O.webp,ARS,111396,,,,,,,"Los Simpson: La Casa-arbol Del Terror 2 - Groening, Matt",6 cuotas de 25062,,,True,,MASLIBROS Tienda oficial,True,MLA1765976749,MLA1765976749,,MLAU3919644961,MLAU3919644961,ORGANIC,False,False,libros de terror,,,798,+9.999 resultados,https://articulo.mercadolibre.com.ar/MLA-1765976749,Envío gratis,,,,,MLA412445,MLA-BOOKS,,CORE,CORE,,2026-09-26T20:43:43.961Z,
https://http2.mlstatic.com/D_NQ_NP_911027-MCO48867161169_012022-O.webp,ARS,24605,,,,,,,Libro El Cuervo,,,50.0,True,True,,False,MLA22103568,MLA1493916685,MLA22103568,MLAU3156435494,MLA22103568,ORGANIC,False,False,libros de terror,4.9,1.0,240,+9.999 resultados,https://articulo.mercadolibre.com.ar/MLA-1493916685,Llega gratis el lunes,¡ÚLTIMA! | ÚLTIMA UNIDAD,,,,MLA412445,MLA-BOOKS,,CORE,CORE,,2026-09-26T20:36:55.663Z,
https://http2.mlstatic.com/D_NQ_NP_605331-MLA81008063965_112024-O.webp,ARS,38700,,,,,,,"Negro Tal Vez, De Veres, Attila., Vol. 1. Editorial Sexto Piso, Tapa Blanda En Spa, 2024",,,100.0,True,True,Libreria Hernandez Tienda oficial,True,MLA44020453,MLA2432918284,MLA44020453,MLAU3479474988,MLA44020453,ORGANIC,False,False,libros de terror,4.9,,291,+9.999 resultados,https://articulo.mercadolibre.com.ar/MLA-2432918284,Llega gratis el lunes,,,,,MLA412445,MLA-BOOKS,,CORE,CORE,,2026-09-26T20:37:45.567Z,
https://http2.mlstatic.com/D_NQ_NP_823045-MLA112401915293_052026-O.webp,ARS,32935,35000,5% OFF,,,,,"Cómic, Batman Patrones Oscuros / Ovni",,,100.0,True,True,SBS Librerias Tienda oficial,True,MLA70467022,MLA3613297926,MLA70467022,MLAU4098698010,MLA70467022,ORGANIC,False,False,libros de terror,4.9,19.0,212,+9.999 resultados,https://articulo.mercadolibre.com.ar/MLA-3613297926,Llega gratis el lunes,ÚLTIMAS 2 | ÚLTIMAS UNIDADES,,,,MLA412445,MLA-BOOKS,,CORE,CORE,,2026-09-26T20:36:55.659Z,
https://http2.mlstatic.com/D_NQ_NP_773272-MLA54983975273_052023-O.webp,ARS,29900,,,,,,,Batman: Terrores Nocturnos N°22 - Salvat - Los Germanes,,,,False,,LOS GERMANES Tienda oficial,True,MLA881485863,MLA881485863,,MLAU301091026,MLAU301091026,ORGANIC,False,False,libros de terror,,,718,+9.999 resultados,https://articulo.mercadolibre.com.ar/MLA-881485863,,,,,,MLA412445,MLA-BOOKS,,CORE,CORE,,2026-09-26T20:42:57.465Z,
https://http2.mlstatic.com/D_NQ_NP_706319-MLU74156631380_012024-O.webp,ARS,32000,,,,,,,"Katie, De Mcdowell, Michael. Serie N/a, Vol. Volumen Unico. Editorial La Bestia Equilatera, Tapa Blanda, Edición 1 En Español",,,100.0,True,True,,False,MLA30743074,MLA3995678460,MLA30743074,MLAU5310584106,MLA30743074,ORGANIC,False,False,libros de terror,4.9,,360,+9.999 resultados,https://articulo.mercadolibre.com.ar/MLA-3995678460,Llega gratis el lunes,,,,,MLA412445,MLA-BOOKS,,CORE,CORE,,2026-09-26T20:38:25.456Z,
https://http2.mlstatic.com/D_NQ_NP_811577-MLA111553825178_062026-O.webp,ARS,18602,,,,,,,No Te Despiertes - Liz Lawler,,,,False,True,LIBRENTA Tienda oficial,True,MLA71391453,MLA1820616015,MLA71391453,MLAU3741033865,MLA71391453,ORGANIC,False,False,libros de terror,,2.0,450,+9.999 resultados,https://articulo.mercadolibre.com.ar/MLA-1820616015,,,,,,MLA412445,MLA-BOOKS,,CORE,CORE,,2026-09-26T20:39:20.662Z,
https://http2.mlstatic.com/D_NQ_NP_896525-MLU78048177699_072024-O.webp,ARS,22500,,,,,,,"El Viaje Del Señor Morrinson - Coleccion Oscuros, De Chavetta Juan. Editorial Gerbera Ediciones, Tapa Dura En Español, 2023",,,,True,True,,False,MLA37384286,MLA2412821284,MLA37384286,MLAU3444581153,MLA37384286,ORGANIC,False,False,libros de terror,,,228,+9.999 resultados,https://articulo.mercadolibre.com.ar/MLA-2412821284,Llega gratis el lunes,,,,,MLA412445,MLA-BOOKS,,CORE,CORE,,2026-09-26T20:36:55.660Z,
https://http2.mlstatic.com/D_NQ_NP_632721-MLA82657299958_032025-O.webp,ARS,65000,,,,,,,The Terror - Dan Simmons - Libro En Ingles,6 cuotas de 14623,,,True,,,False,MLA1481234121,MLA1481234121,,MLAU3053876559,MLAU3053876559,ORGANIC,False,False,libros de terror,,,951,+9.999 resultados,https://articulo.mercadolibre.com.ar/MLA-1481234121,Envío gratis,,,,,MLA412445,MLA-BOOKS,,CORE,CORE,,2026-09-26T20:47:08.560Z,
https://http2.mlstatic.com/D_NQ_NP_615795-MLU74480111915_022024-O.webp,ARS,38812,,,,,,,"Terrorismo, Tortura Y Derecho Penal. Respuestas En Situaciones De Emergencia., De Ambos, Kai. Editorial Atelier Libros S.a., Tapa Blanda En Español",,,,True,True,LIBRENTA Tienda oficial,True,MLA32558411,MLA2260323806,MLA32558411,MLAU3364795011,MLA32558411,ORGANIC,False,False,libros de terror,,,947,+9.999 resultados,https://articulo.mercadolibre.com.ar/MLA-2260323806,Envío gratis,,,,,MLA412445,MLA-BOOKS,,CORE,CORE,,2026-09-26T20:47:08.560Z,
https://http2.mlstatic.com/D_NQ_NP_868456-MLU77889439270_082024-O.webp,ARS,10500,,,,,,,Donde Viven Los Fantasmas - Olga Drennen,,,25.0,False,True,,False,MLA22633819,MLA2282666460,MLA22633819,MLAU3371590831,MLA22633819,ORGANIC,False,False,libros de terror,5.0,,797,+9.999 resultados,https://articulo.mercadolibre.com.ar/MLA-2282666460,Llega el lunes,,,,,MLA412445,MLA-BOOKS,,CORE,CORE,,2026-09-26T20:43:43.961Z,
https://http2.mlstatic.com/D_NQ_NP_933047-MLU74001560206_012024-O.webp,ARS,4390,,,,,,,El Fantasma Malvado (letra Mayuscula) - Col. Terrible Terror,,,50.0,False,True,,False,MLA22066707,MLA1488070090,MLA22066707,MLAU203351434,MLA22066707,ORGANIC,False,False,libros de terror,5.0,2.0,502,+9.999 resultados,https://articulo.mercadolibre.com.ar/MLA-1488070090,Llega el lunes,,,,,MLA412445,MLA-BOOKS,,CORE,CORE,,2026-09-26T20:40:58.960Z,
https://http2.mlstatic.com/D_NQ_NP_875947-MLA110602605990_052026-O.webp,ARS,79000,,,,,,,El Enemigo Interior - Ramon Mendez Gonzalez,6 cuotas de 17773,,,True,True,ENTELEQUIA Tienda oficial,True,MLA69511290,MLA3326246570,MLA69511290,MLAU3840499712,MLA69511290,ORGANIC,False,False,libros de terror,,,465,+9.999 resultados,https://articulo.mercadolibre.com.ar/MLA-3326246570,Llega gratis el lunes,,,,,MLA412445,MLA-BOOKS,,CORE,CORE,,2026-09-26T20:39:20.663Z,
https://http2.mlstatic.com/D_NQ_NP_753628-MLA91305804873_082025-O.webp,ARS,22962,,,,,,,"Calma Color. El Extraño Mundo De Jack: N/a, De Disney. N/a, Vol. 1. Editorial Planeta, Tapa Blanda, Edición En Español, 2025",,2000 ARS OFF con Cupón,25.0,True,True,,False,MLA54209882,MLA1548122015,MLA54209882,MLAU3333147407,MLA54209882,ORGANIC,False,False,libros de terror,5.0,6.0,363,+9.999 resultados,https://articulo.mercadolibre.com.ar/MLA-1548122015,Llega gratis hoy,ÚLTIMAS 3 | ÚLTIMAS UNIDADES,,,,MLA412445,MLA-BOOKS,,CORE,CORE,,2026-09-26T20:38:25.457Z,
https://http2.mlstatic.com/D_NQ_NP_949127-MLA115762366718_092026-O.webp,ARS,76980,,,,,,,Turtle Terror Charlotte Gibson Mysteries - Jasmine Webb,6 cuotas de 17319,,,True,,,False,MLA2063721465,MLA2063721465,,MLAU5116948070,MLAU5116948070,ORGANIC,False,False,libros de terror,,,469,+9.999 resultados,https://articulo.mercadolibre.com.ar/MLA-2063721465,Envío gratis,,,,,MLA412445,MLA-BOOKS,,CORE,CORE,,2026-09-26T20:39:20.663Z,
https://http2.mlstatic.com/D_NQ_NP_878723-MLU75556576532_042024-O.webp,ARS,18237,,,,,,,"45 Juegos De Terror, De Varios Autores. Editorial Auzou, Tapa Blanda En Español",,,,False,True,LIBRENTA Tienda oficial,True,MLA35655818,MLA3184057826,MLA35655818,MLAU3905030720,MLA35655818,ORGANIC,False,False,libros de terror,,,936,+9.999 resultados,https://articulo.mercadolibre.com.ar/MLA-3184057826,,,,,,MLA412445,MLA-BOOKS,,CORE,CORE,,2026-09-26T20:47:08.560Z,
https://http2.mlstatic.com/D_NQ_NP_725435-MLU79040558690_092024-O.webp,ARS,61680,,,,,,,"Eco, De Olde Heuvelt, Thomas. Editorial Nocturna Ediciones, S.l En Español",6 cuotas de 13876,,,True,True,REFUGIO DEL LECTOR Tienda oficial,True,MLA30393702,MLA2013977317,MLA30393702,MLAU4604334051,MLA30393702,ORGANIC,False,False,libros de terror,,,429,+9.999 resultados,https://articulo.mercadolibre.com.ar/MLA-2013977317,Envío gratis,,,,,MLA412445,MLA-BOOKS,,CORE,CORE,,2026-09-26T20:38:48.174Z,
https://http2.mlstatic.com/D_NQ_NP_629726-MCO49274782179_032022-O.webp,ARS,26329,,,,,,,Libro El Psicoanalista John Katzenbach tapa blanda,,,100.0,False,True,LIBRENTA Tienda oficial,True,MLA22100500,MLA1437209649,MLA22100500,MLAU398644782,MLA22100500,ORGANIC,False,False,libros de terror,4.9,96.0,8,+9.999 resultados,https://articulo.mercadolibre.com.ar/MLA-1437209649,Llega mañana Enviado por FULL,,,,,MLA412445,MLA-BOOKS,,CORE,CORE,,2026-09-26T20:35:20.457Z,
https://http2.mlstatic.com/D_NQ_NP_603769-MLU77949405195_072024-O.webp,ARS,38899,,,,,,,En Las Montañas De La Locura Nº 02/02 - H. P. Lovecraft,,,50.0,True,True,ENTELEQUIA Tienda oficial,True,MLA19877168,MLA1761661871,MLA19877168,MLAU3923857556,MLA19877168,ORGANIC,False,False,libros de terror,4.9,14.0,156,+9.999 resultados,https://articulo.mercadolibre.com.ar/MLA-1761661871,Llega gratis el lunes,ÚLTIMAS 3 | ÚLTIMAS UNIDADES,,,,MLA412445,MLA-BOOKS,,CORE,CORE,,2026-09-26T20:36:29.366Z,
https://http2.mlstatic.com/D_NQ_NP_696183-MLA111541757308_062026-O.webp,ARS,39522,42000,5% OFF,,,,,Flash Vol. 3: Conflicto Elemental - William M. - Ovni Press,Mismo precio 3 cuotas de 13174,,25.0,True,True,SBS Librerias Tienda oficial,True,MLA71111978,MLA1891025195,MLA71111978,MLAU4206309014,MLA71111978,ORGANIC,False,False,libros de terror,4.6,,542,+9.999 resultados,https://articulo.mercadolibre.com.ar/MLA-1891025195,Llega gratis el lunes,,,,,MLA412445,MLA-BOOKS,,CORE,CORE,,2026-09-26T20:40:58.966Z,
https://http2.mlstatic.com/D_NQ_NP_697426-MLU70653136185_072023-O.webp,ARS,46182,,,,,,,Libro El Culto A La Reina Araña S.A. Sidor Editorial Minotauro Tapa Blanda,6 cuotas de 10390,,,True,True,MASLIBROS Tienda oficial,True,MLA24759677,MLA1381155463,MLA24759677,MLAU143368001,MLA24759677,ORGANIC,False,False,libros de terror,,,441,+9.999 resultados,https://articulo.mercadolibre.com.ar/MLA-1381155463,Envío gratis,,,,,MLA412445,MLA-BOOKS,,CORE,CORE,,2026-09-26T20:39:20.662Z,
https://http2.mlstatic.com/D_NQ_NP_861741-MLA117445181021_092026-O.webp,ARS,86499,,,,,,,Libro:  Broken Chains: His Stairway To Terror ,Mismo precio 6 cuotas de 14416,,,True,,,False,MLA2077198293,MLA2077198293,,MLAU5124663237,MLAU5124663237,ORGANIC,False,False,libros de terror,,,483,+9.999 resultados,https://articulo.mercadolibre.com.ar/MLA-2077198293,Envío gratis,,,,,MLA412445,MLA-BOOKS,,CORE,CORE,,2026-09-26T20:39:50.863Z,
https://http2.mlstatic.com/D_NQ_NP_670272-MLA82149334488_022025-O.webp,ARS,53014,59499,10% OFF,,,,,"Gran Libro De Satan, El, De Vv.aa. Editorial Blackie Books, Tapa Blanda, Edición 1 En Español",6 cuotas de 11927,,,True,True,LIBRENTA Tienda oficial,True,MLA37846211,MLA2078109542,MLA37846211,MLAU376902740,MLA37846211,ORGANIC,False,False,libros de terror,,,423,+9.999 resultados,https://articulo.mercadolibre.com.ar/MLA-2078109542,Llega gratis el lunes,OFERTA IMPERDIBLE,,,,MLA412445,MLA-BOOKS,,CORE,CORE,,2026-09-26T20:38:48.174Z,
https://http2.mlstatic.com/D_NQ_NP_871362-MLA106202454097_012026-O.webp,ARS,12000,,,,,,,"Libro Aventuras De La Historia Vivir En El Fuerte, De Playmobil. Editorial Planeta, Tapa Dura",,,25.0,False,True,,False,MLA65112857,MLA1665090507,MLA65112857,MLAU3306543220,MLA65112857,ORGANIC,False,False,libros de terror,5.0,2.0,779,+9.999 resultados,https://articulo.mercadolibre.com.ar/MLA-1665090507,,,,,,MLA412445,MLA-BOOKS,,CORE,CORE,,2026-09-26T20:43:22.772Z,
https://http2.mlstatic.com/D_NQ_NP_734342-MLA109317850033_032026-O.webp,ARS,25507,,,,,,,"Libro En La Luna Terroristas - Ibanez Talavera Francisco, De Ibañez Talavera,francisco. Editorial B Comic ( 2010)",,,,False,True,LIBRENTA Tienda oficial,True,MLA67032757,MLA3340357980,MLA67032757,MLAU3367994741,MLA67032757,ORGANIC,False,False,libros de terror,,,950,+9.999 resultados,https://articulo.mercadolibre.com.ar/MLA-3340357980,,,,,,MLA412445,MLA-BOOKS,,CORE,CORE,,2026-09-26T20:47:08.560Z,
https://http2.mlstatic.com/D_NQ_NP_759687-MLM48055407598_102021-O.webp,ARS,35300,,,,,,,Libro Hellraiser El Corazón Condenado Por Clive Barker,,,100.0,True,True,Zivals Tienda oficial,True,MLA22131117,MLA1556651297,MLA22131117,MLAU3467732223,MLA22131117,ORGANIC,False,False,libros de terror,4.8,51.0,335,+9.999 resultados,https://articulo.mercadolibre.com.ar/MLA-1556651297,Llega gratis el lunes,,,,,MLA412445,MLA-BOOKS,,CORE,CORE,,2026-09-26T20:37:45.569Z,
https://http2.mlstatic.com/D_NQ_NP_737863-MLA112650549311_062026-O.webp,ARS,49999,,,,,,,La Milla Verde De Stephen King,6 cuotas de 11249,,,True,True,,False,MLA71655071,MLA1817031473,MLA71655071,MLAU3526079792,MLA71655071,ORGANIC,False,False,libros de terror,,,577,+9.999 resultados,https://articulo.mercadolibre.com.ar/MLA-1817031473,Envío gratis,,,,,MLA412445,MLA-BOOKS,,CORE,CORE,,2026-09-26T20:41:27.659Z,
https://http2.mlstatic.com/D_NQ_NP_746164-MLA100019386234_122025-O.webp,ARS,27052,,,,,,,"Libro Frankenstein, De Shelley, Mary, Vol. 1. Edaf Editorial, Tapa Blanda (2025)",,,,False,True,LIBRENTA Tienda oficial,True,MLA62902375,MLA2670344680,MLA62902375,MLAU3639830029,MLA62902375,ORGANIC,False,False,libros de terror,,,935,+9.999 resultados,https://articulo.mercadolibre.com.ar/MLA-2670344680,,,,,,MLA412445,MLA-BOOKS,,CORE,CORE,,2026-09-26T20:47:08.560Z,
https://http2.mlstatic.com/D_NQ_NP_644733-MLA49091781430_022022-O.webp,ARS,25500,,,,,,,Los Ejércitos Secretos De La Otan. Op. Gladio Y Terrorismo,,,,False,,,False,MLA1123267698,MLA1123267698,,MLAU212721239,MLAU212721239,ORGANIC,False,False,libros de terror,,4.0,568,+9.999 resultados,https://articulo.mercadolibre.com.ar/MLA-1123267698,,ÚLTIMAS 2 | ÚLTIMAS UNIDADES,,,,MLA412445,MLA-BOOKS,,CORE,CORE,,2026-09-26T20:41:27.588Z,
https://http2.mlstatic.com/D_NQ_NP_834810-MLA99538600650_122025-O.webp,ARS,24300,27000,10% OFF,,,,,"La Misa De Los Suicidas 4, De Pablo Forcinito. Editorial Metalúcida, Tapa Blanda En Español",,,,False,True,Eterna Cadencia Tienda oficial,True,MLA53268995,MLA2242754726,MLA53268995,MLAU3352319183,MLA53268995,ORGANIC,False,False,libros de terror,,,595,+9.999 resultados,https://articulo.mercadolibre.com.ar/MLA-2242754726,,,,,,MLA412445,MLA-BOOKS,,CORE,CORE,,2026-09-26T20:41:53.067Z,
https://http2.mlstatic.com/D_NQ_NP_605570-MLA43023581130_082020-O.webp,ARS,27290,29663,7% OFF,,,,,Vathek William Beckford Alianza Editorial,,,,False,True,Yenny El Ateneo Tienda oficial,True,MLA20925022,MLA1929728737,MLA20925022,MLAU4445874697,MLA20925022,ORGANIC,False,False,libros de terror,,2.0,531,+9.999 resultados,https://articulo.mercadolibre.com.ar/MLA-1929728737,,,,,,MLA412445,MLA-BOOKS,,CORE,CORE,,2026-09-26T20:40:58.965Z,
https://http2.mlstatic.com/D_NQ_NP_820565-MLA99368787060_112025-O.webp,ARS,118500,,,,,,,"Aidp Integral Vol.1, De Mignola, Mike. Editorial Norma Editorial, S.a., Tapa Dura En Español",6 cuotas de 26660,,25.0,True,True,,False,MLA24014905,MLA1458301925,MLA24014905,MLAU146002586,MLA24014905,ORGANIC,False,False,libros de terror,5.0,,582,+9.999 resultados,https://articulo.mercadolibre.com.ar/MLA-1458301925,Llega gratis el lunes,,,,,MLA412445,MLA-BOOKS,,CORE,CORE,,2026-09-26T20:41:27.659Z,
https://http2.mlstatic.com/D_NQ_NP_821079-MLA91636429513_092025-O.webp,ARS,20699,22999,10% OFF,,,,,"Fabrica Del Terror 2, La-shua, Ana María",,,,False,,NADIR LIBROS Tienda oficial,True,MLA2316080806,MLA2316080806,,MLAU3405587490,MLAU3405587490,ORGANIC,False,False,libros de terror,,,708,+9.999 resultados,https://articulo.mercadolibre.com.ar/MLA-2316080806,,,,,,MLA412445,MLA-BOOKS,,CORE,CORE,,2026-09-26T20:42:57.465Z,
https://http2.mlstatic.com/D_NQ_NP_751947-MLA99933965079_112025-O.webp,ARS,55464,,,,,,,El Visitante Stephen King Editorial Plaza & Janes,6 cuotas de 12478,,,True,True,LIBRENTA Tienda oficial,True,MLA24051830,MLA1512446277,MLA24051830,MLAU3329537519,MLA24051830,ORGANIC,False,False,libros de terror,,,449,+9.999 resultados,https://articulo.mercadolibre.com.ar/MLA-1512446277,Envío gratis,,,,,MLA412445,MLA-BOOKS,,CORE,CORE,,2026-09-26T20:39:20.662Z,
https://http2.mlstatic.com/D_NQ_NP_946811-MLU70527493913_072023-O.webp,ARS,29034,,,,,,,"Antología De Cuentos De Terror, 2, De Aa. Vv.. Alianza Editorial, Tapa Dura En Español",,,,False,True,LIBRENTA Tienda oficial,True,MLA24566842,MLA2220143678,MLA24566842,MLAU3343113105,MLA24566842,ORGANIC,False,False,libros de terror,,,454,+9.999 resultados,https://articulo.mercadolibre.com.ar/MLA-2220143678,,,,,,MLA412445,MLA-BOOKS,,CORE,CORE,,2026-09-26T20:39:20.662Z,
https://http2.mlstatic.com/D_NQ_NP_908660-MLA117417562739_092026-O.webp,ARS,23800,,,,,,,Maestros Del Fantastico - N 23 El Escarabajo De Oro,,,,False,,,False,MLA3931244932,MLA3931244932,,MLAU5120404879,MLAU5120404879,ORGANIC,False,False,libros de terror,,,229,+9.999 resultados,https://articulo.mercadolibre.com.ar/MLA-3931244932,,,,,,MLA412445,MLA-BOOKS,,CORE,CORE,,2026-09-26T20:36:55.660Z,
https://http2.mlstatic.com/D_NQ_NP_603256-MLA41776034716_052020-O.webp,ARS,16990,,,,,,,Cuentos De Terror Y Espanto,Mismo precio 3 cuotas de 5663,,,False,True,,False,MLA21977349,MLA1424711491,MLA21977349,MLAU282410251,MLA21977349,ORGANIC,False,False,libros de terror,,,353,+9.999 resultados,https://articulo.mercadolibre.com.ar/MLA-1424711491,,,,,,MLA412445,MLA-BOOKS,,CORE,CORE,,2026-09-26T20:38:25.366Z,
https://http2.mlstatic.com/D_NQ_NP_917239-MLA82486579075_022025-O.webp,ARS,23620,,,,,,,"La Balada De Constanza Y Valentino, De Matías Bragagnolo. Editorial Del Fondo, Tapa Blanda En Español, 2024",,,,False,True,,False,MLA40467171,MLA3882172678,MLA40467171,MLAU5001583268,MLA40467171,ORGANIC,False,False,libros de terror,,,729,+9.999 resultados,https://articulo.mercadolibre.com.ar/MLA-3882172678,,,,,,MLA412445,MLA-BOOKS,,CORE,CORE,,2026-09-26T20:42:57.465Z,
https://http2.mlstatic.com/D_NQ_NP_775278-MLU73326062458_122023-O.webp,ARS,54449,60499,10% OFF,,,,,Libro Holly - Stephen King - Plaza & Janes,6 cuotas de 12250,,500.0,True,True,NADIR LIBROS Tienda oficial,True,MLA26986284,MLA1528104426,MLA26986284,MLAU260866482,MLA26986284,ORGANIC,False,False,libros de terror,4.9,209.0,213,+9.999 resultados,https://articulo.mercadolibre.com.ar/MLA-1528104426,Envío gratis,¡ÚLTIMA! | ÚLTIMA UNIDAD,,,,MLA412445,MLA-BOOKS,,CORE,CORE,,2026-09-26T20:36:55.659Z,
https://http2.mlstatic.com/D_NQ_NP_832599-MLC49806090103_042022-O.webp,ARS,26217,,,,,,,Retrato De Dorian Gray,,2000 ARS OFF con Cupón,25.0,True,True,,False,MLA21524128,MLA1689285730,MLA21524128,MLAU327598969,MLA21524128,ORGANIC,False,False,libros de terror,4.6,,80,+9.999 resultados,https://articulo.mercadolibre.com.ar/MLA-1689285730,Llega gratis hoy,,,,,MLA412445,MLA-BOOKS,,CORE,CORE,,2026-09-26T20:35:45.064Z,
https://http2.mlstatic.com/D_NQ_NP_857043-MLA30993186125_062019-O.webp,ARS,9900,,,,,,,Junto A Un Muerto Y Otros - De Maupassant Terror Y Misterio,,,50.0,False,True,PYQ Tienda oficial,True,MLA21372394,MLA1904036061,MLA21372394,MLAU4340441337,MLA21372394,ORGANIC,False,False,libros de terror,4.7,,149,+9.999 resultados,https://articulo.mercadolibre.com.ar/MLA-1904036061,Llega el lunes,,,,,MLA412445,MLA-BOOKS,,CORE,CORE,,2026-09-26T20:36:29.366Z,
https://http2.mlstatic.com/D_NQ_NP_896243-MLA116525970447_082026-O.webp,ARS,61999,,,,,,,Casa Negra El Talisman 2 - King Stephen [libro],Mismo precio 3 cuotas de 20666,,,True,,Zivals Tienda oficial,True,MLA3836472968,MLA3836472968,,MLAU4859839499,MLAU4859839499,ORGANIC,False,False,libros de terror,,,303,+9.999 resultados,https://articulo.mercadolibre.com.ar/MLA-3836472968,Llega gratis el lunes,,,,,MLA412445,MLA-BOOKS,,CORE,CORE,,2026-09-26T20:37:45.567Z,
https://http2.mlstatic.com/D_NQ_NP_838577-MLA52064929395_102022-O.webp,ARS,14730,,,,,,,El Tour De Jack El Destripador - G. Portantier,,,,False,True,,False,MLA21243883,MLA2045557003,MLA21243883,MLAU4941036351,MLA21243883,ORGANIC,False,False,libros de terror,,,629,+9.999 resultados,https://articulo.mercadolibre.com.ar/MLA-2045557003,,,,,,MLA412445,MLA-BOOKS,,CORE,CORE,,2026-09-26T20:42:15.766Z,
https://http2.mlstatic.com/D_NQ_NP_641914-MLA79484963614_102024-O.webp,ARS,43729,,,,,,,Wigetta En Las Dinolimpiadas - Willyrex/ Vegetta777,Mismo precio 3 cuotas de 14576,,,True,True,,False,MLA21981697,MLA1498924691,MLA21981697,MLAU3189287940,MLA21981697,ORGANIC,False,False,libros de terror,,,778,+9.999 resultados,https://articulo.mercadolibre.com.ar/MLA-1498924691,Llega gratis el lunes,,,,,MLA412445,MLA-BOOKS,,CORE,CORE,,2026-09-26T20:43:22.771Z,
https://http2.mlstatic.com/D_NQ_NP_726839-MLA80822054000_122024-O.webp,ARS,61270,,,,,,,"Pack Blackwater - La Riada + El Dique: La Riada; El Dique, De Michael Mcdowell. Blackwater Editorial Blackie Books, Tapa Blanda, Edición 1 En Español, 2024",6 cuotas de 13784,,50.0,True,True,Librería Palito Tienda oficial,True,MLA44323682,MLA3539947060,MLA44323682,MLAU2863413851,MLA44323682,ORGANIC,False,False,libros de terror,4.9,,507,+9.999 resultados,https://articulo.mercadolibre.com.ar/MLA-3539947060,Envío gratis,,,,,MLA412445,MLA-BOOKS,,CORE,CORE,,2026-09-26T20:40:58.960Z,
https://http2.mlstatic.com/D_NQ_NP_921851-MLA41632065427_052020-O.webp,ARS,26600,,,,,,,Monkton El Loco Y Otros Relatos - Grandes Clasicos,,,,False,True,,False,MLA21227997,MLA2013018757,MLA21227997,MLAU146179712,MLA21227997,ORGANIC,False,False,libros de terror,,,343,+9.999 resultados,https://articulo.mercadolibre.com.ar/MLA-2013018757,,,,,,MLA412445,MLA-BOOKS,,CORE,CORE,,2026-09-26T20:38:25.366Z,
https://http2.mlstatic.com/D_NQ_NP_884567-MLA116006753640_092026-O.webp,ARS,73799,,,,,,,Libro: School Of Terror 2019: 49 Gateways To Horror (school,Mismo precio 6 cuotas de 12299,,,True,,,False,MLA2080080491,MLA2080080491,,MLAU5131935227,MLAU5131935227,ORGANIC,False,False,libros de terror,,,486,+9.999 resultados,https://articulo.mercadolibre.com.ar/MLA-2080080491,Envío gratis,,,,,MLA412445,MLA-BOOKS,,CORE,CORE,,2026-09-26T20:39:50.863Z,
https://http2.mlstatic.com/D_NQ_NP_625665-MLA80821556417_112024-O.webp,ARS,59938,,,,,,,Pack Dos Tomos Blackwater Ii Y Iii - Michael Mcdowell,6 cuotas de 13485,,,True,,Ribera Libros Tienda oficial,True,MLA1461642707,MLA1461642707,,MLAU2825734802,MLAU2825734802,ORGANIC,False,False,libros de terror,,1.0,712,+9.999 resultados,https://articulo.mercadolibre.com.ar/MLA-1461642707,Llega gratis el lunes,ÚLTIMAS 2 | ÚLTIMAS UNIDADES,,,,MLA412445,MLA-BOOKS,,CORE,CORE,,2026-09-26T20:42:57.465Z,
https://http2.mlstatic.com/D_NQ_NP_929688-MLA48484428606_122021-O.webp,ARS,20000,,,,,,,"Casa En El Cine De Terror, La - Marcelo Vieguer",,,,True,True,,False,MLA21081582,MLA1474437822,MLA21081582,MLAU184835117,MLA21081582,ORGANIC,False,False,libros de terror,,,134,+9.999 resultados,https://articulo.mercadolibre.com.ar/MLA-1474437822,Llega gratis el lunes,,,,,MLA412445,MLA-BOOKS,,CORE,CORE,,2026-09-26T20:36:02.365Z,
https://http2.mlstatic.com/D_NQ_NP_640264-MLA51544306335_092022-O.webp,ARS,35000,,,,,,,"Libro El Campamento - Blue Jeans, de Blue Jeans. Editorial Planeta, tapa blanda en español, 2021",,,100.0,True,True,,False,MLA19865024,MLA3897738762,MLA19865024,MLAU5040742523,MLA19865024,ORGANIC,False,False,libros de terror,4.9,,704,+9.999 resultados,https://articulo.mercadolibre.com.ar/MLA-3897738762,Envío gratis,,,,,MLA412445,MLA-BOOKS,,CORE,CORE,,2026-09-26T20:42:57.465Z,
https://http2.mlstatic.com/D_NQ_NP_888782-MLA44829386400_022021-O.webp,ARS,7000,,,,,,,Un Vampiro Peligroso (letra Mayuscula) - Col. Terrible Terro,,,25.0,False,True,Zivals Tienda oficial,True,MLA21388859,MLA1465797910,MLA21388859,MLAU157786122,MLA21388859,ORGANIC,False,False,libros de terror,4.6,,312,+9.999 resultados,https://articulo.mercadolibre.com.ar/MLA-1465797910,Llega el lunes,,,,,MLA412445,MLA-BOOKS,,CORE,CORE,,2026-09-26T20:37:45.568Z,
https://http2.mlstatic.com/D_NQ_NP_800176-MLA79404823638_092024-O.webp,ARS,19998,,,,,,,"Libro Encerrados toda la noche, el cine de John Carpenter, de Matías Orta, vol. 1. Editorial Cuarto Menguante, tapa blanda (2022)",,,100.0,True,True,,False,MLA24454048,MLA2047316937,MLA24454048,MLAU4996701827,MLA24454048,ORGANIC,False,False,libros de terror,4.9,,723,+9.999 resultados,https://articulo.mercadolibre.com.ar/MLA-2047316937,Llega gratis el lunes,,,,,MLA412445,MLA-BOOKS,,CORE,CORE,,2026-09-26T20:42:57.465Z,
https://http2.mlstatic.com/D_NQ_NP_841932-MLA112704165859_062026-O.webp,ARS,69558,,,,,,,"Libro La Planta De La Atropina, De Read, Sarah, Vol. 1. Editorial Dilatando Mentes Editorial, Tapa Blanda",6 cuotas de 15649,,,True,True,EL RINCON LIBROS Tienda oficial,True,MLA72123450,MLA3421456398,MLA72123450,MLAU3940867484,MLA72123450,ORGANIC,False,False,libros de terror,,,630,+9.999 resultados,https://articulo.mercadolibre.com.ar/MLA-3421456398,Envío gratis,,,,,MLA412445,MLA-BOOKS,,CORE,CORE,,2026-09-26T20:42:15.766Z,
https://http2.mlstatic.com/D_NQ_NP_638215-MLU77949610809_072024-O.webp,ARS,44995,50499,10% OFF,,,,,Libro Proyecto Hail Mary - Andy Weir,,,1000.0,True,True,LIBRENTA Tienda oficial,True,MLA21270896,MLA1449818224,MLA21270896,MLAU209440016,MLA21270896,ORGANIC,False,False,libros de terror,4.9,179.0,1,+9.999 resultados,https://articulo.mercadolibre.com.ar/MLA-1449818224,Llega gratis mañana Enviado por FULL,,,,,MLA412445,MLA-BOOKS,,CORE,CORE,,2026-09-26T20:35:20.367Z,
https://http2.mlstatic.com/D_NQ_NP_644559-MLA106666818144_022026-O.webp,ARS,29000,,,,,,,"Libro Libro El Pozo - Hye - Young Pyun - Editorial: Destino, De Hye-young Pyun. Editorial Planeta, En Castellano (2024)",Mismo precio 3 cuotas de 9666,,,True,True,Deser Libros Tienda oficial,True,MLA65683507,MLA1734941699,MLA65683507,MLAU3876863367,MLA65683507,ORGANIC,False,False,libros de terror,,,317,+9.999 resultados,https://articulo.mercadolibre.com.ar/MLA-1734941699,Llega gratis el lunes,,,,,MLA412445,MLA-BOOKS,,CORE,CORE,,2026-09-26T20:37:45.568Z,
https://http2.mlstatic.com/D_NQ_NP_895875-MLA53442028593_012023-O.webp,ARS,26910,,,,,,,Teo Y Ana Investigan El Terror - Alexiev Gandman,,2000 ARS OFF con Cupón,50.0,True,True,,False,MLA21506208,MLA1367936670,MLA21506208,MLAU157468608,MLA21506208,ORGANIC,False,False,libros de terror,4.8,,707,+9.999 resultados,https://articulo.mercadolibre.com.ar/MLA-1367936670,Llega gratis hoy,ÚLTIMAS 3 | ÚLTIMAS UNIDADES,,,,MLA412445,MLA-BOOKS,,CORE,CORE,,2026-09-26T20:42:57.465Z,
https://http2.mlstatic.com/D_NQ_NP_961327-MLU70461512328_072023-O.webp,ARS,39600,,,,,,,"Narraciones Extraordinarias, De Edgar Allan Poe. Editorial Valdemar En Español",,,,True,True,Libreria Hernandez Tienda oficial,True,MLA24528479,MLA1363897381,MLA24528479,MLAU137050262,MLA24528479,ORGANIC,False,False,libros de terror,,1.0,548,+9.999 resultados,https://articulo.mercadolibre.com.ar/MLA-1363897381,Llega gratis el lunes,,,,,MLA412445,MLA-BOOKS,,CORE,CORE,,2026-09-26T20:41:27.587Z,
https://http2.mlstatic.com/D_NQ_NP_952064-MLA115664678783_082026-O.webp,ARS,28000,,,,,,,Una Novela De Terror Y Amistad,,,,False,,,False,MLA1785561819,MLA1785561819,,MLAU3966929250,MLAU3966929250,ORGANIC,False,False,libros de terror,,,873,+9.999 resultados,https://articulo.mercadolibre.com.ar/MLA-1785561819,,,,,,MLA412445,MLA-BOOKS,,CORE,CORE,,2026-09-26T20:45:19.267Z,
https://http2.mlstatic.com/D_NQ_NP_678711-MLA82142551096_022025-O.webp,ARS,31505,,,,,,,"Libro Instituto, El /stephen King",,,,False,True,MASLIBROS Tienda oficial,True,MLA22106913,MLA1381316109,MLA22106913,MLAU143520370,MLA22106913,ORGANIC,False,False,libros de terror,,1.0,533,+9.999 resultados,https://articulo.mercadolibre.com.ar/MLA-1381316109,,,,,,MLA412445,MLA-BOOKS,,CORE,CORE,,2026-09-26T20:40:58.965Z,
https://http2.mlstatic.com/D_NQ_NP_723229-MLA117515304477_092026-O.webp,ARS,237199,,,,,,,Libro: Combate Ao Terrorismo Através Da Diplomacia De Contra,Mismo precio 6 cuotas de 39533,,,True,,,False,MLA2081071751,MLA2081071751,,MLAU5172250904,MLAU5172250904,ORGANIC,False,False,libros de terror,,,478,+9.999 resultados,https://articulo.mercadolibre.com.ar/MLA-2081071751,Envío gratis,,,,,MLA412445,MLA-BOOKS,,CORE,CORE,,2026-09-26T20:39:20.664Z,
https://http2.mlstatic.com/D_NQ_NP_615763-MLU79186655033_092024-O.webp,ARS,71550,79500,10% OFF,,,,,"Sky Masters Of The Space Force (tiras Diarias 1958-1961): Recopilación Completa De Las Tiras Diarias (1958-1961), De Jack Kirby., Vol. 1. Editorial Aleta Ediciones, Tapa Dura En Español",6 cuotas de 16097,,,True,True,Eterna Cadencia Tienda oficial,True,MLA40632330,MLA2856255336,MLA40632330,MLAU3698274160,MLA40632330,ORGANIC,False,False,libros de terror,,,405,+9.999 resultados,https://articulo.mercadolibre.com.ar/MLA-2856255336,Envío gratis,,,,,MLA412445,MLA-BOOKS,,CORE,CORE,,2026-09-26T20:38:48.174Z,
https://http2.mlstatic.com/D_NQ_NP_819210-MLA93462318135_092025-O.webp,ARS,32202,34000,5% OFF,,,,,"La Milla Verde, De King, Stephen. Editorial Debolsillo, Tapa Blanda En Español",,,100.0,True,True,Zivals Tienda oficial,True,MLA26597375,MLA1499365465,MLA26597375,MLAU3187082779,MLA26597375,ORGANIC,False,False,libros de terror,4.8,35.0,173,+9.999 resultados,https://articulo.mercadolibre.com.ar/MLA-1499365465,Llega gratis el lunes,ÚLTIMAS 2 | ÚLTIMAS UNIDADES,,,,MLA412445,MLA-BOOKS,,CORE,CORE,,2026-09-26T20:36:29.367Z,
https://http2.mlstatic.com/D_NQ_NP_724064-MLA99850899243_112025-O.webp,ARS,19320,21000,8% OFF,,,,,Ruperto De Terror - La Gran Aventura - Loqueleo,,,500.0,True,True,La Revistería Comics Tienda oficial,True,MLA21373096,MLA1836898800,MLA21373096,MLAU399397063,MLA21373096,ORGANIC,False,False,libros de terror,4.8,47.0,126,+9.999 resultados,https://articulo.mercadolibre.com.ar/MLA-1836898800,Llega gratis mañana,,,,,MLA412445,MLA-BOOKS,,CORE,CORE,,2026-09-26T20:36:02.365Z,
https://http2.mlstatic.com/D_NQ_NP_822636-MLU74564771025_022024-O.webp,ARS,32900,,,,,,,"Un Léxico Del Terror, De Feitlowitz, Marguerite. Serie N/a, Vol. Volumen Unico. Editorial Prometeo Libros, Tapa Blanda, Edición 1 En Español",Mismo precio 3 cuotas de 10966,,,True,True,,False,MLA30321648,MLA1800905896,MLA30321648,MLAU248467593,MLA30321648,ORGANIC,False,False,libros de terror,,,395,+9.999 resultados,https://articulo.mercadolibre.com.ar/MLA-1800905896,Llega gratis el lunes,,,,,MLA412445,MLA-BOOKS,,CORE,CORE,,2026-09-26T20:38:48.173Z,
https://http2.mlstatic.com/D_NQ_NP_743532-MLU78692159649_082024-O.webp,ARS,17600,,,,,,,"Libro La Sombra Sobre Innsmouth - H. P. Lovecraft, de Lovecraft, Howard Phillips. Editorial Gargola, tapa blanda en español, 2016",,,25.0,True,True,,False,MLA22110303,MLA2199963782,MLA22110303,MLAU3324670040,MLA22110303,ORGANIC,False,False,libros de terror,4.8,,421,+9.999 resultados,https://articulo.mercadolibre.com.ar/MLA-2199963782,Llega gratis el lunes,,,,,MLA412445,MLA-BOOKS,,CORE,CORE,,2026-09-26T20:38:48.174Z,
https://http2.mlstatic.com/D_NQ_NP_880677-MLU74302909096_022024-O.webp,ARS,11762,12500,5% OFF,,,,,"Terror En Wunderding, de Drennen, Olga Noemi. Editorial Quipu, tapa blanda en español, 2019",,,25.0,False,True,SBS Librerias Tienda oficial,True,MLA21424701,MLA1471292102,MLA21424701,MLAU235982301,MLA21424701,ORGANIC,False,False,libros de terror,5.0,1.0,553,+9.999 resultados,https://articulo.mercadolibre.com.ar/MLA-1471292102,Llega el lunes,,,,,MLA412445,MLA-BOOKS,,CORE,CORE,,2026-09-26T20:41:27.587Z,
https://http2.mlstatic.com/D_NQ_NP_870388-MLU70654756954_072023-O.webp,ARS,69900,,,,,,,"Entre Los Muertos ( Trilogía De Illumbe 3 ), De Santiago, Mikel. Editorial B (ediciones B), Tapa Blanda En Español",Mismo precio 6 cuotas de 11650,,,True,True,Libroide Tienda oficial,True,MLA21050793,MLA1939596397,MLA21050793,MLAU2761718559,MLA21050793,ORGANIC,False,False,libros de terror,,,904,+9.999 resultados,https://articulo.mercadolibre.com.ar/MLA-1939596397,Envío gratis,,,,,MLA412445,MLA-BOOKS,,CORE,CORE,,2026-09-26T20:46:42.474Z,
https://http2.mlstatic.com/D_NQ_NP_862681-MLA82810414145_032025-O.webp,ARS,4130,4390,5% OFF,,,,,"Un Ruido Monstruoso - Mayuscula - Fernando De Vedia, De De Vedia, Fernando. Editorial Artemisa, Tapa Blanda En Español, 2022",,,50.0,False,True,SBS Librerias Tienda oficial,True,MLA46565783,MLA1479987967,MLA46565783,MLAU214219064,MLA46565783,ORGANIC,False,False,libros de terror,5.0,7.0,91,+9.999 resultados,https://articulo.mercadolibre.com.ar/MLA-1479987967,Llega el lunes,ÚLTIMAS 3 | ÚLTIMAS UNIDADES,,,,MLA412445,MLA-BOOKS,,CORE,CORE,,2026-09-26T20:35:45.066Z,
https://http2.mlstatic.com/D_NQ_NP_773301-MLA112603362601_062026-O.webp,ARS,28976,,,,,,,"Del Cielo Al Infierno - Torres Plaza,cristina",,,,False,True,LIBRENTA Tienda oficial,True,MLA71041824,MLA3775650364,MLA71041824,MLAU3741082621,MLA71041824,ORGANIC,False,False,libros de terror,,,940,+9.999 resultados,https://articulo.mercadolibre.com.ar/MLA-3775650364,,,,,,MLA412445,MLA-BOOKS,,CORE,CORE,,2026-09-26T20:47:08.560Z,
https://http2.mlstatic.com/D_NQ_NP_662518-MLA115959376186_092026-O.webp,ARS,29999,,,,,,,Frankenstein O El Moderno Prometeo,,,,False,,Cúspide Tienda oficial,True,MLA3932323918,MLA3932323918,,MLAU5157603670,MLAU5157603670,ORGANIC,False,False,libros de terror,,,182,+9.999 resultados,https://articulo.mercadolibre.com.ar/MLA-3932323918,,,,,,MLA412445,MLA-BOOKS,,CORE,CORE,,2026-09-26T20:36:29.367Z,
https://http2.mlstatic.com/D_NQ_NP_793450-MLA32649575884_102019-O.webp,ARS,11880,,,,,,,No Lo Intenten En Sus Casas - Serie Negra,,,,False,True,NAVEBOOKS Tienda oficial,True,MLA22037423,MLA1644161089,MLA22037423,MLAU3714860095,MLA22037423,ORGANIC,False,False,libros de terror,,,275,+9.999 resultados,https://articulo.mercadolibre.com.ar/MLA-1644161089,Llega el lunes,,,,,MLA412445,MLA-BOOKS,,CORE,CORE,,2026-09-26T20:37:19.479Z,
https://http2.mlstatic.com/D_NQ_NP_962574-MLU69792285574_062023-O.webp,ARS,52822,,,,,,,"Los Crimenes De Hamlet, De Ramos Malenka. Editorial Contraluz Editorial, Tapa Dura En Español, 2023",6 cuotas de 11884,,,True,True,MASLIBROS Tienda oficial,True,MLA23733212,MLA1381981041,MLA23733212,MLAU144149722,MLA23733212,ORGANIC,False,False,libros de terror,,,896,+9.999 resultados,https://articulo.mercadolibre.com.ar/MLA-1381981041,Envío gratis,,,,,MLA412445,MLA-BOOKS,,CORE,CORE,,2026-09-26T20:46:42.473Z,
https://http2.mlstatic.com/D_NQ_NP_890201-MLA117475989201_092026-O.webp,ARS,16000,,,,,,,Todo Lo Que Necesitás Saber Sobre Terrorismo - Ana Prieto,,,,True,,,False,MLA2079768565,MLA2079768565,,MLAU5130688919,MLAU5130688919,ORGANIC,False,False,libros de terror,,,70,+9.999 resultados,https://articulo.mercadolibre.com.ar/MLA-2079768565,Llega gratis el lunes,,,,,MLA412445,MLA-BOOKS,,CORE,CORE,,2026-09-26T20:35:45.064Z,
https://http2.mlstatic.com/D_NQ_NP_657663-MLU74161174875_012024-O.webp,ARS,27440,,,,,,,Sandan Vol. 09 Las Benevolas,,,100.0,True,True,UBIK Libros Comics Tienda oficial,True,MLA23505882,MLA3493388126,MLA23505882,MLAU152916672,MLA23505882,ORGANIC,False,False,libros de terror,5.0,,292,+9.999 resultados,https://articulo.mercadolibre.com.ar/MLA-3493388126,Llega gratis el lunes,,,,,MLA412445,MLA-BOOKS,,CORE,CORE,,2026-09-26T20:37:45.567Z,
https://http2.mlstatic.com/D_NQ_NP_900656-MLM28541542090_102018-O.webp,ARS,60886,66180,7% OFF,,,,,Una Cabeza Llena De Fantasmas,Mismo precio 3 cuotas de 20295,,50.0,True,True,La Revistería Comics Tienda oficial,True,MLA21541439,MLA3445276552,MLA21541439,MLAU4076983062,MLA21541439,ORGANIC,False,False,libros de terror,4.8,,132,+9.999 resultados,https://articulo.mercadolibre.com.ar/MLA-3445276552,Llega gratis mañana,,,,,MLA412445,MLA-BOOKS,,CORE,CORE,,2026-09-26T20:36:02.365Z,
https://http2.mlstatic.com/D_NQ_NP_621121-MLA75142697478_032024-O.webp,ARS,26459,,,,,,,Slavoj Zizek Robespierre Virtud y terror Editorial Akal,,,25.0,True,True,Libros del Camino Tienda oficial,True,MLA22049962,MLA1409804760,MLA22049962,MLAU170006329,MLA22049962,ORGANIC,False,False,libros de terror,4.0,,301,+9.999 resultados,https://articulo.mercadolibre.com.ar/MLA-1409804760,Llega gratis el lunes,,,,,MLA412445,MLA-BOOKS,,CORE,CORE,,2026-09-26T20:37:45.567Z,
https://http2.mlstatic.com/D_NQ_NP_995226-MLU75135858389_032024-O.webp,ARS,24700,,,,,,,"Los Terroristas - Serie Martin Beck X, de Wahloo, Per. Editorial RBA, tapa blanda en español, 2019",,,50.0,False,True,,False,MLA19901943,MLA1474173845,MLA19901943,MLAU420707153,MLA19901943,ORGANIC,False,False,libros de terror,5.0,,425,+9.999 resultados,https://articulo.mercadolibre.com.ar/MLA-1474173845,,,,,,MLA412445,MLA-BOOKS,,CORE,CORE,,2026-09-26T20:38:48.174Z,
https://http2.mlstatic.com/D_NQ_NP_792576-MLA84604865601_052025-O.webp,ARS,34787,,,,,,,"Mr Joker -: Similar Al Titulo, De Hideshi Hino -. Similar Al Titulo, Vol. Similar Al Titulo. Editorial La Cúpula Manga Terror, Tapa Blanda, Edición Similar Al Titulo En Español, 1",,,,True,True,ENTELEQUIA Tienda oficial,True,MLA49674502,MLA2078853004,MLA49674502,MLAU3010745556,MLA49674502,ORGANIC,False,False,libros de terror,,,327,+9.999 resultados,https://articulo.mercadolibre.com.ar/MLA-2078853004,Llega gratis el lunes,,,,,MLA412445,MLA-BOOKS,,CORE,CORE,,2026-09-26T20:37:45.568Z,
https://http2.mlstatic.com/D_NQ_NP_788289-MLA116379382854_092026-O.webp,ARS,13990,,,,,,,Gaturro Y La Mansión Del Terror - Nico - Primera Sudamerican,,,,False,,,False,MLA3968525424,MLA3968525424,,MLAU5205521835,MLAU5205521835,ORGANIC,False,False,libros de terror,,,145,+9.999 resultados,https://articulo.mercadolibre.com.ar/MLA-3968525424,,,,,,MLA412445,MLA-BOOKS,,CORE,CORE,,2026-09-26T20:36:29.366Z,
https://http2.mlstatic.com/D_NQ_NP_884018-MLA79775361967_102024-O.webp,ARS,31994,34000,5% OFF,,,,,"Adonde Voy Siempre Es De Noche, De Bernardo Esquinca. Editorial Almadia, Edición 1 En Español, 2024",,,25.0,True,True,SBS Librerias Tienda oficial,True,MLA41612629,MLA1929880534,MLA41612629,MLAU1916552438,MLA41612629,ORGANIC,False,False,libros de terror,4.7,,424,+9.999 resultados,https://articulo.mercadolibre.com.ar/MLA-1929880534,Llega gratis el lunes,,,,,MLA412445,MLA-BOOKS,,CORE,CORE,,2026-09-26T20:38:48.174Z,
https://http2.mlstatic.com/D_NQ_NP_740997-MLA80726742424_112024-O.webp,ARS,66600,74000,10% OFF,,,,,"Los Mitos De Cthulhu: Estuche Con Dos Libros, De Howard Phillip Lovecraft. Editorial Ediciones Lea, Tapa Blanda, Edición 1 En Español, 2024",6 cuotas de 14983,,25.0,True,True,NADIR LIBROS Tienda oficial,True,MLA43454125,MLA2699042572,MLA43454125,MLAU3692776022,MLA43454125,ORGANIC,False,False,libros de terror,4.9,,581,+9.999 resultados,https://articulo.mercadolibre.com.ar/MLA-2699042572,Envío gratis,,,,,MLA412445,MLA-BOOKS,,CORE,CORE,,2026-09-26T20:41:27.659Z,
https://http2.mlstatic.com/D_NQ_NP_966897-MLA100502991123_122025-O.webp,ARS,32300,,,,,,,"Libro Stranger Things: El Vuelo De Ícaro, De Caitlin Schneiderhan, Vol. 1. Editorial Debols!llo, Tapa Blanda (-1)",,,50.0,True,True,Zivals Tienda oficial,True,MLA62892928,MLA2710789782,MLA62892928,MLAU3697231730,MLA62892928,ORGANIC,False,False,libros de terror,5.0,7.0,136,+9.999 resultados,https://articulo.mercadolibre.com.ar/MLA-2710789782,Llega gratis el lunes,ÚLTIMAS 2 | ÚLTIMAS UNIDADES,,,,MLA412445,MLA-BOOKS,,CORE,CORE,,2026-09-26T20:36:02.365Z,
https://http2.mlstatic.com/D_NQ_NP_846142-MLA111532269058_062026-O.webp,ARS,28816,,,,,,,"La Red Púrpura (inspectora Elena Blanco, 2) - Carmen Mola",,,,False,True,LIBRENTA Tienda oficial,True,MLA70874386,MLA1823680085,MLA70874386,MLAU3973664413,MLA70874386,ORGANIC,False,False,libros de terror,,,451,+9.999 resultados,https://articulo.mercadolibre.com.ar/MLA-1823680085,,,,,,MLA412445,MLA-BOOKS,,CORE,CORE,,2026-09-26T20:39:20.662Z,
https://http2.mlstatic.com/D_NQ_NP_927518-MLA27222530973_042018-O.webp,ARS,11999,,,,,,,Colegio Maldito V - Gabriel Korenfeld,,,50.0,False,True,,False,MLA21154343,MLA2015151125,MLA21154343,MLAU4829278529,MLA21154343,ORGANIC,False,False,libros de terror,5.0,5.0,165,+9.999 resultados,https://articulo.mercadolibre.com.ar/MLA-2015151125,Llega el lunes,,,,,MLA412445,MLA-BOOKS,,CORE,CORE,,2026-09-26T20:36:29.366Z,
https://http2.mlstatic.com/D_NQ_NP_785639-MLA81005781703_112024-O.webp,ARS,10999,,,,,,,Chainsaw Man 18 Ivrea Manga,,,100.0,False,True,MORGAN TOYS Tienda oficial,True,MLA44009451,MLA3590372128,MLA44009451,MLAU4267833483,MLA44009451,ORGANIC,False,False,libros de terror,4.9,51.0,29,+9.999 resultados,https://articulo.mercadolibre.com.ar/MLA-3590372128,Llega mañana Enviado por FULL,,,,,MLA412445,MLA-BOOKS,,CORE,CORE,,2026-09-26T20:35:20.459Z,
https://http2.mlstatic.com/D_NQ_NP_915671-MLU70778112158_082023-O.webp,ARS,47171,,,,,,,"Vampiria, De Polidori, John W.. Editorial Adriana Hidalgo Editora, Tapa Blanda, Edición 1 En Español, 2019",6 cuotas de 10612,,,True,True,MASLIBROS Tienda oficial,True,MLA25534675,MLA1388564365,MLA25534675,MLAU142398005,MLA25534675,ORGANIC,False,False,libros de terror,,,774,+9.999 resultados,https://articulo.mercadolibre.com.ar/MLA-1388564365,Envío gratis,,,,,MLA412445,MLA-BOOKS,,CORE,CORE,,2026-09-26T20:43:22.771Z,
https://http2.mlstatic.com/D_NQ_NP_621899-MLA109637646198_042026-O.webp,ARS,10351,11000,5% OFF,,,,,"Manga, Call Of The Night Vol. 20 - Kotoyama / Ivrea",,,25.0,False,True,SBS Librerias Tienda oficial,True,MLA68130028,MLA3313864308,MLA68130028,MLAU3861139217,MLA68130028,ORGANIC,False,False,libros de terror,5.0,,194,+9.999 resultados,https://articulo.mercadolibre.com.ar/MLA-3313864308,Llega el lunes,ÚLTIMAS 3 | ÚLTIMAS UNIDADES,,,,MLA412445,MLA-BOOKS,,CORE,CORE,,2026-09-26T20:36:55.658Z,
https://http2.mlstatic.com/D_NQ_NP_820505-MLA81309717755_122024-O.webp,ARS,47282,,,,,,,"Cuentos, De Lovecraft, Howard Phillips. N/a, Vol. Volumen Unico. Editorial Colihue, Tapa Blanda, Edición 1 En Español",Mismo precio 3 cuotas de 15760,2000 ARS OFF con Cupón,50.0,True,True,,False,MLA44668786,MLA1994022552,MLA44668786,MLAU2953906426,MLA44668786,ORGANIC,False,False,libros de terror,4.8,9.0,389,+9.999 resultados,https://articulo.mercadolibre.com.ar/MLA-1994022552,Llega gratis hoy,ÚLTIMAS 3 | ÚLTIMAS UNIDADES,,,,MLA412445,MLA-BOOKS,,CORE,CORE,,2026-09-26T20:38:48.173Z,
https://http2.mlstatic.com/D_NQ_NP_806250-MLA47477678196_092021-O.webp,ARS,19990,,,,,,,Combo Terror Dracula + Frankenstein (stoker & Shelley) Full,,,,False,,,False,MLA1103124385,MLA1103124385,,MLAU140746328,MLAU140746328,ORGANIC,False,False,libros de terror,,7.0,853,+9.999 resultados,https://articulo.mercadolibre.com.ar/MLA-1103124385,,,,,,MLA412445,MLA-BOOKS,,CORE,CORE,,2026-09-26T20:44:48.457Z,
https://http2.mlstatic.com/D_NQ_NP_987164-MLA102877073223_122025-O.webp,ARS,17820,19800,10% OFF,,,,,"Libro Frankenstein Tapa Blanda, De Shelley, Mary, Vol. 1. Editorial Vr Editoras, Tapa Blanda (2025)",,,50.0,False,True,Eterna Cadencia Tienda oficial,True,MLA63611397,MLA3276023448,MLA63611397,MLAU3724666215,MLA63611397,ORGANIC,False,False,libros de terror,5.0,,170,+9.999 resultados,https://articulo.mercadolibre.com.ar/MLA-3276023448,,,,,,MLA412445,MLA-BOOKS,,CORE,CORE,,2026-09-26T20:36:29.366Z,
https://http2.mlstatic.com/D_NQ_NP_788774-MLA82451508443_022025-O.webp,ARS,31228,,,,,,,Los Cuadernos De Lovecraft 2 La Ciudad Sin Nombre -minotauro,,,,False,True,MASLIBROS Tienda oficial,True,MLA22072587,MLA1388540301,MLA22072587,MLAU142596043,MLA22072587,ORGANIC,False,False,libros de terror,,1.0,706,+9.999 resultados,https://articulo.mercadolibre.com.ar/MLA-1388540301,,,,,,MLA412445,MLA-BOOKS,,CORE,CORE,,2026-09-26T20:42:57.465Z,
https://http2.mlstatic.com/D_NQ_NP_946176-MLA99468137988_112025-O.webp,ARS,17990,,,,,,,Cuentos De Terror Del Barco Negro - Chris Prietsley,,,50.0,True,True,,False,MLA21372687,MLA1469121701,MLA21372687,MLAU2923385920,MLA21372687,ORGANIC,False,False,libros de terror,5.0,4.0,141,+9.999 resultados,https://articulo.mercadolibre.com.ar/MLA-1469121701,Llega gratis el lunes,,,,,MLA412445,MLA-BOOKS,,CORE,CORE,,2026-09-26T20:36:02.366Z,
https://http2.mlstatic.com/D_NQ_NP_947179-MLA106143505482_022026-O.webp,ARS,84918,89388,5% OFF,,,,,"Libro Estuche Stranger Things - Caitlin Schneiderhan, De Caitlin Schneiderhan. Editorial Nuevas Ediciones Debolsillo S.l, Tapa Blanda, En Castellano",6 cuotas de 19105,,,True,True,,False,MLA65398565,MLA3460438374,MLA65398565,MLAU4080934728,MLA65398565,ORGANIC,False,False,libros de terror,,,174,+9.999 resultados,https://articulo.mercadolibre.com.ar/MLA-3460438374,Envío gratis,,,,,MLA412445,MLA-BOOKS,,CORE,CORE,,2026-09-26T20:36:29.367Z,
https://http2.mlstatic.com/D_NQ_NP_735668-MLU75037797633_032024-O.webp,ARS,21999,,,,,,,"Socorro 12 Cuentos Para Caerse De Miedo: 12 cuentos para caerse de miedo, de Bornemann, Elsa. Editorial SANTILLANA, tapa blanda en español, 2000",,,1000.0,True,True,,False,MLA22090889,MLA3845693930,MLA22090889,MLAU4879520757,MLA22090889,ORGANIC,False,False,libros de terror,4.9,419.0,7,+9.999 resultados,https://articulo.mercadolibre.com.ar/MLA-3845693930,Llega gratis el lunes,,,,,MLA412445,MLA-BOOKS,,CORE,CORE,,2026-09-26T20:35:20.457Z,
https://http2.mlstatic.com/D_NQ_NP_691799-MLU78459188878_082024-O.webp,ARS,54316,,,,,,,"Las Claves Ocultas Del 11-m, De Ramirez Lorenzo. Editorial La Esfera De Los Libros, S.l., Tapa Blanda En Español, 2024",6 cuotas de 12220,,,True,True,MASLIBROS Tienda oficial,True,MLA35790667,MLA1901960764,MLA35790667,MLAU355989798,MLA35790667,ORGANIC,False,False,libros de terror,,,746,+9.999 resultados,https://articulo.mercadolibre.com.ar/MLA-1901960764,Envío gratis,,,,,MLA412445,MLA-BOOKS,,CORE,CORE,,2026-09-26T20:43:22.770Z,
https://http2.mlstatic.com/D_NQ_NP_650714-MLA117472456213_092026-O.webp,ARS,194999,,,,,,,Libro: Terrorismo Suicida Na Nigéria: Uma Análise Quem São,Mismo precio 6 cuotas de 32499,,,True,,,False,MLA2079315313,MLA2079315313,,MLAU5164776354,MLAU5164776354,ORGANIC,False,False,libros de terror,,,479,+9.999 resultados,https://articulo.mercadolibre.com.ar/MLA-2079315313,Envío gratis,,,,,MLA412445,MLA-BOOKS,,CORE,CORE,,2026-09-26T20:39:20.664Z,
https://http2.mlstatic.com/D_NQ_NP_931725-MLU74106858690_012024-O.webp,ARS,42026,,,,,,,"Terror Kabuki, De Aguilar, Daniel. Editorial Satori Ediciones C.b. En Español",,,,True,True,LIBRENTA Tienda oficial,True,MLA30101532,MLA1831398534,MLA30101532,MLAU395907058,MLA30101532,ORGANIC,False,False,libros de terror,,3.0,74,+9.999 resultados,https://articulo.mercadolibre.com.ar/MLA-1831398534,Llega gratis mañana Enviado por FULL,ÚLTIMAS 2 | ÚLTIMAS UNIDADES,,,,MLA412445,MLA-BOOKS,,CORE,CORE,,2026-09-26T20:35:45.064Z,
https://http2.mlstatic.com/D_NQ_NP_841841-MLU70743760471_072023-O.webp,ARS,24900,,,,,,,"Furia - Crónicas Vampíricas 3 - L.j. Smith - Booket, De Smith, L. J.. Editorial Planeta En Español",,,,True,True,Zivals Tienda oficial,True,MLA25380355,MLA1391330547,MLA25380355,MLAU149948850,MLA25380355,ORGANIC,False,False,libros de terror,,,911,+9.999 resultados,https://articulo.mercadolibre.com.ar/MLA-1391330547,Llega gratis el lunes,,,,,MLA412445,MLA-BOOKS,,CORE,CORE,,2026-09-26T20:46:42.474Z,
https://http2.mlstatic.com/D_NQ_NP_832063-MLU78110021561_082024-O.webp,ARS,26000,,,,,,,Polvo Y Terror - Las Waffens Ss- Edaf,,,,False,True,,False,MLA22167447,MLA3085672736,MLA22167447,MLAU3851376065,MLA22167447,ORGANIC,False,False,libros de terror,,,814,+9.999 resultados,https://articulo.mercadolibre.com.ar/MLA-3085672736,,,,,,MLA412445,MLA-BOOKS,,CORE,CORE,,2026-09-26T20:43:43.961Z,
https://http2.mlstatic.com/D_NQ_NP_879521-MLU79078776728_092024-O.webp,ARS,16000,,,,,,,"El Horror De Dunwich (choose Cthulhu Libro 05), De Howard Phillips Lovecraft. Serie Choose Cthulhu Editorial El Cofre De Ulises Akataka, Tapa Blanda, Edición 1 En Español, 2023",Mismo precio 3 cuotas de 5333,,,True,True,,False,MLA31411732,MLA2124221841,MLA31411732,MLAU5302764078,MLA31411732,ORGANIC,False,False,libros de terror,,,239,+9.999 resultados,https://articulo.mercadolibre.com.ar/MLA-2124221841,Llega gratis el lunes,,,,,MLA412445,MLA-BOOKS,,CORE,CORE,,2026-09-26T20:36:55.661Z,
https://http2.mlstatic.com/D_NQ_NP_772425-MLA93486256883_092025-O.webp,ARS,28900,,,,,,,Cómo Desaparecer Completamente / Mariana Enríquez / Nuevo!!!,,,100.0,True,,,False,MLA2397722408,MLA2397722408,,MLAU3444462987,MLAU3444462987,ORGANIC,False,False,libros de terror,5.0,6.0,146,+9.999 resultados,https://articulo.mercadolibre.com.ar/MLA-2397722408,Llega gratis el lunes,¡ÚLTIMA! | ÚLTIMA UNIDAD,,,,MLA412445,MLA-BOOKS,,CORE,CORE,,2026-09-26T20:36:29.366Z,
https://http2.mlstatic.com/D_NQ_NP_779282-MLA47968861428_102021-O.webp,ARS,16000,,,,,,,Libro Princea Sofía Lll -el Terror De La Princesa - Ed. Sm,,,50.0,False,True,,False,MLA21503663,MLA3416352112,MLA21503663,MLAU4052524634,MLA21503663,ORGANIC,False,False,libros de terror,5.0,,793,+9.999 resultados,https://articulo.mercadolibre.com.ar/MLA-3416352112,,,,,,MLA412445,MLA-BOOKS,,CORE,CORE,,2026-09-26T20:43:43.960Z,
https://http2.mlstatic.com/D_NQ_NP_632323-MLA99400077308_112025-O.webp,ARS,9000,,,,,,,"Libro La Caída De La Casa Usher Y Otros Relatos, De Edgar Allan Poe, Vol. Uno Sin Solapa. Editorial Plutón Clasico, Tapa Blanda (2025)",,,,False,True,,False,MLA62664132,MLA3637009822,MLA62664132,MLAU4358411599,MLA62664132,ORGANIC,False,False,libros de terror,,,235,+9.999 resultados,https://articulo.mercadolibre.com.ar/MLA-3637009822,Llega el lunes,,,,,MLA412445,MLA-BOOKS,,CORE,CORE,,2026-09-26T20:36:55.660Z,
https://http2.mlstatic.com/D_NQ_NP_776153-MCO74073026050_012024-O.webp,ARS,36604,38900,5% OFF,,,,,Dagón Y Otros Relatos Iniciales / H.p. Lovecraft (t.d),,,25.0,True,True,SBS Librerias Tienda oficial,True,MLA21671754,MLA1398891357,MLA21671754,MLAU304556850,MLA21671754,ORGANIC,False,False,libros de terror,5.0,4.0,221,+9.999 resultados,https://articulo.mercadolibre.com.ar/MLA-1398891357,Llega gratis el lunes,,,,,MLA412445,MLA-BOOKS,,CORE,CORE,,2026-09-26T20:36:55.660Z,
https://http2.mlstatic.com/D_NQ_NP_974544-MLU79177053643_092024-O.webp,ARS,11040,,,,,,,"Cuentos Completos I El Extraño Caso De Doctor Jekyll: El Extraño Caso Del Doctor Jekyll Y El Señor Hyde Y Otros Relatos, De Stevenson, Robert Louis., Vol. 1. Editorial Sudamericana En Español",,,,False,True,Librería Palito Tienda oficial,True,MLA40605716,MLA1911268132,MLA40605716,MLAU162222104,MLA40605716,ORGANIC,False,False,libros de terror,,,924,+9.999 resultados,https://articulo.mercadolibre.com.ar/MLA-1911268132,,,,,,MLA412445,MLA-BOOKS,,CORE,CORE,,2026-09-26T20:46:42.474Z,
https://http2.mlstatic.com/D_NQ_NP_990969-MLA32706557610_102019-O.webp,ARS,8930,,,,,,,"La Trama Del Miedo - Serie Negra, de Drennen, Olga Noemi. Editorial Quipu, tapa blanda en español",,,25.0,False,True,,False,MLA22224088,MLA1561241269,MLA22224088,MLAU3505645794,MLA22224088,ORGANIC,False,False,libros de terror,4.5,,501,+9.999 resultados,https://articulo.mercadolibre.com.ar/MLA-1561241269,Llega el lunes,,,,,MLA412445,MLA-BOOKS,,CORE,CORE,,2026-09-26T20:40:58.960Z,
https://http2.mlstatic.com/D_NQ_NP_781428-CBT116435241190_092026-O.webp,ARS,61091,,,,,,,"La Pared, Novela De Terror De Victor Ironscrusher (español)",,,,True,,,False,MLA2107915407,MLA2107915407,,MLAU5253948920,MLAU5253948920,ORGANIC,False,True,libros de terror,,,133,+9.999 resultados,https://articulo.mercadolibre.com.ar/MLA-2107915407,Envío gratis,,,USA,,MLA412445,MLA-BOOKS,,CORE,CORE,,2026-09-26T20:36:02.365Z,
https://http2.mlstatic.com/D_NQ_NP_680309-MLA101154405983_122025-O.webp,ARS,30000,,,,,,,El Sobreviviente - Rosa Amalia Gallo,,,,False,,,False,MLA1566270231,MLA1566270231,,MLAU3517460542,MLAU3517460542,ORGANIC,False,False,libros de terror,,,991,+9.999 resultados,https://articulo.mercadolibre.com.ar/MLA-1566270231,,,,,,MLA412445,MLA-BOOKS,,CORE,CORE,,2026-09-26T20:47:25.171Z,
https://http2.mlstatic.com/D_NQ_NP_664647-MLU77282352686_072024-O.webp,ARS,28213,,,,,,,Libro Los Archivos De Salem,Mismo precio 3 cuotas de 9404,,,True,True,MASLIBROS Tienda oficial,True,MLA21451122,MLA1845625615,MLA21451122,MLAU3938148459,MLA21451122,ORGANIC,False,False,libros de terror,,,775,+9.999 resultados,https://articulo.mercadolibre.com.ar/MLA-1845625615,Llega gratis el lunes,,,,,MLA412445,MLA-BOOKS,,CORE,CORE,,2026-09-26T20:43:22.771Z,
https://http2.mlstatic.com/D_NQ_NP_648472-MLA81455489995_122024-O.webp,ARS,25325,,,,,,,"The Levee - Blackwater Ii - Michael Mcdowell, De Mcdowell, Michael. Editorial Penguin, Tapa Blanda En Inglés Internacional",,,25.0,True,True,,False,MLA44839000,MLA1470435099,MLA44839000,MLAU2889065387,MLA44839000,ORGANIC,False,False,libros de terror,5.0,10.0,186,+9.999 resultados,https://articulo.mercadolibre.com.ar/MLA-1470435099,Llega gratis el lunes,¡ÚLTIMA! | ÚLTIMA UNIDAD,,,,MLA412445,MLA-BOOKS,,CORE,CORE,,2026-09-26T20:36:29.367Z,
https://http2.mlstatic.com/D_NQ_NP_773245-MLA49130238508_022022-O.webp,ARS,42322,47499,10% OFF,,,,,Masacre En El Comedor - Reato - Sudamericana - Libro,,,1000.0,True,True,LIBRENTA Tienda oficial,True,MLA19871750,MLA1262050328,MLA19871750,MLAU215409753,MLA19871750,ORGANIC,False,False,libros de terror,4.9,156.0,42,+9.999 resultados,https://articulo.mercadolibre.com.ar/MLA-1262050328,Llega gratis mañana Enviado por FULL,ÚLTIMAS 2 | ÚLTIMAS UNIDADES,,,,MLA412445,MLA-BOOKS,,CORE,CORE,,2026-09-26T20:35:20.460Z,
https://http2.mlstatic.com/D_NQ_NP_711176-MLA99989360713_112025-O.webp,ARS,21499,,,,,,,"El Color Que Cayó Del Cielo: Y Otras Pesadillas, De Lovecraft H.p. (howard Phillips)., Vol. Volumen Unico. Editorial Colihue, Tapa Blanda, Edición 1 En Español",,,,True,True,ENTELEQUIA Tienda oficial,True,MLA24056274,MLA1608426100,MLA24056274,MLAU237009857,MLA24056274,ORGANIC,False,False,libros de terror,,,697,+9.999 resultados,https://articulo.mercadolibre.com.ar/MLA-1608426100,Llega gratis el lunes,,,,,MLA412445,MLA-BOOKS,,CORE,CORE,,2026-09-26T20:42:57.465Z,
https://http2.mlstatic.com/D_NQ_NP_633507-MLA99934734153_112025-O.webp,ARS,22800,,,,,,,Step Closer (five Nights At Freddy's: Fazbear Frights #4)...,,,100.0,True,True,,False,MLA21479193,MLA1400425037,MLA21479193,MLAU124134962,MLA21479193,ORGANIC,False,False,libros de terror,4.6,28.0,109,+9.999 resultados,https://articulo.mercadolibre.com.ar/MLA-1400425037,Llega gratis el lunes,¡ÚLTIMA! | ÚLTIMA UNIDAD,,,,MLA412445,MLA-BOOKS,,CORE,CORE,,2026-09-26T20:36:02.364Z,
https://http2.mlstatic.com/D_NQ_NP_972832-MLA93349745965_092025-O.webp,ARS,40499,,,,,,,"Libro La Larga Marcha - Stephen King, De King, Stephen. Editorial Debolsillo, Tapa Blanda (2025)",,,25.0,True,True,,False,MLA57803080,MLA2040739069,MLA57803080,MLAU3573587024,MLA57803080,ORGANIC,False,False,libros de terror,5.0,,589,+9.999 resultados,https://articulo.mercadolibre.com.ar/MLA-2040739069,Llega gratis el lunes,,,,,MLA412445,MLA-BOOKS,,CORE,CORE,,2026-09-26T20:41:27.659Z,
https://http2.mlstatic.com/D_NQ_NP_746990-MLA115531020859_082026-O.webp,ARS,26217,,,,,,,"El Castillo De Otranto, De Walpole, Horace. Editorial Pluton Ediciones, Tapa Dura En Español, 2019",,2000 ARS OFF con Cupón,25.0,True,True,,False,MLA38023063,MLA1962408868,MLA38023063,MLAU2754524759,MLA38023063,ORGANIC,False,False,libros de terror,4.6,11.0,57,+9.999 resultados,https://articulo.mercadolibre.com.ar/MLA-1962408868,Llega gratis hoy,¡ÚLTIMA! | ÚLTIMA UNIDAD,,,,MLA412445,MLA-BOOKS,,CORE,CORE,,2026-09-26T20:35:45.063Z,
https://http2.mlstatic.com/D_NQ_NP_673229-MLA54294370710_032023-O.webp,ARS,17000,,,,,,,Sanctify 01 - Godsstation,,,50.0,True,True,,False,MLA22214961,MLA1929729548,MLA22214961,MLAU1932880982,MLA22214961,ORGANIC,False,False,libros de terror,5.0,14.0,406,+9.999 resultados,https://articulo.mercadolibre.com.ar/MLA-1929729548,Llega gratis el lunes,ÚLTIMAS 3 | ÚLTIMAS UNIDADES,,,,MLA412445,MLA-BOOKS,,CORE,CORE,,2026-09-26T20:38:48.174Z,
https://http2.mlstatic.com/D_NQ_NP_978403-MLU77622938751_072024-O.webp,ARS,51225,,,,,,,"Libro Marina [ Edición 25 Aniversario ] Original, De Carlos Ruiz Zafón. Editorial Editorial Planeta, Tapa Dura En Español, 2024",6 cuotas de 11524,,50.0,True,True,LIBRENTA Tienda oficial,True,MLA35451768,MLA1684669011,MLA35451768,MLAU3354391851,MLA35451768,ORGANIC,False,False,libros de terror,4.9,27.0,443,+9.999 resultados,https://articulo.mercadolibre.com.ar/MLA-1684669011,Envío gratis,,,,,MLA412445,MLA-BOOKS,,CORE,CORE,,2026-09-26T20:39:20.662Z,
https://http2.mlstatic.com/D_NQ_NP_772769-MLA111557511506_062026-O.webp,ARS,40528,"43069,65",5% OFF,,,,,"Libro Alchemy Of Secrets - Stephanie Garber, De Garber, Stephanie, Vol. 1. Editorial Gollancz, Tapa Blanda, En Inglés (2025)",Mismo precio 3 cuotas de 13509,,,True,True,SBS Librerias Tienda oficial,True,MLA71487644,MLA2035895319,MLA71487644,MLAU3856262812,MLA71487644,ORGANIC,False,False,libros de terror,,,758,+9.999 resultados,https://articulo.mercadolibre.com.ar/MLA-2035895319,Llega gratis el lunes,,,,,MLA412445,MLA-BOOKS,,CORE,CORE,,2026-09-26T20:43:22.771Z,
https://http2.mlstatic.com/D_NQ_NP_962202-MLA103487753148_012026-O.webp,ARS,45000,,,,,,,Los Cuentos Del Pentalogy - Edward Plane,,,,True,,,False,MLA2759638832,MLA2759638832,,MLAU3717317460,MLAU3717317460,ORGANIC,False,False,libros de terror,,,998,+9.999 resultados,https://articulo.mercadolibre.com.ar/MLA-2759638832,Envío gratis,,,,,MLA412445,MLA-BOOKS,,CORE,CORE,,2026-09-26T20:47:25.171Z,
https://http2.mlstatic.com/D_NQ_NP_762217-MLA116552492268_092026-O.webp,ARS,33900,,,,,,,Noches Oscuras,,,,True,,Cúspide Tienda oficial,True,MLA2116103909,MLA2116103909,,MLAU5276331162,MLAU5276331162,ORGANIC,False,False,libros de terror,,,25,+9.999 resultados,https://articulo.mercadolibre.com.ar/MLA-2116103909,Envío gratis,,,,,MLA412445,MLA-BOOKS,,CORE,CORE,,2026-09-26T20:35:20.459Z,
https://http2.mlstatic.com/D_NQ_NP_699857-MLA117974721729_092026-O.webp,ARS,127890,,,,,,,The Terror Of Miracles - Nick Murphey,6 cuotas de 28773,,,True,,,False,MLA2110008251,MLA2110008251,,MLAU5259786590,MLAU5259786590,ORGANIC,False,False,libros de terror,,,468,+9.999 resultados,https://articulo.mercadolibre.com.ar/MLA-2110008251,Envío gratis,,,,,MLA412445,MLA-BOOKS,,CORE,CORE,,2026-09-26T20:39:20.663Z,
https://http2.mlstatic.com/D_NQ_NP_893887-MLM49074199502_022022-O.webp,ARS,33300,,,,,,,Libro Verano Negro,,,,True,True,Zivals Tienda oficial,True,MLA22142297,MLA1983875818,MLA22142297,MLAU2908441595,MLA22142297,ORGANIC,False,False,libros de terror,,2.0,540,+9.999 resultados,https://articulo.mercadolibre.com.ar/MLA-1983875818,Llega gratis el lunes,ÚLTIMAS 2 | ÚLTIMAS UNIDADES,,,,MLA412445,MLA-BOOKS,,CORE,CORE,,2026-09-26T20:40:58.966Z,
https://http2.mlstatic.com/D_NQ_NP_826607-MLU73253131804_122023-O.webp,ARS,47999,,,,,,,"Libro Misery, de King, Stephen. Editorial Debolsillo en español, 2007",6 cuotas de 10798,,100.0,False,True,Cúspide Tienda oficial,True,MLA20593127,MLA1882748473,MLA20593127,MLAU4264306672,MLA20593127,ORGANIC,False,False,libros de terror,4.8,,532,+9.999 resultados,https://articulo.mercadolibre.com.ar/MLA-1882748473,,,,,,MLA412445,MLA-BOOKS,,CORE,CORE,,2026-09-26T20:40:58.965Z,
https://http2.mlstatic.com/D_NQ_NP_897499-MLA84579421681_052025-O.webp,ARS,11760,,,,,,,"MIERUKO CHAN SLICE OF HORROR VOL. 11, de Tomoki Izumi. Mieruko-Chan, vol. 11. Editorial Ivrea, tapa blanda, edición 1 en español, 2025",,,25.0,False,True,UBIK Libros Comics Tienda oficial,True,MLA49568774,MLA1498430485,MLA49568774,MLAU3147360291,MLA49568774,ORGANIC,False,False,libros de terror,4.9,,619,+9.999 resultados,https://articulo.mercadolibre.com.ar/MLA-1498430485,Llega el lunes,,,,,MLA412445,MLA-BOOKS,,CORE,CORE,,2026-09-26T20:42:15.766Z,
https://http2.mlstatic.com/D_NQ_NP_826269-MLA80856853011_112024-O.webp,ARS,146712,,,,,,,"Fatale Integral 2, De Brubaker. Editorial Panini Comics, Tapa Dura En Español, 2022",6 cuotas de 33007,,,True,True,ENTELEQUIA Tienda oficial,True,MLA32400222,MLA1902791691,MLA32400222,MLAU307797411,MLA32400222,ORGANIC,False,False,libros de terror,,,695,+9.999 resultados,https://articulo.mercadolibre.com.ar/MLA-1902791691,Llega gratis el lunes,,,,,MLA412445,MLA-BOOKS,,CORE,CORE,,2026-09-26T20:42:57.465Z,
https://http2.mlstatic.com/D_NQ_NP_958514-MLA88587206057_072025-O.webp,ARS,44000,,,,,,,Hellblazer De Brian Azzarello Vol 2 Ed Planeta 408 Págs!!!,,,,True,,,False,MLA2200181364,MLA2200181364,,MLAU3324452250,MLAU3324452250,ORGANIC,False,False,libros de terror,,,927,+9.999 resultados,https://articulo.mercadolibre.com.ar/MLA-2200181364,Llega gratis el lunes,,,,,MLA412445,MLA-BOOKS,,CORE,CORE,,2026-09-26T20:46:42.557Z,
https://http2.mlstatic.com/D_NQ_NP_778006-MLA83092531815_032025-O.webp,ARS,26215,"27859,65",5% OFF,,,,,"Rain - Blackwater Vi - Michael Mcdowell, De Mcdowell, Michael. Editorial Penguin, Tapa Blanda En Inglés Internacional, 2024",,,,True,True,SBS Librerias Tienda oficial,True,MLA47189333,MLA1482902431,MLA47189333,MLAU3060272988,MLA47189333,ORGANIC,False,False,libros de terror,,1.0,339,+9.999 resultados,https://articulo.mercadolibre.com.ar/MLA-1482902431,Llega gratis el lunes,,,,,MLA412445,MLA-BOOKS,,CORE,CORE,,2026-09-26T20:38:25.366Z,
https://http2.mlstatic.com/D_NQ_NP_742050-MLA53431060998_012023-O.webp,ARS,65563,,,,,,,"Narrativa Completa - Lovecraft,h P",o 67563 en 3x 22521 sin interés,,100.0,True,True,,False,MLA22012948,MLA2828752118,MLA22012948,MLAU331902090,MLA22012948,ORGANIC,False,False,libros de terror,4.8,44.0,52,+9.999 resultados,https://articulo.mercadolibre.com.ar/MLA-2828752118,Llega gratis hoy,¡ÚLTIMA! | ÚLTIMA UNIDAD,,,,MLA412445,MLA-BOOKS,,CORE,CORE,,2026-09-26T20:35:45.063Z,
https://http2.mlstatic.com/D_NQ_NP_653788-MLU74114089470_012024-O.webp,ARS,41895,,,,,,,"Los Inamovibles Y Otros Relatos De Atrocidad, Deformidad, Horrror Y Depresion, De Shipley, Gary J.. Editorial Holobionte En Español",,,,True,True,,False,MLA30195080,MLA1571640175,MLA30195080,MLAU3344513113,MLA30195080,ORGANIC,False,False,libros de terror,,,508,+9.999 resultados,https://articulo.mercadolibre.com.ar/MLA-1571640175,Llega gratis el lunes,,,,,MLA412445,MLA-BOOKS,,CORE,CORE,,2026-09-26T20:40:58.960Z,
https://http2.mlstatic.com/D_NQ_NP_966214-MLA108572753970_032026-O.webp,ARS,14000,,,,,,,"Libro Cuentos De Terror Antologia, De Lovecraft Stoker Chejov Etc, Vol. No. Editorial Andres Bello, Tapa Blanda ( 1995)",,,,False,True,,False,MLA67095594,MLA1846024741,MLA67095594,MLAU4133517696,MLA67095594,ORGANIC,False,False,libros de terror,,,517,+9.999 resultados,https://articulo.mercadolibre.com.ar/MLA-1846024741,,,,,,MLA412445,MLA-BOOKS,,CORE,CORE,,2026-09-26T20:40:58.961Z,
https://http2.mlstatic.com/D_NQ_NP_845647-MLA99996750163_112025-O.webp,ARS,44329,,,,,,,"Cementerio De Animales, De Stephen King. Editorial Debolsillo, Tapa Blanda En Español, 2020",,,,True,True,MASLIBROS Tienda oficial,True,MLA24966144,MLA1917315817,MLA24966144,MLAU4397738503,MLA24966144,ORGANIC,False,False,libros de terror,,,921,+9.999 resultados,https://articulo.mercadolibre.com.ar/MLA-1917315817,Llega gratis mañana Enviado por FULL,,,,,MLA412445,MLA-BOOKS,,CORE,CORE,,2026-09-26T20:46:42.474Z,
https://http2.mlstatic.com/D_NQ_NP_860776-MLU69774804396_062023-O.webp,ARS,26327,,,,,,,Libro Wigetta En El Planeta Mimisikú Español Vegetta777 y Willyrex,,,,False,True,MASLIBROS Tienda oficial,True,MLA23692722,MLA1379385477,MLA23692722,MLAU142416008,MLA23692722,ORGANIC,False,False,libros de terror,,1.0,782,+9.999 resultados,https://articulo.mercadolibre.com.ar/MLA-1379385477,,,,,,MLA412445,MLA-BOOKS,,CORE,CORE,,2026-09-26T20:43:22.772Z,
https://http2.mlstatic.com/D_NQ_NP_957691-MLA98194202107_112025-O.webp,ARS,28025,29500,5% OFF,,,,,"Libro Frankenstein - Con Ilustraciones, De Mary Shelley. Del Fondo Editorial, Tapa Blanda (2025)",,,25.0,False,True,NADIR LIBROS Tienda oficial,True,MLA62107986,MLA2789319240,MLA62107986,MLAU3558403616,MLA62107986,ORGANIC,False,False,libros de terror,4.8,,265,+9.999 resultados,https://articulo.mercadolibre.com.ar/MLA-2789319240,,,,,,MLA412445,MLA-BOOKS,,CORE,CORE,,2026-09-26T20:37:19.479Z,
https://http2.mlstatic.com/D_NQ_NP_878245-MLU72970551089_112023-O.webp,ARS,27400,,,,,,,The King In Yellow - Robert W. Chambers,,,100.0,True,True,SBS Librerias Tienda oficial,True,MLA21231183,MLA1473827562,MLA21231183,MLAU310414249,MLA21231183,ORGANIC,False,False,libros de terror,4.6,10.0,818,+9.999 resultados,https://articulo.mercadolibre.com.ar/MLA-1473827562,Llega gratis el lunes,,,,,MLA412445,MLA-BOOKS,,CORE,CORE,,2026-09-26T20:43:43.962Z,
https://http2.mlstatic.com/D_NQ_NP_716047-MLA29643448964_032019-O.webp,ARS,28990,,,,,,,Lo Mas Cruel Del Invierno - Chris Priestley,,,25.0,True,True,,False,MLA22166302,MLA2124354299,MLA22166302,MLAU5264606611,MLA22166302,ORGANIC,False,False,libros de terror,5.0,,711,+9.999 resultados,https://articulo.mercadolibre.com.ar/MLA-2124354299,Llega gratis el lunes,,,,,MLA412445,MLA-BOOKS,,CORE,CORE,,2026-09-26T20:42:57.465Z,
https://http2.mlstatic.com/D_NQ_NP_679344-MLA84321963704_052025-O.webp,ARS,27569,,,,,,,"Castigo, De Carme Chaparro. 1, Vol. 1. Editorial Booket, Tapa Blanda, Edición 1 En Español, 2025",,,,False,True,LIBERATE Tienda oficial,True,MLA49780512,MLA2278053610,MLA49780512,MLAU3377079534,MLA49780512,ORGANIC,False,False,libros de terror,,,683,+9.999 resultados,https://articulo.mercadolibre.com.ar/MLA-2278053610,,,,,,MLA412445,MLA-BOOKS,,CORE,CORE,,2026-09-26T20:42:26.364Z,
https://http2.mlstatic.com/D_NQ_NP_694576-MLA99939359597_112025-O.webp,ARS,12000,,,,,,,"Tenku Shinpan: Tenku Shinpan, De Tsuina Miura. Serie Tenku Shinpan, Vol. 16. Editorial Panini, Tapa Blanda, Edición 1 En Español, 2022",,,,False,True,,False,MLA23654251,MLA1486899980,MLA23654251,MLAU151804049,MLA23654251,ORGANIC,False,False,libros de terror,,,833,+9.999 resultados,https://articulo.mercadolibre.com.ar/MLA-1486899980,Llega el lunes,,,,,MLA412445,MLA-BOOKS,,CORE,CORE,,2026-09-26T20:44:01.566Z,
https://http2.mlstatic.com/D_NQ_NP_913248-MLU70653137661_072023-O.webp,ARS,82366,,,,,,,"El Terror Bolivariano, De Victoria Wilches, Pablo. Editorial La Esfera De Los Libros, S.l., Tapa Dura En Español",6 cuotas de 18530,,,True,True,LIBRENTA Tienda oficial,True,MLA24759911,MLA2224936090,MLA24759911,MLAU3351783350,MLA24759911,ORGANIC,False,False,libros de terror,,,519,+9.999 resultados,https://articulo.mercadolibre.com.ar/MLA-2224936090,Envío gratis,,,,,MLA412445,MLA-BOOKS,,CORE,CORE,,2026-09-26T20:40:58.961Z,
https://http2.mlstatic.com/D_NQ_NP_740012-MLA80187567115_102024-O.webp,ARS,28012,,,,,,,"El Misterio De Salem's Lot, De King, Stephen. Editorial Debolsillo, Tapa Blanda En Español, 2022",,,25.0,False,True,LIBERATE Tienda oficial,True,MLA35131653,MLA1907544376,MLA35131653,MLAU144046578,MLA35131653,ORGANIC,False,False,libros de terror,4.8,84.0,448,+9.999 resultados,https://articulo.mercadolibre.com.ar/MLA-1907544376,,,,,,MLA412445,MLA-BOOKS,,CORE,CORE,,2026-09-26T20:39:20.662Z,
https://http2.mlstatic.com/D_NQ_NP_880284-MLA49274891958_032022-O.webp,ARS,26974,,,,,,,Libro El Misterio De Salem's Lot,,,100.0,False,True,LIBRENTA Tienda oficial,True,MLA22116471,MLA1437773453,MLA22116471,MLAU398639002,MLA22116471,ORGANIC,False,False,libros de terror,4.8,95.0,19,+9.999 resultados,https://articulo.mercadolibre.com.ar/MLA-1437773453,Llega mañana Enviado por FULL,,,,,MLA412445,MLA-BOOKS,,CORE,CORE,,2026-09-26T20:35:20.459Z,
https://http2.mlstatic.com/D_NQ_NP_864234-MLU71252044067_082023-O.webp,ARS,44840,,,,,,,"La Noche De Los Maniquís, De Stephen Graham Jones. Editorial La Biblioteca De Carfax, Tapa Blanda En Español, 2022",,,,True,True,MASLIBROS Tienda oficial,True,MLA26325066,MLA1388690321,MLA26325066,MLAU142959575,MLA26325066,ORGANIC,False,False,libros de terror,,3.0,716,+9.999 resultados,https://articulo.mercadolibre.com.ar/MLA-1388690321,Envío gratis,,,,,MLA412445,MLA-BOOKS,,CORE,CORE,,2026-09-26T20:42:57.465Z,
https://http2.mlstatic.com/D_NQ_NP_612262-MLA117444209447_092026-O.webp,ARS,74299,,,,,,,Libro: Fifty Shades Of Terror 2019: 50 Reviews Of Black And,Mismo precio 6 cuotas de 12383,,,True,,,False,MLA2077197231,MLA2077197231,,MLAU5124554157,MLAU5124554157,ORGANIC,False,False,libros de terror,,,484,+9.999 resultados,https://articulo.mercadolibre.com.ar/MLA-2077197231,Envío gratis,,,,,MLA412445,MLA-BOOKS,,CORE,CORE,,2026-09-26T20:39:50.863Z,
https://http2.mlstatic.com/D_NQ_NP_983881-MLA49526054881_032022-O.webp,ARS,24000,,,,,,,Cuentos De Terror Carlos Trillo Eduardo Risso,,,25.0,True,True,,False,MLA21130944,MLA1383700253,MLA21130944,MLAU144716320,MLA21130944,ORGANIC,False,False,libros de terror,4.6,1.0,569,+9.999 resultados,https://articulo.mercadolibre.com.ar/MLA-1383700253,Llega gratis el lunes,,,,,MLA412445,MLA-BOOKS,,CORE,CORE,,2026-09-26T20:41:27.588Z,
https://http2.mlstatic.com/D_NQ_NP_841937-MLM51107049945_082022-O.webp,ARS,39109,,,,,,,Soy Leyenda,,,,True,True,MASLIBROS Tienda oficial,True,MLA21998661,MLA1381150287,MLA21998661,MLAU143254746,MLA21998661,ORGANIC,False,False,libros de terror,,1.0,434,+9.999 resultados,https://articulo.mercadolibre.com.ar/MLA-1381150287,Envío gratis,,,,,MLA412445,MLA-BOOKS,,CORE,CORE,,2026-09-26T20:39:20.661Z,
https://http2.mlstatic.com/D_NQ_NP_770130-MLA116074103696_092026-O.webp,ARS,26900,,,,,,,"LIBRO Heterocromía - Ciocia, Julián - Oyd Ediciones - Blanda",,,,False,True,,False,MLA79217363,MLA3979149218,MLA79217363,MLAU202554448,MLA79217363,ORGANIC,False,False,libros de terror,,,368,+9.999 resultados,https://articulo.mercadolibre.com.ar/MLA-3979149218,,,,,,MLA412445,MLA-BOOKS,,CORE,CORE,,2026-09-26T20:38:25.457Z,
https://http2.mlstatic.com/D_NQ_NP_607116-MLU74994563974_032024-O.webp,ARS,32900,,,,,,,"Frankenstein - Mary W. Shelley - Colihue Clasica, de Shelley, Mary. Editorial Colihue, tapa blanda en español, 2006",,,500.0,True,True,,False,MLA21130013,MLA1941841106,MLA21130013,MLAU1173724936,MLA21130013,ORGANIC,False,False,libros de terror,5.0,78.0,84,+9.999 resultados,https://articulo.mercadolibre.com.ar/MLA-1941841106,Llega gratis el lunes,ÚLTIMAS 2 | ÚLTIMAS UNIDADES,,,,MLA412445,MLA-BOOKS,,CORE,CORE,,2026-09-26T20:35:45.066Z,
https://http2.mlstatic.com/D_NQ_NP_671198-MLA85745408072_062025-O.webp,ARS,17000,,,,,,,"Smile Dog En Laguna Turbia, De Ezequiel Dellutri. Creepypastas, Vol. 1. Editorial Bambali Ediciones, Tapa Blanda, Edición 1a Edición En Español, 2025",,,25.0,False,True,,False,MLA51197296,MLA1780547721,MLA51197296,MLAU3945208695,MLA51197296,ORGANIC,False,False,libros de terror,4.8,,62,+9.999 resultados,https://articulo.mercadolibre.com.ar/MLA-1780547721,,,,,,MLA412445,MLA-BOOKS,,CORE,CORE,,2026-09-26T20:35:45.064Z,
https://http2.mlstatic.com/D_NQ_NP_611837-MLA105021957651_012026-O.webp,ARS,15000,,,,,,,El Angel Del Terror - Edgar Wallace,,,,False,,,False,MLA1647093669,MLA1647093669,,MLAU3730854967,MLAU3730854967,ORGANIC,False,False,libros de terror,,,639,+9.999 resultados,https://articulo.mercadolibre.com.ar/MLA-1647093669,,,,,,MLA412445,MLA-BOOKS,,CORE,CORE,,2026-09-26T20:42:15.767Z,
https://http2.mlstatic.com/D_NQ_NP_668719-MLA106605838406_022026-O.webp,ARS,23999,,,,,,,"Libro Una Novela De Terror Y De Amistad - Alvarez Rivera, De Alvarez Rivera, Veronica. Editorial Planetalector, Tapa Blanda (2026)",Mismo precio 3 cuotas de 7999,,25.0,True,True,,False,MLA65628638,MLA3064226474,MLA65628638,MLAU3852056586,MLA65628638,ORGANIC,False,False,libros de terror,5.0,1.0,273,+9.999 resultados,https://articulo.mercadolibre.com.ar/MLA-3064226474,Llega gratis el lunes,¡ÚLTIMA! | ÚLTIMA UNIDAD,,,,MLA412445,MLA-BOOKS,,CORE,CORE,,2026-09-26T20:37:19.479Z,
https://http2.mlstatic.com/D_NQ_NP_624465-MLA99854805177_112025-O.webp,ARS,18000,20000,10% OFF,,,,,"Libro Historia Enrulada Con Teros Y Perros (y Peros Y Terros), De Wittner, Laura. Editorial A-z, Tapa Blanda (2025)",,,25.0,False,True,Eterna Cadencia Tienda oficial,True,MLA62657888,MLA2615420880,MLA62657888,MLAU3558353697,MLA62657888,ORGANIC,False,False,libros de terror,5.0,,286,+9.999 resultados,https://articulo.mercadolibre.com.ar/MLA-2615420880,,,,,,MLA412445,MLA-BOOKS,,CORE,CORE,,2026-09-26T20:37:19.557Z,
https://http2.mlstatic.com/D_NQ_NP_921453-MLA99452909860_112025-O.webp,ARS,10000,,,,,,,"Cuentos Que Hielan La Sangre, De Cinetto, Liliana. Editorial Pictus En Español",,,100.0,False,True,,False,MLA23598083,MLA2034220394,MLA23598083,MLAU3076147725,MLA23598083,ORGANIC,False,False,libros de terror,5.0,8.0,361,+9.999 resultados,https://articulo.mercadolibre.com.ar/MLA-2034220394,Llega el lunes,ÚLTIMAS 3 | ÚLTIMAS UNIDADES,,,,MLA412445,MLA-BOOKS,,CORE,CORE,,2026-09-26T20:38:25.456Z,
https://http2.mlstatic.com/D_NQ_NP_809665-MLU72970552689_112023-O.webp,ARS,42322,47499,10% OFF,,,,,Los Fantasmas Favoritos de Roald Dahl una Antología de Cuentos Editorial Blackie Books en Español Tapa Blanda,,,50.0,True,True,LIBRENTA Tienda oficial,True,MLA24608381,MLA1382826065,MLA24608381,MLAU234313069,MLA24608381,ORGANIC,False,False,libros de terror,5.0,,355,+9.999 resultados,https://articulo.mercadolibre.com.ar/MLA-1382826065,Llega gratis el lunes,,,,,MLA412445,MLA-BOOKS,,CORE,CORE,,2026-09-26T20:38:25.366Z,
https://http2.mlstatic.com/D_NQ_NP_981355-MLA46219853219_052021-O.webp,ARS,75074,,,,,,,"Las Furias, Violencia Y Terror En Las Revoluciones France...",6 cuotas de 16890,,25.0,True,True,LIBRENTA Tienda oficial,True,MLA21225809,MLA1518787123,MLA21225809,MLAU3399397540,MLA21225809,ORGANIC,False,False,libros de terror,,,457,+9.999 resultados,https://articulo.mercadolibre.com.ar/MLA-1518787123,Envío gratis,,,,,MLA412445,MLA-BOOKS,,CORE,CORE,,2026-09-26T20:39:20.663Z,
https://http2.mlstatic.com/D_NQ_NP_785415-MLA104605790193_012026-O.webp,ARS,93810,,,,,,,"Libro Drácula (el Jardín Secreto), De Bram Stoker. Editorial Alma Ediciones (2026)",6 cuotas de 21105,,,True,True,PANDORA LIBROS TU LIBRERIA ONL Tienda oficial,True,MLA64201903,MLA1787383049,MLA64201903,MLAU3959315179,MLA64201903,ORGANIC,False,False,libros de terror,,3.0,279,+9.999 resultados,https://articulo.mercadolibre.com.ar/MLA-1787383049,Envío gratis,,,,,MLA412445,MLA-BOOKS,,CORE,CORE,,2026-09-26T20:37:19.479Z,
https://http2.mlstatic.com/D_NQ_NP_622204-MLU75984675678_052024-O.webp,ARS,30330,33700,10% OFF,,,,,"Juegos Del Hambre 02, Los: En Llamas, De Suzanne Collins. Editorial B De Bolsillo En Español",,,100.0,False,True,Zivals Tienda oficial,True,MLA24678550,MLA1792684834,MLA24678550,MLAU380943422,MLA24678550,ORGANIC,False,False,libros de terror,4.7,49.0,13,+9.999 resultados,https://articulo.mercadolibre.com.ar/MLA-1792684834,Llega mañana Enviado por FULL,,,,,MLA412445,MLA-BOOKS,,CORE,CORE,,2026-09-26T20:35:20.458Z,
https://http2.mlstatic.com/D_NQ_NP_959547-MCO45796950635_052021-O.webp,ARS,121600,,,,,,,Colección Clásicos del Terror 7 Volúmenes Editorial Del Fondo Tapa Blanda en Español 2020,6 cuotas de 27357,,100.0,True,True,,False,MLA21168990,MLA1945868318,MLA21168990,MLAU2609678982,MLA21168990,ORGANIC,False,False,libros de terror,4.8,,183,+9.999 resultados,https://articulo.mercadolibre.com.ar/MLA-1945868318,Llega gratis el lunes,,,,,MLA412445,MLA-BOOKS,,CORE,CORE,,2026-09-26T20:36:29.367Z,
https://http2.mlstatic.com/D_NQ_NP_646096-MLA48812063775_012022-O.webp,ARS,11400,12000,5% OFF,,,,,Gritos Lejanos - Guillermo Barrantes,,,,False,True,NADIR LIBROS Tienda oficial,True,MLA21358239,MLA2407298664,MLA21358239,MLAU3451441741,MLA21358239,ORGANIC,False,False,libros de terror,,,369,+9.999 resultados,https://articulo.mercadolibre.com.ar/MLA-2407298664,,,,,,MLA412445,MLA-BOOKS,,CORE,CORE,,2026-09-26T20:38:25.457Z,
https://http2.mlstatic.com/D_NQ_NP_755778-MLA107026248865_022026-O.webp,ARS,24000,,,,,,,"El Vampiro - Guillot, Victor Juan, De Guillot, Victor Juan. Editorial Ediciones Ignotas En Español",,,,False,True,,False,MLA25381506,MLA2240038548,MLA25381506,MLAU190192916,MLA25381506,ORGANIC,False,False,libros de terror,,1.0,882,+9.999 resultados,https://articulo.mercadolibre.com.ar/MLA-2240038548,,,,,,MLA412445,MLA-BOOKS,,CORE,CORE,,2026-09-26T20:45:19.267Z,
https://http2.mlstatic.com/D_NQ_NP_742315-MLA79399634948_092024-O.webp,ARS,17812,,,,,,,Locke & Key: Cielo Y Tierra - Panini,,,25.0,True,True,UBIK Libros Comics Tienda oficial,True,MLA21199557,MLA1501222048,MLA21199557,MLAU151495103,MLA21199557,ORGANIC,False,False,libros de terror,4.9,,616,+9.999 resultados,https://articulo.mercadolibre.com.ar/MLA-1501222048,Llega gratis el lunes,,,,,MLA412445,MLA-BOOKS,,CORE,CORE,,2026-09-26T20:42:15.766Z,
https://http2.mlstatic.com/D_NQ_NP_819289-MLA40978809296_032020-O.webp,ARS,18050,19000,5% OFF,,,,,Ocho Porciones De Terror Fabian Sevilla Libro,,,100.0,False,True,NADIR LIBROS Tienda oficial,True,MLA21291392,MLA1322696054,MLA21291392,MLAU280625291,MLA21291392,ORGANIC,False,False,libros de terror,5.0,,224,+9.999 resultados,https://articulo.mercadolibre.com.ar/MLA-1322696054,,ÚLTIMAS 2 | ÚLTIMAS UNIDADES,,,,MLA412445,MLA-BOOKS,,CORE,CORE,,2026-09-26T20:36:55.660Z,
https://http2.mlstatic.com/D_NQ_NP_837365-MLU74151268748_012024-O.webp,ARS,18000,,,,,,,"Los Monos Fantasma, De Bayona-chavetta. Editorial Gerbera, Tapa Blanda En Español, 2023",,,50.0,True,True,,False,MLA30528110,MLA1545539347,MLA30528110,MLAU3451289770,MLA30528110,ORGANIC,False,False,libros de terror,5.0,8.0,573,+9.999 resultados,https://articulo.mercadolibre.com.ar/MLA-1545539347,Llega gratis el lunes,,,,,MLA412445,MLA-BOOKS,,CORE,CORE,,2026-09-26T20:41:27.588Z,
https://http2.mlstatic.com/D_NQ_NP_686304-MLA42409876367_062020-O.webp,ARS,52976,,,,,,,Rojo 3 Nâº 3/3 - Carlos Sisi,6 cuotas de 11918,,,True,True,LIBRENTA Tienda oficial,True,MLA22108369,MLA2250398070,MLA22108369,MLAU3362105513,MLA22108369,ORGANIC,False,False,libros de terror,,,971,+9.999 resultados,https://articulo.mercadolibre.com.ar/MLA-2250398070,Envío gratis,,,,,MLA412445,MLA-BOOKS,,CORE,CORE,,2026-09-26T20:47:08.561Z,
https://http2.mlstatic.com/D_NQ_NP_888343-MLA94282273921_102025-O.webp,ARS,32935,35000,5% OFF,,,,,The Great God Pan And Other Stories - Arthur Machen,,,,True,,SBS Librerias Tienda oficial,True,MLA2421350030,MLA2421350030,,MLAU3466266133,MLAU3466266133,ORGANIC,False,False,libros de terror,,,654,+9.999 resultados,https://articulo.mercadolibre.com.ar/MLA-2421350030,Llega gratis el lunes,,,,,MLA412445,MLA-BOOKS,,CORE,CORE,,2026-09-26T20:42:26.363Z,
https://http2.mlstatic.com/D_NQ_NP_945978-MLA79711235645_102024-O.webp,ARS,28336,30800,8% OFF,,,,,"El Que Susurra En La Oscuridad Y Otras Crónicas Tenebrosas / Pd.: Y Otras Crónicas Tenebrosas, De Lovecraft, Howard Phillips., Vol. 1. Editorial Mirlo, Tapa Dura, Edición 01 En Español, 2012",,,,False,True,Yenny El Ateneo Tienda oficial,True,MLA41380969,MLA1531451377,MLA41380969,MLAU3412421429,MLA41380969,ORGANIC,False,False,libros de terror,,,546,+9.999 resultados,https://articulo.mercadolibre.com.ar/MLA-1531451377,,,,,,MLA412445,MLA-BOOKS,,CORE,CORE,,2026-09-26T20:41:27.587Z,
https://http2.mlstatic.com/D_NQ_NP_744017-MLA112555915358_062026-O.webp,ARS,17000,,,,,,,Lovecraft + Poe Terror Horror Suspenso Pack X3 Libros,,,,False,,,False,MLA3511730944,MLA3511730944,,MLAU4144140635,MLAU4144140635,ORGANIC,False,False,libros de terror,,,583,+9.999 resultados,https://articulo.mercadolibre.com.ar/MLA-3511730944,Llega el lunes,,,,,MLA412445,MLA-BOOKS,,CORE,CORE,,2026-09-26T20:41:27.659Z,
https://http2.mlstatic.com/D_NQ_NP_792148-MLA109640079072_042026-O.webp,ARS,55999,,,,,,,Oni-goroshi 2 - Arechi,6 cuotas de 12598,,,True,True,ENTELEQUIA Tienda oficial,True,MLA68159180,MLA1780672243,MLA68159180,MLAU3957424142,MLA68159180,ORGANIC,False,False,libros de terror,,,634,+9.999 resultados,https://articulo.mercadolibre.com.ar/MLA-1780672243,Llega gratis el lunes,,,,,MLA412445,MLA-BOOKS,,CORE,CORE,,2026-09-26T20:42:15.767Z,
https://http2.mlstatic.com/D_NQ_NP_642556-MLA92788267703_092025-O.webp,ARS,32775,34500,5% OFF,,,,,"Las Cuatro Después De Medianoche, De King, Stephen. Editorial Debolsillo En Español",,,50.0,True,True,Zivals Tienda oficial,True,MLA23596442,MLA1829440973,MLA23596442,MLAU374496759,MLA23596442,ORGANIC,False,False,libros de terror,5.0,7.0,177,+9.999 resultados,https://articulo.mercadolibre.com.ar/MLA-1829440973,Llega gratis el lunes,ÚLTIMAS 3 | ÚLTIMAS UNIDADES,,,,MLA412445,MLA-BOOKS,,CORE,CORE,,2026-09-26T20:36:29.367Z,
https://http2.mlstatic.com/D_NQ_NP_886307-MLU79169033719_092024-O.webp,ARS,53289,,,,,,,"Dr Cula / Dracula, De Bram Stoker. Editorial Penguin Clásicos, Tapa Blanda En Español",6 cuotas de 11989,,,True,True,EL BAZAR DIGITAL Tienda oficial,True,MLA33685995,MLA1782085487,MLA33685995,MLAU3673556752,MLA33685995,ORGANIC,False,False,libros de terror,,,666,+9.999 resultados,https://articulo.mercadolibre.com.ar/MLA-1782085487,Envío gratis,,,,,MLA412445,MLA-BOOKS,,CORE,CORE,,2026-09-26T20:42:26.363Z,
https://http2.mlstatic.com/D_NQ_NP_620401-MLA94362924159_102025-O.webp,ARS,125798,,,,,,,"Libro LA ÚNICA APUESTA QUE REALMENTE GANÉ vs vicios, adicciones y otros terrores emocionales, de Manuel Salmun Wiernik. Editorial Epicbook",6 cuotas de 28302,,,True,True,,False,MLA59149730,MLA1793698193,MLA59149730,MLAU3982453616,MLA59149730,ORGANIC,False,False,libros de terror,,,674,+9.999 resultados,https://articulo.mercadolibre.com.ar/MLA-1793698193,Envío gratis,,,,,MLA412445,MLA-BOOKS,,CORE,CORE,,2026-09-26T20:42:26.363Z,
https://http2.mlstatic.com/D_NQ_NP_615448-MLA100007775677_122025-O.webp,ARS,38000,,,,,,,"Araña, De Bilbao, Jon. Editorial Impedimenta, Tapa Blanda, Edición 1 En Español, 2023",,,,True,True,,False,MLA25530341,MLA1932862281,MLA25530341,MLAU4478221883,MLA25530341,ORGANIC,False,False,libros de terror,,,586,+9.999 resultados,https://articulo.mercadolibre.com.ar/MLA-1932862281,Envío gratis,,,,,MLA412445,MLA-BOOKS,,CORE,CORE,,2026-09-26T20:41:27.659Z,
https://http2.mlstatic.com/D_NQ_NP_710013-MLA103763453550_012026-O.webp,ARS,73999,,,,,,,Enriquez Lugar Soleado Cosas Perdimos Fuego Fumar En La Cama,6 cuotas de 16648,,,True,,,False,MLA2769469016,MLA2769469016,,MLAU3714265061,MLAU3714265061,ORGANIC,False,False,libros de terror,,,874,+9.999 resultados,https://articulo.mercadolibre.com.ar/MLA-2769469016,Llega gratis el lunes,,,,,MLA412445,MLA-BOOKS,,CORE,CORE,,2026-09-26T20:45:19.267Z,
https://http2.mlstatic.com/D_NQ_NP_767366-MLU70296987472_072023-O.webp,ARS,26900,,,,,,,"Cuaderno De Ideas, De H.p. Lovecraft. Editorial Periférica, Tapa Blanda En Español, 2023",,,,True,True,,False,MLA24247003,MLA1455862667,MLA24247003,MLAU2395403371,MLA24247003,ORGANIC,False,False,libros de terror,,,394,+9.999 resultados,https://articulo.mercadolibre.com.ar/MLA-1455862667,Llega gratis el lunes,,,,,MLA412445,MLA-BOOKS,,CORE,CORE,,2026-09-26T20:38:48.173Z,
https://http2.mlstatic.com/D_NQ_NP_911133-MLA112209664811_052026-O.webp,ARS,9900,,,,,,,El Rey De Amarillo Y Otros Relatos - Robert Chambers - Libro,,,,False,,,False,MLA3368996330,MLA3368996330,,MLAU3998143229,MLAU3998143229,ORGANIC,False,False,libros de terror,,,164,+9.999 resultados,https://articulo.mercadolibre.com.ar/MLA-3368996330,Llega el lunes,ÚLTIMAS 2 | ÚLTIMAS UNIDADES,,,,MLA412445,MLA-BOOKS,,CORE,CORE,,2026-09-26T20:36:29.366Z,
https://http2.mlstatic.com/D_NQ_NP_777284-MLA91346631582_092025-O.webp,ARS,79655,89000,10% OFF,,,,,"Libro Cuentos Completos, De Poe, Edgar Allan, Vol. 1. Editorial Paginas De Espuma Editorial, Tapa Blanda (2025)",Mismo precio 3 cuotas de 26551,,25.0,True,True,Yenny El Ateneo Tienda oficial,True,MLA54632369,MLA1814556875,MLA54632369,MLAU4042843210,MLA54632369,ORGANIC,False,False,libros de terror,5.0,6.0,249,+9.999 resultados,https://articulo.mercadolibre.com.ar/MLA-1814556875,Envío gratis,ÚLTIMAS 3 | ÚLTIMAS UNIDADES,,,,MLA412445,MLA-BOOKS,,CORE,CORE,,2026-09-26T20:37:19.476Z,
https://http2.mlstatic.com/D_NQ_NP_788038-MLU79040557612_092024-O.webp,ARS,16500,,,,,,,"Cuentos De Mucho Terror, De Marina Rodriguez Felder., Vol. 1. Editorial Grupo Imaginador, Tapa Blanda En Español, 2024",,,,False,True,Estacion Libro Tienda oficial,True,MLA40810678,MLA1952399794,MLA40810678,MLAU376341082,MLA40810678,ORGANIC,False,False,libros de terror,,,635,+9.999 resultados,https://articulo.mercadolibre.com.ar/MLA-1952399794,,,,,,MLA412445,MLA-BOOKS,,CORE,CORE,,2026-09-26T20:42:15.767Z,
https://http2.mlstatic.com/D_NQ_NP_661716-MLU71324296707_082023-O.webp,ARS,25606,,,,,,,"Libro CONSTRUCCION MEDIATICA DE LA GUERRA Y EL TERRORISMO - DORIS, de DORIS MARTINEZ VIZCARRONDO. Editorial Biblos",,,,False,True,,False,MLA26502399,MLA1570996268,MLA26502399,MLAU140493519,MLA26502399,ORGANIC,False,False,libros de terror,,,886,+9.999 resultados,https://articulo.mercadolibre.com.ar/MLA-1570996268,,,,,,MLA412445,MLA-BOOKS,,CORE,CORE,,2026-09-26T20:45:19.267Z,
https://http2.mlstatic.com/D_NQ_NP_663676-MLA81247098764_122024-O.webp,ARS,131926,,,,,,,"Simpson,los La Casa Arbol Del Terror 1: Historias De Terror Y Tentáculos, De Aa.vv. La Casa-árbol Del Terror, Vol. 1. Editorial Hidra,editorial, Tapa Dura En Español, 2024",6 cuotas de 29681,,,True,True,MASLIBROS Tienda oficial,True,MLA44966188,MLA1983983000,MLA44966188,MLAU2895571072,MLA44966188,ORGANIC,False,False,libros de terror,,,670,+9.999 resultados,https://articulo.mercadolibre.com.ar/MLA-1983983000,Envío gratis,,,,,MLA412445,MLA-BOOKS,,CORE,CORE,,2026-09-26T20:42:26.363Z,
https://http2.mlstatic.com/D_NQ_NP_673969-MLU72521940500_102023-O.webp,ARS,24210,26900,10% OFF,,,,,"Frankenstein - Loqueleo Roja, de Wollstonecraft Shelley, Mary. Editorial SANTILLANA, tapa blanda en español, 2015",,,100.0,False,True,Eterna Cadencia Tienda oficial,True,MLA21551152,MLA1386834961,MLA21551152,MLAU282205755,MLA21551152,ORGANIC,False,False,libros de terror,4.8,37.0,376,+9.999 resultados,https://articulo.mercadolibre.com.ar/MLA-1386834961,,¡ÚLTIMA! | ÚLTIMA UNIDAD,,,,MLA412445,MLA-BOOKS,,CORE,CORE,,2026-09-26T20:38:25.457Z,
https://http2.mlstatic.com/D_NQ_NP_617116-MLA32634331467_102019-O.webp,ARS,44000,,,,,,,Libro Desesperación Stephen King Debolsillo,,,50.0,True,True,,False,MLA21305182,MLA3896679824,MLA21305182,MLAU208768633,MLA21305182,ORGANIC,False,False,libros de terror,4.9,,413,+9.999 resultados,https://articulo.mercadolibre.com.ar/MLA-3896679824,Envío gratis,,,,,MLA412445,MLA-BOOKS,,CORE,CORE,,2026-09-26T20:38:48.174Z,
https://http2.mlstatic.com/D_NQ_NP_756408-MLA99555763108_122025-O.webp,ARS,10450,11000,5% OFF,,,,,Manga Chainsaw Man #10 Ivrea Argentina,,,500.0,False,True,Zivals Tienda oficial,True,MLA20898653,MLA1617511650,MLA20898653,MLAU154505407,MLA20898653,ORGANIC,False,False,libros de terror,4.9,,75,+9.999 resultados,https://articulo.mercadolibre.com.ar/MLA-1617511650,Llega el lunes,ÚLTIMAS 4 | ÚLTIMAS UNIDADES,,,,MLA412445,MLA-BOOKS,,CORE,CORE,,2026-09-26T20:35:45.064Z,
https://http2.mlstatic.com/D_NQ_NP_763805-MLA107532209532_032026-O.webp,ARS,26910,29250,8% OFF,,,,,Carrie - Stephen King,,,,False,,Yenny El Ateneo Tienda oficial,True,MLA1691994409,MLA1691994409,,MLAU3823568401,MLAU3823568401,ORGANIC,False,False,libros de terror,,,114,+9.999 resultados,https://articulo.mercadolibre.com.ar/MLA-1691994409,Llega mañana Enviado por FULL,,,,,MLA412445,MLA-BOOKS,,CORE,CORE,,2026-09-26T20:36:02.364Z,
https://http2.mlstatic.com/D_NQ_NP_995658-MLA83284572278_042025-O.webp,ARS,55600,,,,,,,"Esa Maldita Voz Y Otros Relatos Fantasmagoricos, De Lee Vernon. Editorial Ediciones Catedra, Tapa Blanda En Español, 2025",6 cuotas de 12509,,,True,True,Libreria Hernandez Tienda oficial,True,MLA47760966,MLA2925086272,MLA47760966,MLAU3794382760,MLA47760966,ORGANIC,False,False,libros de terror,,,599,+9.999 resultados,https://articulo.mercadolibre.com.ar/MLA-2925086272,Llega gratis el lunes,,,,,MLA412445,MLA-BOOKS,,CORE,CORE,,2026-09-26T20:41:53.068Z,
https://http2.mlstatic.com/D_NQ_NP_853651-MLU71189863006_082023-O.webp,ARS,48531,,,,,,,"Libro TERROR DE ESTADO, de HILLARY/PENNY LOUISE CLINTON. Editorial Salamandra",6 cuotas de 10918,,,True,True,LIBRENTA Tienda oficial,True,MLA26284324,MLA1515248761,MLA26284324,MLAU3362159201,MLA26284324,ORGANIC,False,False,libros de terror,,,962,+9.999 resultados,https://articulo.mercadolibre.com.ar/MLA-1515248761,Envío gratis,,,,,MLA412445,MLA-BOOKS,,CORE,CORE,,2026-09-26T20:47:08.560Z,
https://http2.mlstatic.com/D_NQ_NP_601072-MLA111570828408_062026-O.webp,ARS,25999,,,,,,,"Superman: La Saga De Superboy - John Byrne, Greg Larocque - Ovni Press",,,,True,True,,False,MLA71587798,MLA3420833302,MLA71587798,MLAU4042630581,MLA71587798,ORGANIC,False,False,libros de terror,,,391,+9.999 resultados,https://articulo.mercadolibre.com.ar/MLA-3420833302,Llega gratis el lunes,,,,,MLA412445,MLA-BOOKS,,CORE,CORE,,2026-09-26T20:38:48.173Z,
https://http2.mlstatic.com/D_NQ_NP_847451-MLA111554261691_052026-O.webp,ARS,47530,,,,,,,Pie De Bruja - Brom,6 cuotas de 10693,,50.0,True,True,PANDORA LIBROS TU LIBRERIA ONL Tienda oficial,True,MLA69554345,MLA2066338233,MLA69554345,MLAU4744399912,MLA69554345,ORGANIC,False,False,libros de terror,5.0,,105,+9.999 resultados,https://articulo.mercadolibre.com.ar/MLA-2066338233,Envío gratis,,,,,MLA412445,MLA-BOOKS,,CORE,CORE,,2026-09-26T20:36:02.364Z,
https://http2.mlstatic.com/D_NQ_NP_939560-MLA80412863300_112024-O.webp,ARS,28160,,,,,,,Obras Esenciales de H.P. Lovecraft Colección Platino Editorial Plutón,,,25.0,False,True,REFUGIO DEL LECTOR Tienda oficial,True,MLA21306883,MLA1642105451,MLA21306883,MLAU3314442203,MLA21306883,ORGANIC,False,False,libros de terror,5.0,,115,+9.999 resultados,https://articulo.mercadolibre.com.ar/MLA-1642105451,,ÚLTIMAS 3 | ÚLTIMAS UNIDADES,,,,MLA412445,MLA-BOOKS,,CORE,CORE,,2026-09-26T20:36:02.364Z,
https://http2.mlstatic.com/D_NQ_NP_781648-MLA52943013979_122022-O.webp,ARS,25000,,,,,,,La Temporada De Las Apariciones - Aa Vv,Mismo precio 3 cuotas de 8333,,,True,True,,False,MLA21182155,MLA1514135969,MLA21182155,MLAU3345956177,MLA21182155,ORGANIC,False,False,libros de terror,,2.0,418,+9.999 resultados,https://articulo.mercadolibre.com.ar/MLA-1514135969,Llega gratis el lunes,,,,,MLA412445,MLA-BOOKS,,CORE,CORE,,2026-09-26T20:38:48.174Z,
https://http2.mlstatic.com/D_NQ_NP_768810-MLC47436181830_092021-O.webp,ARS,11850,,,,,,,Antología De Relatos De Terror H. P. Lovecraft,,,,False,True,MIARCADE ARGENTINA Tienda oficial,True,MLA21084978,MLA1455978327,MLA21084978,MLAU2420813280,MLA21084978,ORGANIC,False,False,libros de terror,,,526,+9.999 resultados,https://articulo.mercadolibre.com.ar/MLA-1455978327,Llega el lunes,,,,,MLA412445,MLA-BOOKS,,CORE,CORE,,2026-09-26T20:40:58.965Z,
https://http2.mlstatic.com/D_NQ_NP_651409-MLU78563188962_082024-O.webp,ARS,52989,"57820,5",8% OFF,,,,,"Acercate, De Gran, Sara. Editorial La Biblioteca De Carfax En Español",6 cuotas de 11921,,50.0,True,True,MASLIBROS Tienda oficial,True,MLA30209987,MLA1961719770,MLA30209987,MLAU2819680401,MLA30209987,ORGANIC,False,False,libros de terror,4.8,14.0,458,+9.999 resultados,https://articulo.mercadolibre.com.ar/MLA-1961719770,Llega gratis mañana Enviado por FULL,ÚLTIMAS 2 | ÚLTIMAS UNIDADES,,,,MLA412445,MLA-BOOKS,,CORE,CORE,,2026-09-26T20:39:20.663Z,
https://http2.mlstatic.com/D_NQ_NP_816741-MLU79021640654_092024-O.webp,ARS,16000,,,,,,,"Terror En La Escuela, De Rik & Federico. N/a, Vol. Volumen Unico. Editorial La Brujita De Papel, Tapa Blanda, Edición 1 En Español",,,50.0,True,True,,False,MLA40777712,MLA1452981313,MLA40777712,MLAU739259061,MLA40777712,ORGANIC,False,False,libros de terror,4.9,,410,+9.999 resultados,https://articulo.mercadolibre.com.ar/MLA-1452981313,Llega gratis el lunes,,,,,MLA412445,MLA-BOOKS,,CORE,CORE,,2026-09-26T20:38:48.174Z,
https://http2.mlstatic.com/D_NQ_NP_987913-MLU79053069707_092024-O.webp,ARS,39999,,,,,,,"Pensamiento Monogamo Terror Poliamoroso - Vasallo,brigitt...",,,100.0,True,True,,False,MLA21200453,MLA3988882030,MLA21200453,MLAU5174861448,MLA21200453,ORGANIC,False,False,libros de terror,5.0,,93,+9.999 resultados,https://articulo.mercadolibre.com.ar/MLA-3988882030,Llega gratis el lunes,,,,,MLA412445,MLA-BOOKS,,CORE,CORE,,2026-09-26T20:35:45.066Z,
https://http2.mlstatic.com/D_NQ_NP_943026-MLA111537564046_062026-O.webp,ARS,25725,,,,,,,"Terrorismo Y Comunismo - Trotsky, Lev",,,,False,True,LIBRENTA Tienda oficial,True,MLA70999348,MLA1823856867,MLA70999348,MLAU3973670595,MLA70999348,ORGANIC,False,False,libros de terror,,,931,+9.999 resultados,https://articulo.mercadolibre.com.ar/MLA-1823856867,,,,,,MLA412445,MLA-BOOKS,,CORE,CORE,,2026-09-26T20:46:42.557Z,
https://http2.mlstatic.com/D_NQ_NP_897080-MLU46877220306_072021-O.webp,ARS,60789,66600,8% OFF,,,,,Lafcadio/ Lacombe Benjamin Hearn - Espiritus Y Criaturas De,Mismo precio 3 cuotas de 20263,,100.0,True,True,SBS Librerias Tienda oficial,True,MLA22153106,MLA1389826407,MLA22153106,MLAU219909685,MLA22153106,ORGANIC,False,False,libros de terror,5.0,65.0,90,+9.999 resultados,https://articulo.mercadolibre.com.ar/MLA-1389826407,Llega gratis el lunes,ÚLTIMAS 5 | ÚLTIMAS UNIDADES,,,,MLA412445,MLA-BOOKS,,CORE,CORE,,2026-09-26T20:35:45.066Z,
https://http2.mlstatic.com/D_NQ_NP_794487-MLA87138674368_072025-O.webp,ARS,38000,,,,,,,"Silêncio, De Ramsey Campbell. Editorial La Factoría De Ideas En Español",,,,True,True,,False,MLA52122314,MLA2165430508,MLA52122314,MLAU135387294,MLA52122314,ORGANIC,False,False,libros de terror,,3.0,337,+9.999 resultados,https://articulo.mercadolibre.com.ar/MLA-2165430508,Llega gratis el lunes,¡ÚLTIMA! | ÚLTIMA UNIDAD,,,,MLA412445,MLA-BOOKS,,CORE,CORE,,2026-09-26T20:38:25.365Z,
https://http2.mlstatic.com/D_NQ_NP_813080-MLU77482634109_072024-O.webp,ARS,25800,,,,,,,"Micropolitica Del Terror - Militantes De Alto Riesgo, Escuadrones: Militantes De Alto Riesgo, Escuadrones, De Manolo Vela Castañeda. Editorial Prometeo, Tapa Blanda, Edición 1 En Español, 2023",Mismo precio 3 cuotas de 8600,,,True,True,,False,MLA38026463,MLA1842645203,MLA38026463,MLAU239782782,MLA38026463,ORGANIC,False,False,libros de terror,,,989,+9.999 resultados,https://articulo.mercadolibre.com.ar/MLA-1842645203,Llega gratis el lunes,,,,,MLA412445,MLA-BOOKS,,CORE,CORE,,2026-09-26T20:47:25.171Z,
https://http2.mlstatic.com/D_NQ_NP_827165-MLA112596789327_062026-O.webp,ARS,43297,,,,,,,"Libro An Arcane Inheritance, de Kamilah Cole. Editorial Sourcebooks, tapa blanda, en inglés (2025)",,,,True,True,,False,MLA70907997,MLA1833351561,MLA70907997,MLAU3958665529,MLA70907997,ORGANIC,False,False,libros de terror,,,922,+9.999 resultados,https://articulo.mercadolibre.com.ar/MLA-1833351561,Envío gratis,,,,,MLA412445,MLA-BOOKS,,CORE,CORE,,2026-09-26T20:46:42.474Z,
https://http2.mlstatic.com/D_NQ_NP_767143-MLU75716238137_042024-O.webp,ARS,20717,,,,,,,"Vinicula, De Eguiluz Gonzalez Silvia. Editorial Con Pluma Y Pixel, Tapa Blanda En Español, 2024",,,,False,True,LIBRENTA Tienda oficial,True,MLA35644077,MLA2617132348,MLA35644077,MLAU3647740758,MLA35644077,ORGANIC,False,False,libros de terror,,,934,+9.999 resultados,https://articulo.mercadolibre.com.ar/MLA-2617132348,,,,,,MLA412445,MLA-BOOKS,,CORE,CORE,,2026-09-26T20:46:42.557Z,
https://http2.mlstatic.com/D_NQ_NP_640566-MLA49704276462_042022-O.webp,ARS,17820,,,,,,,Cuentos De Terror Contados Para Niños Y Niñas - Edgar A. Poe,,,100.0,False,True,,False,MLA22066461,MLA3881397724,MLA22066461,MLAU4981210180,MLA22066461,ORGANIC,False,False,libros de terror,4.7,,606,+9.999 resultados,https://articulo.mercadolibre.com.ar/MLA-3881397724,,,,,,MLA412445,MLA-BOOKS,,CORE,CORE,,2026-09-26T20:42:15.765Z,
https://http2.mlstatic.com/D_NQ_NP_767441-MLA53158686402_012023-O.webp,ARS,31200,,,,,,,Cuentos De Terror Para Franco Vii - Hugo Daniel Mitoire,,,,True,True,,False,MLA21197545,MLA2803262566,MLA21197545,MLAU3745225425,MLA21197545,ORGANIC,False,False,libros de terror,,,594,+9.999 resultados,https://articulo.mercadolibre.com.ar/MLA-2803262566,Llega gratis el lunes,,,,,MLA412445,MLA-BOOKS,,CORE,CORE,,2026-09-26T20:41:53.067Z,
https://http2.mlstatic.com/D_NQ_NP_641206-MLU77818835885_072024-O.webp,ARS,6950,,,,,,,El Caso De Charles Dexter Ward -H.P. Lovecraft - GRADIFCO,,,25.0,False,True,,False,MLA21229552,MLA1528744010,MLA21229552,MLAU182228814,MLA21229552,ORGANIC,False,False,libros de terror,5.0,2.0,612,+9.999 resultados,https://articulo.mercadolibre.com.ar/MLA-1528744010,Llega el lunes,ÚLTIMAS 5 | ÚLTIMAS UNIDADES,,,,MLA412445,MLA-BOOKS,,CORE,CORE,,2026-09-26T20:42:15.766Z,
https://http2.mlstatic.com/D_NQ_NP_773752-MLA109332856155_032026-O.webp,ARS,13170,,,,,,,"Libro Drácula, De Bram Stoker. Editorial Plutón, Tapa Blanda",,,25.0,False,True,EDICIONES CONTINENTE Tienda oficial,True,MLA67061526,MLA3557543660,MLA67061526,MLAU4188574476,MLA67061526,ORGANIC,False,False,libros de terror,4.8,,95,+9.999 resultados,https://articulo.mercadolibre.com.ar/MLA-3557543660,,ÚLTIMAS 5 | ÚLTIMAS UNIDADES,,,,MLA412445,MLA-BOOKS,,CORE,CORE,,2026-09-26T20:35:45.066Z,
https://http2.mlstatic.com/D_NQ_NP_634446-MLA117330239833_092026-O.webp,ARS,44750,,,,,,,La Feria De Las Tinieblas Ray Bradbury Editorial Minotauro,,,,True,,,False,MLA2070474677,MLA2070474677,,MLAU5103487247,MLAU5103487247,ORGANIC,False,False,libros de terror,,,12,+9.999 resultados,https://articulo.mercadolibre.com.ar/MLA-2070474677,Envío gratis,,,,,MLA412445,MLA-BOOKS,,CORE,CORE,,2026-09-26T20:35:20.458Z,
https://http2.mlstatic.com/D_NQ_NP_647549-MLU77447079310_072024-O.webp,ARS,71100,79000,10% OFF,,,,,"Obras Completas De Edgar Allan Poe, De Edgar Allan Poe. Editorial Del Nuevo Extremo, Tapa Blanda En Español",Mismo precio 3 cuotas de 23700,,100.0,True,True,LEOBOOKS Tienda oficial,True,MLA23571549,MLA1433738178,MLA23571549,MLAU127321441,MLA23571549,ORGANIC,False,False,libros de terror,4.8,40.0,397,+9.999 resultados,https://articulo.mercadolibre.com.ar/MLA-1433738178,Llega gratis el lunes,,,,,MLA412445,MLA-BOOKS,,CORE,CORE,,2026-09-26T20:38:48.173Z,
https://http2.mlstatic.com/D_NQ_NP_846792-MLA109376109529_032026-O.webp,ARS,26999,,,,,,,"All Of Us Are Dead 1, De Joo Dong-geun, Vol. 1. Editorial Panini España (2025)",,,,True,True,ENTELEQUIA Tienda oficial,True,MLA67088587,MLA3611229374,MLA67088587,MLAU3692334242,MLA67088587,ORGANIC,False,False,libros de terror,,,534,+9.999 resultados,https://articulo.mercadolibre.com.ar/MLA-3611229374,Llega gratis el lunes,,,,,MLA412445,MLA-BOOKS,,CORE,CORE,,2026-09-26T20:40:58.965Z,
https://http2.mlstatic.com/D_NQ_NP_931523-MLA117877610475_092026-O.webp,ARS,13990,,,,,,,Gaturro Y La Mansión Del Terror - Nico - Primera Sudamerican,,,,False,,,False,MLA3968537196,MLA3968537196,,MLAU5242541396,MLAU5242541396,ORGANIC,False,False,libros de terror,,,44,+9.999 resultados,https://articulo.mercadolibre.com.ar/MLA-3968537196,,,,,,MLA412445,MLA-BOOKS,,CORE,CORE,,2026-09-26T20:35:20.460Z,
https://http2.mlstatic.com/D_NQ_NP_628674-MLA91009721402_092025-O.webp,ARS,93000,,,,,,,"Drácula. Edición Ilustrada + Cantos Tintados: Edición Ilustrada Por Tomas Hijo, De Bram Stoker, Tomás Hijo. Drácula, Vol. 1. Editorial Minotauro, Tapa Dura, Edición 1 En Español, 2025",6 cuotas de 20923,,,True,True,LIBRENTA Tienda oficial,True,MLA54410841,MLA3373589788,MLA54410841,MLAU4003501403,MLA54410841,ORGANIC,False,False,libros de terror,,,43,+9.999 resultados,https://articulo.mercadolibre.com.ar/MLA-3373589788,Llega gratis mañana Enviado por FULL,ÚLTIMAS 5 | ÚLTIMAS UNIDADES,,,,MLA412445,MLA-BOOKS,,CORE,CORE,,2026-09-26T20:35:20.460Z,
https://http2.mlstatic.com/D_NQ_NP_737367-MLA109557431919_032026-O.webp,ARS,34017,35870,5% OFF,,,,,"Libro El Fugitivo - King, Stephen",,,25.0,True,True,EDICIONES CONTINENTE Tienda oficial,True,MLA22093937,MLA3503845878,MLA22093937,MLAU3477748234,MLA22093937,ORGANIC,False,False,libros de terror,5.0,,330,+9.999 resultados,https://articulo.mercadolibre.com.ar/MLA-3503845878,Envío gratis,OFERTA IMPERDIBLE,,,,MLA412445,MLA-BOOKS,,CORE,CORE,,2026-09-26T20:37:45.568Z,
https://http2.mlstatic.com/D_NQ_NP_821272-MLU77829641171_072024-O.webp,ARS,76500,85000,10% OFF,,,,,Vampiros - Dracula Y Otros Relatos Sangrientos (3 Libros),Mismo precio 3 cuotas de 25500,,50.0,True,True,LEOBOOKS Tienda oficial,True,MLA21181091,MLA1315727283,MLA21181091,MLAU123899870,MLA21181091,ORGANIC,False,False,libros de terror,5.0,3.0,168,+9.999 resultados,https://articulo.mercadolibre.com.ar/MLA-1315727283,Llega gratis el lunes,ÚLTIMAS 4 | ÚLTIMAS UNIDADES,,,,MLA412445,MLA-BOOKS,,CORE,CORE,,2026-09-26T20:36:29.366Z,
https://http2.mlstatic.com/D_NQ_NP_975869-MLM46927077326_072021-O.webp,ARS,28761,,,,,,,Libro El Rey De Amarillo [ Relatos Macabros Y Terroríficos ],,,,False,True,MASLIBROS Tienda oficial,True,MLA19959845,MLA1459226340,MLA19959845,MLAU140894953,MLA19959845,ORGANIC,False,False,libros de terror,,,498,+9.999 resultados,https://articulo.mercadolibre.com.ar/MLA-1459226340,,,,,,MLA412445,MLA-BOOKS,,CORE,CORE,,2026-09-26T20:40:58.960Z,
https://http2.mlstatic.com/D_NQ_NP_769772-MLA112963928097_062026-O.webp,ARS,18900,,,,,,,Libro Los Mejores Cuentos De Terror - Varios,,,,True,,,False,MLA1830147911,MLA1830147911,,MLAU4064750847,MLAU4064750847,ORGANIC,False,False,libros de terror,,,877,+9.999 resultados,https://articulo.mercadolibre.com.ar/MLA-1830147911,Llega gratis el lunes,,,,,MLA412445,MLA-BOOKS,,CORE,CORE,,2026-09-26T20:45:19.267Z,
https://http2.mlstatic.com/D_NQ_NP_905165-MLA92348396731_092025-O.webp,ARS,13498,,,,,,,"Adabana, De Non, Vol. 3. Editorial Ivrea Argentina (2025)",,,25.0,False,True,,False,MLA55944431,MLA1690855737,MLA55944431,MLAU3403278173,MLA55944431,ORGANIC,False,False,libros de terror,5.0,,598,+9.999 resultados,https://articulo.mercadolibre.com.ar/MLA-1690855737,Llega el lunes,,,,,MLA412445,MLA-BOOKS,,CORE,CORE,,2026-09-26T20:41:53.068Z,
https://http2.mlstatic.com/D_NQ_NP_817274-MLA99989666303_112025-O.webp,ARS,30990,,,,,,,"Ultra Tumba - Oyola, Leonardo",,,100.0,True,True,,False,MLA22300142,MLA2834064656,MLA22300142,MLAU3779260436,MLA22300142,ORGANIC,False,False,libros de terror,4.8,,757,+9.999 resultados,https://articulo.mercadolibre.com.ar/MLA-2834064656,Llega gratis el lunes,,,,,MLA412445,MLA-BOOKS,,CORE,CORE,,2026-09-26T20:43:22.771Z,
https://http2.mlstatic.com/D_NQ_NP_672555-CBT117936818305_092026-O.webp,ARS,78311,,,,,,,50 Historias De Terror Reales Miguel Ángel Segura (spanish),,,,True,,,False,MLA2107905063,MLA2107905063,,MLAU5216699397,MLAU5216699397,ORGANIC,False,True,libros de terror,,,101,+9.999 resultados,https://articulo.mercadolibre.com.ar/MLA-2107905063,Envío gratis,,,USA,,MLA412445,MLA-BOOKS,,CORE,CORE,,2026-09-26T20:36:02.363Z,
https://http2.mlstatic.com/D_NQ_NP_838029-MLU73543847218_122023-O.webp,ARS,12340,,,,,,,Rincones Tenebrosos - Fabian Sevilla,,,50.0,False,True,,False,MLA21217697,MLA3862740890,MLA21217697,MLAU4957383118,MLA21217697,ORGANIC,False,False,libros de terror,5.0,,427,+9.999 resultados,https://articulo.mercadolibre.com.ar/MLA-3862740890,Llega el lunes,,,,,MLA412445,MLA-BOOKS,,CORE,CORE,,2026-09-26T20:38:48.174Z,
https://http2.mlstatic.com/D_NQ_NP_644720-MLA113823850493_062026-O.webp,ARS,53887,,,,,,,Kit Stephen King - Cementerio De Animales + Carrie,6 cuotas de 12123,,,True,,LIBRENTA Tienda oficial,True,MLA1859075703,MLA1859075703,,MLAU4158662919,MLAU4158662919,ORGANIC,False,False,libros de terror,,,179,+9.999 resultados,https://articulo.mercadolibre.com.ar/MLA-1859075703,Llega gratis mañana Enviado por FULL,,,,,MLA412445,MLA-BOOKS,,CORE,CORE,,2026-09-26T20:36:29.367Z,
https://http2.mlstatic.com/D_NQ_NP_752831-MLU79142163700_092024-O.webp,ARS,25326,,,,,,,"Axel: Solo Los Muertos No Tienen Secretos, De García-rey, Luis., Vol. 1. Editorial Booket, Tapa Blanda En Español, 2024",,,,False,True,LIBRENTA Tienda oficial,True,MLA40601567,MLA1514495587,MLA40601567,MLAU3352024797,MLA40601567,ORGANIC,False,False,libros de terror,,,445,+9.999 resultados,https://articulo.mercadolibre.com.ar/MLA-1514495587,,,,,,MLA412445,MLA-BOOKS,,CORE,CORE,,2026-09-26T20:39:20.662Z,
https://http2.mlstatic.com/D_NQ_NP_863930-MLA109903306488_042026-O.webp,ARS,22500,25000,10% OFF,,,,,Terror Y Seducción (nuevo) - Jérémy Rubenstein,,,,False,True,Eterna Cadencia Tienda oficial,True,MLA68507752,MLA3379569168,MLA68507752,MLAU4009752129,MLA68507752,ORGANIC,False,False,libros de terror,,,417,+9.999 resultados,https://articulo.mercadolibre.com.ar/MLA-3379569168,,,,,,MLA412445,MLA-BOOKS,,CORE,CORE,,2026-09-26T20:38:48.174Z,
https://http2.mlstatic.com/D_NQ_NP_738470-MLA26001432598_092017-O.webp,ARS,24000,,,,,,,La Máscara Del Horror Ernesto Bayma (bolsilibros Y Cuentos),,,,False,,,False,MLA683261181,MLA683261181,,MLAU189906489,MLAU189906489,ORGANIC,False,False,libros de terror,,2.0,871,+9.999 resultados,https://articulo.mercadolibre.com.ar/MLA-683261181,,¡ÚLTIMA! | ÚLTIMA UNIDAD,,,,MLA412445,MLA-BOOKS,,CORE,CORE,,2026-09-26T20:45:19.266Z,
https://http2.mlstatic.com/D_NQ_NP_993451-MLA52684032362_122022-O.webp,ARS,32000,,,,,,,La Maldicion De Las Lagrimas - W M Cleese - Umbriel - Libro,,,25.0,True,True,NAVEBOOKS Tienda oficial,True,MLA20953898,MLA1796201387,MLA20953898,MLAU2366856664,MLA20953898,ORGANIC,False,False,libros de terror,5.0,,883,+9.999 resultados,https://articulo.mercadolibre.com.ar/MLA-1796201387,Llega gratis el lunes,,,,,MLA412445,MLA-BOOKS,,CORE,CORE,,2026-09-26T20:45:19.267Z,
